GID,CP_CD,SGG_NM,HE_SEID,CPH_NM,CPH_FULL_N,CAC_CD,APM_NO,SID_CD,SGG_CD,AREA_SZ,CREATE_DT,CREATOR_ID,UPDATE_DT,UPDATER_ID,AREA_SZ2,MIN_SCALE,MAX_SCALE,URL,centroid_longitude,centroid_latitude
582,11000007000000034,천안시,HE0000146398,천안 봉선홍경사 갈기비,천안 봉선홍경사 갈기비(국보 제7호),11,0000070000000,ADDR440000,ADD1441300,4.0,,,,,3.989024,,,,127.13471104279941,36.94315442855689
558,12000943000000036,보성군,HE0000148959,보성 우천리 삼층석탑,보성 우천리 삼층석탑(보물 제943호),12,0009430000000,ADDR460000,ADD1467800,5.47,,,,,5.459459,,,,127.2303714054712,34.799951569020166
493,15000055000000035,무주군,HE0000149213,무주구천동 일사대 일원,무주구천동 일사대 일원(명승 제55호),15,0000550000000,ADDR520000,ADD1527300,51566.84,,,,,51524.21195,,,,127.76669481405831,35.95913102407631
494,15000056000000035,무주군,HE0000149212,무주구천동 파회·수심대 일원,무주구천동 파회·수심대 일원(명승 제56호),15,0000560000000,ADDR520000,ADD1527300,53250.16,,,,,53202.447891,,,,127.7543639643298,35.930058363163745
434,12001569000000034,논산시,HE0000146492,논산 돈암서원 응도당,논산 돈암서원 응도당(보물 제1569호),12,0015690000000,ADDR440000,ADD1442300,211.63,,,,,211.435497,,,,127.18087281909487,36.208845663331076
435,12000383000000011,종로구,HE0000145689,창덕궁 돈화문,창덕궁 돈화문(보물 제383호),12,0003830000000,ADDR110000,ADD1111100,465.5,,,,,465.566774,,,,126.9899723598746,37.57787354317527
1664,15000086000000038,함양군,HE0000148339,함양 화림동 거연정 일원,함양 화림동 거연정 일원(명승 제86호),15,0000860000000,ADDR480000,ADD1488700,20047.76,,,,,20047.758448,,,,127.73731467799956,35.62690696783229
438,13000192000000021,동래구,HE0000147473,부산 동래 패총,부산 동래 패총(사적 제192호),13,0001920000000,ADDR260000,ADD1262600,1391.98,,,,,1390.353447,,,,129.08881530661063,35.19729892758381
439,13000266000000021,영도구,HE0000147527,부산 동삼동 패총,부산 동삼동 패총(사적 제266호),13,0002660000000,ADDR260000,ADD1262000,7855.24,,,,,7845.507804,,,,129.07988628719843,35.07040210936487
440,15000037000000032,동해시,HE0000143863,동해 무릉계곡,동해 무릉계곡(명승 제37호),15,0000370000000,ADDR510000,ADD1511700,1740109.2,,,,,1738100.248494,,,,129.00240532182755,37.4567384901126
441,12001277000000032,동해시,HE0000148903,동해 삼화사 삼층석탑,동해 삼화사 삼층석탑(보물 제1277호),12,0012770000000,ADDR510000,ADD1511700,3.91,,,,,3.916863,,,,129.01450165189425,37.4635725992366
1665,15000089000000036,화순군,HE0000148340,화순 임대정 원림,화순 임대정 원림(명승 제89호),15,0000890000000,ADDR460000,ADD1467900,11085.51,,,,,11085.512273,,,,127.09514875146706,34.9997207641686
394,12001563000000022,동구,HE0000146479,대구 동화사 대웅전,대구 동화사 대웅전(보물 제1563호),12,0015630000000,ADDR270000,ADD1271400,258.25,,,,,257.691712,,,,128.70362542192225,35.993455114084625
395,13000262000000022,동구,HE0000147523,대구 불로동 고분군,대구 불로동 고분군(사적 제262호),13,0002620000000,ADDR270000,ADD1271400,312676.78,,,,,312331.040764,,,,128.6474111862992,35.91363979819547
468,13000258000000011,중구,HE0000148699,서울 명동성당,서울 명동성당(사적 제258호),13,0002580000000,ADDR110000,ADD1111400,1667.67,,,,,1666.817077,,,,126.98729721282722,37.56324117641505
1896,12001902000000050,제주특별자치도,,제주향교 대성전,제주향교 대성전(보물 제1902호),12,0019020000000,ADDR500000,ADD1501100,8428.0,,,,,,,,,126.51560114622764,33.51153459165244
357,18000190000000034,논산시,HE0000147688,논산 명재고택,논산 명재고택(국가민속문화유산 제190호),18,0001900000000,ADDR440000,ADD1442300,7998.72,,,,,7992.144927,,,,127.13150242726006,36.28194111882637
358,12001307000000036,고흥군,HE0000146039,고흥 능가사 대웅전,고흥 능가사 대웅전(보물 제1307호),12,0013070000000,ADDR460000,ADD1467700,427.06,,,,,426.975063,,,,127.41409479128788,34.63880113445221
359,11000199000000037,경주시,HE0000145600,경주 단석산 신선사 마애불상군,경주 단석산 신선사 마애불상군(국보 제199호),11,0001990000000,ADDR470000,ADD1471300,124.21,,,,,124.062053,,,,129.08195149262906,35.79682611572606
444,12000247000000022,동구,HE0000148362,대구 동화사 비로암 삼층석탑,대구 동화사 비로암 삼층석탑(보물 제247호),12,0002470000000,ADDR270000,ADD1271400,5.47,,,,,5.498816,,,,128.7021437675165,35.99210757825621
445,12000244000000022,동구,HE0000148359,대구 동화사 비로암 석조비로자나불좌상,대구 동화사 비로암 석조비로자나불좌상(보물 제244호),12,0002440000000,ADDR270000,ADD1271400,1.2,,,,,1.225699,,,,128.7021453322734,35.992267614912706
446,12000831000000036,순천시,HE0000148479,순천 동화사 삼층석탑,순천 동화사 삼층석탑(보물 제831호),12,0008310000000,ADDR460000,ADD1461500,4.41,,,,,4.439747,,,,127.39474907472837,34.8731015972274
447,12000243000000022,동구,HE0000148358,대구 동화사 마애여래좌상,대구 동화사 마애여래좌상(보물 제243호),12,0002430000000,ADDR270000,ADD1271400,148.63,,,,,148.241269,,,,128.7011359191074,35.9856658623244
448,15000066000000036,해남군,HE0000151702,두륜산 대흥사 일원,두륜산 대흥사 일원(명승 제66호),15,0000660000000,ADDR460000,ADD1468200,8708653.0,,,,,8672127.181129,,,,126.6182677850969,34.48162725967158
454,13000240000000038,창원시,HE0000149104,창원 성산 패총,창원 성산 패총(사적 제240호),13,0002400000000,ADDR480000,ADD1481100,54262.5,,,,,54201.736061,,,,128.67955231827173,35.208234340958214
411,12000320000000036,해남군,HE0000148204,해남 대흥사 삼층석탑,해남 대흥사 삼층석탑(보물 제320호),12,0003200000000,ADDR460000,ADD1468200,18.33,,,,,18.288104,,,,126.61716363463717,34.47725432275604
414,12000819000000011,중구,HE0000149139,덕수궁 중화전 및 중화문,덕수궁 중화전 및 중화문(보물 제819호),12,0008190000000,ADDR110000,ADD1111400,1915.86,,,,,1914.400691,,,,126.97474030648624,37.56545532472084
415,12000820000000011,중구,HE0000149140,덕수궁 함녕전,덕수궁 함녕전(보물 제820호),12,0008200000000,ADDR110000,ADD1111400,568.67,,,,,567.982937,,,,126.97589386334603,37.56594983386652
424,12000350000000022,달성군,HE0000145469,달성 도동서원 중정당·사당·담장,달성 도동서원 중정당·사당·담장(보물 제350호),12,0003500000000,ADDR270000,ADD1277100,95.38,,,,,95.031226,,,,128.3703544738971,35.70146326441292
427,12000211000000037,안동시,HE0000147971,안동 도산서원 상덕사 및 삼문,안동 도산서원 상덕사 및 삼문(보물 제211호),12,0002110000000,ADDR470000,ADD1471700,138.98,,,,,138.82599,,,,128.8436563651902,36.72750278464137
500,12001574000000037,문경시,HE0000149222,문경 봉암사 극락전,문경 봉암사 극락전(보물 제1574호),12,0015740000000,ADDR470000,ADD1472800,72.31,,,,,72.201949,,,,128.00638752595623,36.7002566416804
416,12000406000000033,제천시,HE0000145545,제천 덕주사 마애여래입상,제천 덕주사 마애여래입상(보물 제406호),12,0004060000000,ADDR430000,ADD1431500,6.9,,,,,6.888256,,,,128.10490632800784,36.86982901289598
418,13000292000000031,김포시,HE0000148167,김포 덕포진,김포 덕포진(사적 제292호),13,0002920000000,ADDR410000,ADD1415700,49219.38,,,,,49185.993057,,,,126.53442396838788,37.652663667783216
419,12001395000000036,영암군,HE0000145240,영암 도갑사 도선국사·수미선사비,영암 도갑사 도선국사·수미선사비(보물 제1395호),12,0013950000000,ADDR460000,ADD1468300,8.33,,,,,8.302245,,,,126.66530858111284,34.75448723335851
338,18000020000000035,남원시,HE0000148802,남원 서천리 당산,남원 서천리 당산(국가민속문화유산 제20호),18,0000200000000,ADDR520000,ADD1521900,0.19,,,,,0.187337,,,,127.52925486085206,35.44120341948728
340,12000423000000035,남원시,HE0000146126,남원 신계리 마애여래좌상,남원 신계리 마애여래좌상(보물 제423호),12,0004230000000,ADDR520000,ADD1521900,5.4,,,,,5.387899,,,,127.30192499799739,35.43454034295495
341,18000015000000035,남원시,HE0000148868,남원 실상사 석장승,남원 실상사 석장승(국가민속문화유산 제15호),18,0000150000000,ADDR520000,ADD1521900,3.01,,,,,3.005867,,,,127.63762669576815,35.41749307617166
343,13000480000000031,광주시,HE0000142612,남한산성 행궁,남한산성 행궁(사적 제480호),13,0004800000000,ADDR410000,ADD1416100,19273.7,,,,,19258.875591,,,,127.18160170883775,37.47877966068475
344,16000499000000038,남해군,HE0000146697,남해 가인리 화석산지,남해 가인리 화석산지(천연기념물 제499호),16,0004990000000,ADDR480000,ADD1488400,12858.2,,,,,12845.662452,,,,128.05142232380635,34.885262705249275
345,15000015000000038,남해군,HE0000145033,남해 가천마을 다랑이 논,남해 가천마을 다랑이 논(명승 제15호),15,0000150000000,ADDR480000,ADD1488400,225211.2,,,,,224998.87241,,,,127.89351980455194,34.729435421173875
346,15000039000000038,남해군,HE0000146482,남해 금산,남해 금산(명승 제39호),15,0000390000000,ADDR480000,ADD1488400,556720.9,,,,,556177.205863,,,,127.98197479212487,34.75453143876982
360,12000371000000038,진주시,HE0000146462,산청 사월리 석조여래좌상,산청 사월리 석조여래좌상(보물 제371호),12,0003710000000,ADDR480000,ADD1481700,85.16,,,,,85.078832,,,,128.08332144803936,35.17503210301836
361,12000072000000038,산청군,HE0000146443,산청 단속사지 동 삼층석탑,산청 단속사지 동 삼층석탑(보물 제72호),12,0000720000000,ADDR480000,ADD1488600,25.94,,,,,25.979865,,,,127.89985529353244,35.32122565703199
362,12000073000000038,산청군,HE0000146444,산청 단속사지 서 삼층석탑,산청 단속사지 서 삼층석탑(보물 제73호),12,0000730000000,ADDR480000,ADD1488600,27.44,,,,,27.428694,,,,127.8995885213875,35.321222160724645
364,15000046000000033,단양군,HE0000146519,단양 구담봉,단양 구담봉(명승 제46호),15,0000460000000,ADDR430000,ADD1438000,159697.11,,,,,159539.774329,,,,128.24919511204303,36.93606584027002
396,13000411000000022,달서구,HE0000148865,대구 진천동 입석,대구 진천동 입석(사적 제411호),13,0004110000000,ADDR270000,ADD1272900,3960.95,,,,,3955.917652,,,,128.52201617057122,35.80998752615983
397,13000355000000025,대덕구,HE0000148747,대전 계족산성,대전 계족산성(사적 제355호),13,0003550000000,ADDR300000,ADD1302300,86180.06,,,,,86106.591093,,,,127.45423879685828,36.394178261353126
398,12000834000000037,청도군,HE0000148482,청도 대비사 대웅전,청도 대비사 대웅전(보물 제834호),12,0008340000000,ADDR470000,ADD1478200,173.13,,,,,172.976251,,,,128.93610608118172,35.65639697354551
399,12000275000000036,곡성군,HE0000146900,곡성 태안사 광자대사탑비,곡성 태안사 광자대사탑비(보물 제275호),12,0002750000000,ADDR460000,ADD1467200,2.34,,,,,2.322512,,,,127.3869356937071,35.13109479051533
400,12000274000000036,곡성군,HE0000146899,곡성 태안사 광자대사탑,곡성 태안사 광자대사탑(보물 제274호),12,0002740000000,ADDR460000,ADD1467200,2.32,,,,,2.317024,,,,127.38693556056835,35.13116273658451
402,16000246000000032,양구군,HE0000148820,대암산·대우산 천연보호구역,대암산·대우산 천연보호구역(천연기념물 제246호),16,0002460000000,ADDR510000,ADD1518000,44117856.0,,,,,44074674.106383,,,,128.109421439676,38.241178767504984
403,12000003000000011,종로구,HE0000145812,서울 원각사지 대원각사비,서울 원각사지 대원각사비(보물 제3호),12,0000030000000,ADDR110000,ADD1111100,8.45,,,,,8.427377,,,,126.98863455723688,37.57106968361216
404,12001112000000038,산청군,HE0000148940,산청 대원사 다층석탑,산청 대원사 다층석탑(보물 제1112호),12,0011120000000,ADDR480000,ADD1488600,2.89,,,,,2.902588,,,,127.80673604974055,35.35607293024108
405,12000836000000037,청도군,HE0000148803,청도 대적사 극락전,청도 대적사 극락전(보물 제836호),12,0008360000000,ADDR470000,ADD1478200,87.75,,,,,87.731876,,,,128.71954018493108,35.71594145322908
406,12000217000000034,부여군,HE0000148532,부여 대조사 석조미륵보살입상,부여 대조사 석조미륵보살입상(보물 제217호),12,0002170000000,ADDR440000,ADD1447600,12.02,,,,,11.955207,,,,126.90039081278631,36.19100210923993
407,13000248000000011,종로구,HE0000147071,서울 대한의원,서울 대한의원(사적 제248호),13,0002480000000,ADDR110000,ADD1111100,5088.0,,,,,5084.091941,,,,126.99902237389497,37.57851085382519
408,11000308000000036,해남군,HE0000144770,해남 대흥사 북미륵암 마애여래좌상,해남 대흥사 북미륵암 마애여래좌상(국보 제308호),11,0003080000000,ADDR460000,ADD1468200,79.98,,,,,79.994763,,,,126.63115441590439,34.47483774906248
409,12000301000000036,해남군,HE0000146893,해남 대흥사 북미륵암 삼층석탑,해남 대흥사 북미륵암 삼층석탑(보물 제301호),12,0003010000000,ADDR460000,ADD1468200,4.88,,,,,4.896377,,,,126.63090003824206,34.47482770496706
366,15000044000000033,단양군,HE0000146517,단양 도담삼봉,단양 도담삼봉(명승 제44호),15,0000440000000,ADDR430000,ADD1438000,82998.45,,,,,82916.868227,,,,128.34389344409254,37.000652134549426
367,15000047000000033,단양군,HE0000146520,단양 사인암,단양 사인암(명승 제47호),15,0000470000000,ADDR430000,ADD1438000,5458.28,,,,,5452.795839,,,,128.34052911362178,36.89462477082108
369,13000398000000033,단양군,HE0000148783,단양 수양개 유적,단양 수양개 유적(사적 제398호),13,0003980000000,ADDR430000,ADD1438000,212131.86,,,,,211918.17665,,,,128.32711981406882,36.95650452738908
370,11000198000000033,단양군,HE0000145599,단양 신라 적성비,단양 신라 적성비(국보 제198호),11,0001980000000,ADDR430000,ADD1438000,0.88,,,,,0.923859,,,,128.32102430384762,36.944434273285765
372,16000261000000033,단양군,HE0000147376,단양 온달동굴,단양 온달동굴(천연기념물 제261호),16,0002610000000,ADDR430000,ADD1438000,307472.8,,,,,307155.240558,,,,128.49143147154976,37.060724569435564
373,13000264000000033,단양군,HE0000147525,단양 온달산성,단양 온달산성(사적 제264호),13,0002640000000,ADDR430000,ADD1438000,31650.3,,,,,31618.469816,,,,128.4848859402629,37.057760266397324
374,13000265000000033,단양군,HE0000147526,단양 적성,단양 적성(사적 제265호),13,0002650000000,ADDR430000,ADD1438000,64754.13,,,,,64689.352553,,,,128.32184598786597,36.944441634044246
375,18000145000000033,단양군,HE0000144868,단양 조덕수 고택,단양 조덕수 고택(국가민속문화유산 제145호),18,0001450000000,ADDR430000,ADD1438000,1370.08,,,,,1368.698597,,,,128.38373901078003,37.0033701992508
378,18000104000000022,달성군,HE0000144012,달성 삼가헌 고택,달성 삼가헌 고택(국가민속문화유산 제104호),18,0001040000000,ADDR270000,ADD1277100,2449.2,,,,,2446.525543,,,,128.41325518971198,35.90716553851327
381,15000057000000036,담양군,HE0000149218,담양 식영정 일원,담양 식영정 일원(명승 제57호),15,0000570000000,ADDR460000,ADD1467100,28045.89,,,,,28024.157598,,,,127.00231298851364,35.188646207870704
383,13000353000000036,담양군,HE0000148745,담양 금성산성,담양 금성산성(사적 제353호),13,0003530000000,ADDR460000,ADD1467100,1385001.1,,,,,1383935.514767,,,,127.03150774252678,35.38492201365772
665,12000094000000033,제천시,HE0000145180,제천 사자빈신사지 사사자 구층석탑,제천 사자빈신사지 사사자 구층석탑(보물 제94호),12,0000940000000,ADDR430000,ADD1431500,3.03,,,,,3.004387,,,,128.083273215497,36.85732829149606
666,13000450000000038,사천시,HE0000145360,사천 늑도 유적,사천 늑도 유적(사적 제450호),13,0004500000000,ADDR480000,ADD1482400,161031.75,,,,,160875.269193,,,,128.0370804783394,34.92311284469089
667,12000614000000038,사천시,HE0000147995,사천 흥사리 매향비,사천 흥사리 매향비(보물 제614호),12,0006140000000,ADDR480000,ADD1482400,1.67,,,,,1.642697,,,,128.01494896303583,35.086585001808174
1768,13000017000000037,경상북도,,경주 남고루,경주 남고루(사적 제17호),13,0000170000000,ADDR470000,ADD1471300,50134.0,,,,,,,,,129.2196091522259,35.840028827120136
670,12001114000000038,산청군,HE0000148942,산청 대포리 삼층석탑,산청 대포리 삼층석탑(보물 제1114호),12,0011140000000,ADDR480000,ADD1488600,16.63,,,,,16.619878,,,,127.80595963437122,35.29452737030602
673,18000009000000038,통영시,HE0000147486,삼덕리 마을제당,삼덕리 마을제당(국가민속문화유산 제9호),18,0000090000000,ADDR480000,ADD1482200,40.93,,,,,40.889208,,,,128.38325392817373,34.79925491493481
674,13000130000000023,강화군,HE0000147547,강화 삼랑성,강화 삼랑성(사적 제130호),13,0001300000000,ADDR280000,ADD1287100,17130.41,,,,,17118.928331,,,,126.48480169583455,37.63287554918427
675,13000134000000050,제주시,HE0000147551,제주 삼성혈,제주 삼성혈(사적 제134호),13,0001340000000,ADDR500000,ADD1501100,23430.3,,,,,23414.527127,,,,126.52875007954997,33.5043357380934
676,13000101000000011,송파구,HE0000148626,서울 삼전도비,서울 삼전도비(사적 제101호),13,0001010000000,ADDR110000,ADD1117100,159.38,,,,,159.192655,,,,127.10163090179887,37.510525895661836
1762,12001770000000011,서울특별시,,창덕궁 연경당,창덕궁 연경당(보물 제1770호),12,0017700000000,ADDR110000,ADD1111100,282.0,,,,,,,,,126.99235894066368,37.583300493921755
1833,13000363000000031,경기도,,남양주 광해군묘,남양주 광해군묘(사적 제363호),13,0003630000000,ADDR410000,ADD1413600,59168.0,,,,,,,,,127.2058202314197,37.65747468549566
677,18000223000000032,삼척시,HE0000143665,삼척 대이리 굴피집,삼척 대이리 굴피집(국가민속문화유산 제223호),18,0002230000000,ADDR510000,ADD1512300,634.89,,,,,634.120514,,,,129.0144984237081,37.32380082320072
678,18000221000000032,삼척시,HE0000143663,삼척 대이리 너와집,삼척 대이리 너와집(국가민속문화유산 제221호),18,0002210000000,ADDR510000,ADD1512300,621.25,,,,,620.405468,,,,129.0140454171737,37.32394787254013
680,18000222000000032,삼척시,HE0000143664,삼척 대이리 통방아,삼척 대이리 통방아(국가민속문화유산 제222호),18,0002220000000,ADDR510000,ADD1512300,17.83,,,,,17.777787,,,,129.01531530800165,37.32369706770179
681,13000421000000032,삼척시,HE0000147281,삼척 두타산 이승휴 유적,삼척 두타산 이승휴 유적(사적 제421호),13,0004210000000,ADDR510000,ADD1512300,34439.14,,,,,34393.823484,,,,129.04356347962818,37.44425230160901
682,18000033000000032,삼척시,HE0000148955,삼척 신리 너와집과 민속유물,삼척 신리 너와집과 민속유물(국가민속문화유산 제33호),18,0000330000000,ADDR510000,ADD1512300,1766.1,,,,,1764.022163,,,,129.1339949759366,37.19181226221289
692,16000069000000037,상주시,HE0000149195,상주 운평리 구상화강암,상주 운평리 구상화강암(천연기념물 제69호),16,0000690000000,ADDR470000,ADD1472500,13933.94,,,,,13923.002108,,,,128.20700701364274,36.3819342025793
685,16000226000000032,삼척시,HE0000148469,삼척 초당굴,삼척 초당굴(천연기념물 제226호),16,0002260000000,ADDR510000,ADD1512300,85549.06,,,,,85451.141329,,,,129.18461866782002,37.38247616730364
686,12000657000000011,은평구,HE0000148084,서울 삼천사지 마애여래입상,서울 삼천사지 마애여래입상(보물 제657호),12,0006570000000,ADDR110000,ADD1113800,102.97,,,,,102.928849,,,,126.95282644285614,37.6424599952535
707,12000141000000011,종로구,HE0000148236,서울 문묘 및 성균관<대성전·동무·서무·삼문·명륜당>,서울 문묘 및 성균관<대성전·동무·서무·삼문·명륜당>(보물 제141호),12,0001410000000,ADDR110000,ADD1111100,2599.0,,,,,2597.005961,,,,126.99598537165633,37.58556024460835
1783,12001575000000037,경상북도,,성주향교 대성전 및 명륜당,성주향교 대성전 및 명륜당(보물 제1575호),12,0015750000000,ADDR470000,ADD1478400,17283.0,,,,,,,,,128.2903855958397,35.927079111846844
757,16000420000000050,서귀포시,HE0000148523,성산일출봉 천연보호구역,성산일출봉 천연보호구역(천연기념물 제420호),16,0004200000000,ADDR500000,ADD1501300,5018749.5,,,,,5015025.772513,,,,126.93944001850619,33.460994848722464
758,18000072000000050,서귀포시,HE0000148958,제주 성읍마을 대장간집,제주 성읍마을 대장간집(국가민속문화유산 제72호),18,0000720000000,ADDR500000,ADD1501300,241.13,,,,,240.999318,,,,126.80188390085716,33.38625199737204
759,18000069000000050,서귀포시,HE0000144414,제주 성읍마을 고평오 고택,제주 성읍마을 고평오 고택(국가민속문화유산 제69호),18,0000690000000,ADDR500000,ADD1501300,1145.0,,,,,1144.350493,,,,126.80174498776225,33.38594055497556
760,18000188000000050,서귀포시,HE0000144415,제주 성읍마을,제주 성읍마을(국가민속문화유산 제188호),18,0001880000000,ADDR500000,ADD1501300,798636.9,,,,,798067.150875,,,,126.79948841647446,33.38799955675757
761,18000070000000050,서귀포시,HE0000148956,제주 성읍마을 고창환 고택,제주 성읍마을 고창환 고택(국가민속문화유산 제70호),18,0000700000000,ADDR500000,ADD1501300,791.78,,,,,791.024728,,,,126.80009756041578,33.38728037338556
697,18000199000000034,서산시,HE0000146999,서산 경주김씨 고택,서산 경주김씨 고택(국가민속문화유산 제199호),18,0001990000000,ADDR440000,ADD1442100,1539.84,,,,,1538.876768,,,,126.51921967528831,36.74109593267845
713,11000001000000011,중구,HE0000145810,서울 숭례문,서울 숭례문(국보 제1호),11,0000010000000,ADDR110000,ADD1111400,832.9,,,,,832.26863,,,,126.97530241422918,37.559982353677846
727,13000369000000023,강화군,HE0000148538,강화 석릉,강화 석릉(사적 제369호),13,0003690000000,ADDR280000,ADD1287100,767.0,,,,,766.809172,,,,126.45376901079806,37.667203842807254
688,13000477000000037,상주시,HE0000142609,상주 복룡동 유적,상주 복룡동 유적(사적 제477호),13,0004770000000,ADDR470000,ADD1472500,59846.35,,,,,59786.806876,,,,128.1701402113649,36.41901217448954
689,12000119000000037,상주시,HE0000145965,상주 복용동 석조여래좌상,상주 복용동 석조여래좌상(보물 제119호),12,0001190000000,ADDR470000,ADD1472500,1.45,,,,,1.459486,,,,128.16203829893934,36.41693419308178
690,12000683000000037,상주시,HE0000145479,상주 상오리 칠층석탑,상주 상오리 칠층석탑(보물 제683호),12,0006830000000,ADDR470000,ADD1472500,16.25,,,,,16.158592,,,,127.90209036488385,36.537663540613174
693,12000118000000037,상주시,HE0000146622,상주 증촌리 석조여래입상,상주 증촌리 석조여래입상(보물 제118호),12,0001180000000,ADDR470000,ADD1472500,0.4,,,,,0.405358,,,,128.17156113899495,36.56813927839386
694,12000120000000037,상주시,HE0000145966,상주 증촌리 석조여래좌상,상주 증촌리 석조여래좌상(보물 제120호),12,0001200000000,ADDR470000,ADD1472500,2.36,,,,,2.348248,,,,128.17156654199286,36.56815289810192
695,12000117000000037,상주시,HE0000146621,상주 화달리 삼층석탑,상주 화달리 삼층석탑(보물 제117호),12,0001170000000,ADDR470000,ADD1472500,16.09,,,,,16.120497,,,,128.22319291898927,36.444784045441104
696,12000009000000031,용인시,HE0000146132,용인 서봉사지 현오국사탑비,용인 서봉사지 현오국사탑비(보물 제9호),12,0000090000000,ADDR410000,ADD1414600,0.82,,,,,0.826995,,,,127.03875798286161,37.337786839937706
384,15000040000000036,담양군,HE0000146483,담양 소쇄원,담양 소쇄원(명승 제40호),15,0000400000000,ADDR460000,ADD1467100,4382.38,,,,,4379.535183,,,,127.01223655183463,35.18410740328469
385,12000505000000036,담양군,HE0000145775,담양 객사리 석당간,담양 객사리 석당간(보물 제505호),12,0005050000000,ADDR460000,ADD1467100,2.61,,,,,2.612028,,,,126.99236985279248,35.32060175862844
386,12000506000000036,담양군,HE0000145776,담양 남산리 오층석탑,담양 남산리 오층석탑(보물 제506호),12,0005060000000,ADDR460000,ADD1467100,10.75,,,,,10.721831,,,,126.99179906955392,35.319920477854865
43,12000292000000035,부안군,HE0000148293,부안 개암사 대웅전,부안 개암사 대웅전(보물 제292호),12,0002920000000,ADDR520000,ADD1528000,267.38,,,,,267.192901,,,,126.64982052182494,35.66282275505382
556,16000418000000036,보성군,HE0000148521,보성 비봉리 공룡알 화석산지,보성 비봉리 공룡알 화석산지(천연기념물 제418호),16,0004180000000,ADDR460000,ADD1467800,250304.77,,,,,250105.086111,,,,127.18692501170354,34.69856012652281
557,18000162000000036,보성군,HE0000148044,보성 열화정,보성 열화정(국가민속문화유산 제162호),18,0001620000000,ADDR460000,ADD1467800,2051.36,,,,,2049.679334,,,,127.18795289933705,34.763832578346076
559,12000944000000036,보성군,HE0000147262,보성 유신리 마애여래좌상,보성 유신리 마애여래좌상(보물 제944호),12,0009440000000,ADDR460000,ADD1467800,116.0,,,,,115.788338,,,,127.23024790296462,34.86903760974873
561,18000158000000036,보성군,HE0000148041,보성 이승래 고택,보성 이승래 고택(국가민속문화유산 제158호),18,0001580000000,ADDR460000,ADD1467800,5213.56,,,,,5209.454078,,,,127.0338211532145,34.74155195525674
562,18000160000000036,보성군,HE0000148043,보성 이준회 고택,보성 이준회 고택(국가민속문화유산 제160호),18,0001600000000,ADDR460000,ADD1467800,1735.09,,,,,1733.670142,,,,127.18643162074655,34.76316564360935
563,18000163000000036,보성군,HE0000148045,보성 이용우 고택,보성 이용우 고택(국가민속문화유산 제163호),18,0001630000000,ADDR460000,ADD1467800,2241.96,,,,,2240.277019,,,,127.03293446832929,34.74094118420869
564,18000159000000036,보성군,HE0000148042,보성 이진래 고택,보성 이진래 고택(국가민속문화유산 제159호),18,0001590000000,ADDR460000,ADD1467800,2338.45,,,,,2336.240742,,,,127.18667174224329,34.76294747520808
566,12000105000000034,서산시,HE0000145969,서산 보원사지 법인국사탑,서산 보원사지 법인국사탑(보물 제105호),12,0001050000000,ADDR440000,ADD1442100,4.47,,,,,4.4708,,,,126.6007641601902,36.76124475630091
567,12000106000000034,서산시,HE0000146149,서산 보원사지 법인국사탑비,서산 보원사지 법인국사탑비(보물 제106호),12,0001060000000,ADDR440000,ADD1442100,6.03,,,,,6.026857,,,,126.60081960878071,36.76116178787963
568,12000103000000034,서산시,HE0000146438,서산 보원사지 당간지주,서산 보원사지 당간지주(보물 제103호),12,0001030000000,ADDR440000,ADD1442100,5.03,,,,,4.969722,,,,126.60249514221154,36.76167191507576
570,12000104000000034,서산시,HE0000146439,서산 보원사지 오층석탑,서산 보원사지 오층석탑(보물 제104호),12,0001040000000,ADDR440000,ADD1442100,12.81,,,,,12.878341,,,,126.60137122816747,36.76153630748087
628,18000192000000034,부여군,HE0000147360,부여 여흥민씨 고택,부여 여흥민씨 고택(국가민속문화유산 제192호),18,0001920000000,ADDR440000,ADD1447600,3220.76,,,,,3218.680318,,,,126.92289805595344,36.26584193343923
630,13000089000000034,부여군,HE0000147243,부여 석성산성,부여 석성산성(사적 제89호),13,0000890000000,ADDR440000,ADD1447600,210513.6,,,,,210353.175481,,,,126.97873595982192,36.23875787573682
597,15000023000000037,봉화군,HE0000144010,봉화 청량산,봉화 청량산(명승 제23호),15,0000230000000,ADDR470000,ADD1479200,4082314.2,,,,,4077673.358366,,,,128.9113998434443,36.78500901618845
634,12000184000000034,부여군,HE0000147892,부여 장하리 삼층석탑,부여 장하리 삼층석탑(보물 제184호),12,0001840000000,ADDR440000,ADD1447600,6.11,,,,,6.124775,,,,126.9470230539603,36.23533530169268
635,18000193000000034,부여군,HE0000147361,부여 군수리 고택,부여 군수리 고택(국가민속문화유산 제193호),18,0001930000000,ADDR440000,ADD1447600,854.13,,,,,853.031897,,,,126.90637272056173,36.26397433370693
636,13000301000000034,부여군,HE0000148259,부여 정림사지,부여 정림사지(사적 제301호),13,0003010000000,ADDR440000,ADD1447600,39180.17,,,,,39152.349081,,,,126.91367447007582,36.27977338495586
637,12000108000000034,부여군,HE0000146151,부여 정림사지 석조여래좌상,부여 정림사지 석조여래좌상(보물 제108호),12,0001080000000,ADDR440000,ADD1447600,5.84,,,,,5.838896,,,,126.91334240916319,36.27982181905446
638,11000009000000034,부여군,HE0000146400,부여 정림사지 오층석탑,부여 정림사지 오층석탑(국보 제9호),11,0000090000000,ADDR440000,ADD1447600,23.22,,,,,23.141145,,,,126.91336893141384,36.27929318725084
640,13000034000000034,부여군,HE0000147414,부여 청마산성,부여 청마산성(사적 제34호),13,0000340000000,ADDR440000,ADD1447600,2238875.8,,,,,2237180.624663,,,,126.96164479603625,36.28589691057014
595,12000052000000037,봉화군,HE0000144956,봉화 서동리 동·서 삼층석탑,봉화 서동리 동·서 삼층석탑(보물 제52호),12,0000520000000,ADDR470000,ADD1479200,15.43,,,,,15.413592,,,,128.91490711884066,36.947292457820815
596,18000247000000037,봉화군,HE0000143897,봉화 설매리 3겹 까치구멍집,봉화 설매리 3겹 까치구멍집(국가민속문화유산 제247호),18,0002470000000,ADDR470000,ADD1479200,365.51,,,,,365.012176,,,,128.72843630785525,36.82929899636759
598,12000995000000037,봉화군,HE0000147267,봉화 축서사 석조비로자나불좌상 및 목조광배,봉화 축서사 석조비로자나불좌상 및 목조광배(보물 제995호),12,0009950000000,ADDR470000,ADD1479200,6.31,,,,,6.374717,,,,128.80047354157077,36.981255749866705
698,11000084000000034,서산시,HE0000149172,서산 용현리 마애여래삼존상,서산 용현리 마애여래삼존상(국보 제84호),11,0000840000000,ADDR440000,ADD1442100,28.13,,,,,28.137588,,,,126.60521766510755,36.773815310220975
701,13000200000000031,고양시,HE0000147272,고양 서삼릉,고양 서삼릉(사적 제200호),13,0002000000000,ADDR410000,ADD1412800,1350396.6,,,,,1349392.990064,,,,126.86514328528591,37.66415042553409
702,13000142000000037,경주시,HE0000148647,경주 서악동 고분군,경주 서악동 고분군(사적 제142호),13,0001420000000,ADDR470000,ADD1471300,36967.56,,,,,36922.475556,,,,129.18508683356708,35.82551543148871
691,12001568000000037,상주시,HE0000146491,상주 양진당,상주 양진당(보물 제1568호),12,0015680000000,ADDR470000,ADD1472500,425.28,,,,,425.08677,,,,128.22903797707406,36.36411969613286
662,12000224000000034,서천군,HE0000149079,서천 성북리 오층석탑,서천 성북리 오층석탑(보물 제224호),12,0002240000000,ADDR440000,ADD1447700,6.16,,,,,6.076406,,,,126.59863455771664,36.14738899043522
663,13000247000000011,관악구,HE0000147070,서울 남현동 요지,서울 남현동 요지(사적 제247호),13,0002470000000,ADDR110000,ADD1116200,2000.19,,,,,1998.93298,,,,126.97971462851015,37.474911255584075
93,11000312000000037,경주시,HE0000148337,경주 남산 칠불암 마애불상군,경주 남산 칠불암 마애불상군(국보 제312호),11,0003120000000,ADDR470000,ADD1471300,20.0,,,,,19.974827,,,,129.23535582927798,35.77146365761821
94,12000201000000037,경주시,HE0000148338,경주 남산 탑곡 마애불상군,경주 남산 탑곡 마애불상군(보물 제201호),12,0002010000000,ADDR470000,ADD1471300,83.16,,,,,83.057418,,,,129.23279596038154,35.81465157347728
1855,13000531000000035,전라북도,,고창 봉덕리 고분군,고창 봉덕리 고분군(사적 제531호),13,0005310000000,ADDR520000,ADD1527900,14281.0,,,,,,,,,126.64305773191045,35.43557139207972
100,12000122000000037,경주시,HE0000145968,경주 율동 마애여래삼존입상,경주 율동 마애여래삼존입상(보물 제122호),12,0001220000000,ADDR470000,ADD1471300,44.91,,,,,44.850525,,,,129.17453381310705,35.80469544485695
101,12000912000000037,경주시,HE0000147108,경주 마동 삼층석탑,경주 마동 삼층석탑(보물 제912호),12,0009120000000,ADDR470000,ADD1471300,13.38,,,,,13.339568,,,,129.3220655268975,35.790303878311875
102,12000063000000037,경주시,HE0000144967,경주 배동 석조여래삼존입상,경주 배동 석조여래삼존입상(보물 제63호),12,0000630000000,ADDR470000,ADD1471300,4.74,,,,,4.732572,,,,129.211246504623,35.80177191208754
103,12000910000000037,경주시,HE0000148825,경주 보문사지 연화문 당간지주,경주 보문사지 연화문 당간지주(보물 제910호),12,0009100000000,ADDR470000,ADD1471300,0.89,,,,,0.892227,,,,129.25334884750174,35.8288783857833
104,12000123000000037,경주시,HE0000146148,경주 보문사지 당간지주,경주 보문사지 당간지주(보물 제123호),12,0001230000000,ADDR470000,ADD1471300,1.09,,,,,1.091204,,,,129.25274344049265,35.82517522121542
106,12000064000000037,경주시,HE0000144968,경주 보문사지 석조,경주 보문사지 석조(보물 제64호),12,0000640000000,ADDR470000,ADD1471300,3.41,,,,,3.450886,,,,129.25423229074838,35.82618302971312
1856,13000057000000031,경기도,,남한산성,남한산성(사적 제57호),13,0000570000000,ADDR410000,ADD1416100,608705.0,,,,,,,,,127.1911637976016,37.4765485744115
109,12000666000000037,경주시,HE0000148081,경주 남산 삼릉계 석조여래좌상,경주 남산 삼릉계 석조여래좌상(보물 제666호),12,0006660000000,ADDR470000,ADD1471300,7.48,,,,,7.481443,,,,129.21821433306613,35.79533656923221
110,12000070000000037,경주시,HE0000146441,경주 서악동 귀부,경주 서악동 귀부(보물 제70호),12,0000700000000,ADDR470000,ADD1471300,6.59,,,,,6.615341,,,,129.1899383197613,35.82500624598838
111,12000062000000037,경주시,HE0000144966,경주 서악동 마애여래삼존입상,경주 서악동 마애여래삼존입상(보물 제62호),12,0000620000000,ADDR470000,ADD1471300,11.89,,,,,11.911744,,,,129.1756920188657,35.83336392777752
112,12000065000000037,경주시,HE0000144969,경주 서악동 삼층석탑,경주 서악동 삼층석탑(보물 제65호),12,0000650000000,ADDR470000,ADD1471300,6.55,,,,,6.577063,,,,129.18482417554796,35.82795698821958
113,12000066000000037,경주시,HE0000144970,경주 석빙고,경주 석빙고(보물 제66호),12,0000660000000,ADDR470000,ADD1471300,184.13,,,,,183.971017,,,,129.22395962578054,35.83312642919177
114,13000088000000037,경주시,HE0000147242,경주 성동동 전랑지,경주 성동동 전랑지(사적 제88호),13,0000880000000,ADDR470000,ADD1471300,28967.64,,,,,28932.587786,,,,129.22428659267098,35.84474123542953
115,13000430000000037,경주시,HE0000145401,경주 손곡동과 물천리 유적,경주 손곡동과 물천리 유적(사적 제430호),13,0004300000000,ADDR470000,ADD1471300,860627.44,,,,,859570.354287,,,,129.2884499551587,35.86518262262603
116,18000189000000037,경주시,HE0000148048,경주 양동마을,경주 양동마을(국가민속문화유산 제189호),18,0001890000000,ADDR470000,ADD1471300,973635.75,,,,,972448.452246,,,,129.25384734752876,36.00093654981985
117,13000328000000037,경주시,HE0000148723,경주 용강동 고분,경주 용강동 고분(사적 제328호),13,0003280000000,ADDR470000,ADD1471300,1795.6,,,,,1793.491883,,,,129.2243180276624,35.86148540046825
1627,16000522000000033,청원군,HE0000148338,청주 연제리 모과나무,청주 연제리 모과나무(천연기념물 제522호),16,0005220000000,ADDR430000,ADD1437100,0.91,,,,,0.906473,,,,127.31964707132447,36.63797760490522
1634,15000071000000038,남해군,HE0000148338,남해 지족해협 죽방렴,남해 지족해협 죽방렴(명승 제71호),15,0000710000000,ADDR480000,ADD1488400,5365643.11,,,,,5365643.107104,,,,128.0157869736803,34.833400871637906
118,13000419000000037,경주시,HE0000148371,경주 용강동 원지 유적,경주 용강동 원지 유적(사적 제419호),13,0004190000000,ADDR470000,ADD1471300,26183.66,,,,,26151.823086,,,,129.22178728739297,35.86656313944495
119,13000046000000037,경주시,HE0000147159,경주 원원사지,경주 원원사지(사적 제46호),13,0000460000000,ADDR470000,ADD1471300,319807.0,,,,,319420.733678,,,,129.34964187842843,35.6974391428422
120,12001429000000037,경주시,HE0000143530,경주 원원사지 동·서 삼층석탑,경주 원원사지 동·서 삼층석탑(보물 제1429호),12,0014290000000,ADDR470000,ADD1471300,26.37,,,,,26.336616,,,,129.3497931100316,35.69782525923702
121,13000016000000037,경주시,HE0000146917,경주 월성,경주 월성(사적 제16호),13,0000160000000,ADDR470000,ADD1471300,298451.75,,,,,298091.549862,,,,129.2227610996618,35.831633607005166
124,13000457000000037,경주시,HE0000145506,경주 춘양교지와 월정교지,경주 춘양교지와 월정교지(사적 제457호),13,0004570000000,ADDR470000,ADD1471300,198070.78,,,,,197834.603637,,,,129.2214355651152,35.82914299298103
126,13000045000000037,경주시,HE0000147152,경주 장항리 사지,경주 장항리 사지(사적 제45호),13,0000450000000,ADDR470000,ADD1471300,3596.84,,,,,3592.2477,,,,129.37291154424938,35.77493799043551
149,12000605000000037,고령군,HE0000147987,고령 장기리 암각화,고령 장기리 암각화(보물 제605호),12,0006050000000,ADDR470000,ADD1478300,120.49,,,,,120.361074,,,,128.29214612173058,35.71287096289673
188,12000148000000034,공주시,HE0000148242,공주 중동 석조,공주 중동 석조(보물 제148호),12,0001480000000,ADDR440000,ADD1441500,3.66,,,,,3.714116,,,,127.1118190127616,36.46603294646467
164,13000171000000011,종로구,HE0000148984,서울 고종 어극 40년 칭경기념비,서울 고종 어극 40년 칭경기념비(사적 제171호),13,0001710000000,ADDR110000,ADD1111100,580.73,,,,,579.863075,,,,126.9775154502862,37.57045298718703
152,12000054000000037,고령군,HE0000144958,고령 지산리 당간지주,고령 지산리 당간지주(보물 제54호),12,0000540000000,ADDR470000,ADD1478300,0.64,,,,,0.638511,,,,128.26552801909878,35.7272093606812
153,11000038000000037,경주시,HE0000148417,경주 고선사지 삼층석탑,경주 고선사지 삼층석탑(국보 제38호),11,0000380000000,ADDR470000,ADD1471300,46.81,,,,,46.595979,,,,129.22906510554256,35.82813430695999
155,16000475000000038,고성군,HE0000144344,고성 계승사 백악기 퇴적구조,고성 계승사 백악기 퇴적구조(천연기념물 제475호),16,0004750000000,ADDR480000,ADD1488200,8127.89,,,,,8120.999506,,,,128.22403240267448,35.05297707461389
157,16000411000000038,고성군,HE0000148453,고성 덕명리 공룡발자국과 새발자국 화석산지,고성 덕명리 공룡발자국과 새발자국 화석산지(천연기념물 제411호),16,0004110000000,ADDR480000,ADD1488200,1395929.0,,,,,1394541.768732,,,,128.14423034895552,34.89847583310972
127,13000340000000037,경주시,HE0000148717,경주 천관사지,경주 천관사지(사적 제340호),13,0003400000000,ADDR470000,ADD1471300,21377.63,,,,,21350.641415,,,,129.21516331808712,35.8245082450597
128,13000082000000037,경주시,HE0000147254,경주 천군동 사지,경주 천군동 사지(사적 제82호),13,0000820000000,ADDR470000,ADD1471300,8874.49,,,,,8863.673738,,,,129.28123662934968,35.831723546585415
129,12000168000000037,경주시,HE0000147894,경주 천군동 동·서 삼층석탑,경주 천군동 동·서 삼층석탑(보물 제168호),12,0001680000000,ADDR470000,ADD1471300,33.58,,,,,33.539159,,,,129.28118511441406,35.83157267572104
146,13000285000000011,성북구,HE0000148323,서울 고려대학교 본관,서울 고려대학교 본관(사적 제285호),13,0002850000000,ADDR110000,ADD1112900,1510.57,,,,,1508.860083,,,,127.03232919677026,37.58950374799067
148,13000165000000037,고령군,HE0000148978,고령 고아리 벽화 고분,고령 고아리 벽화 고분(사적 제165호),13,0001650000000,ADDR470000,ADD1478300,24786.03,,,,,24760.204168,,,,128.2708093286666,35.71631338749396
1,13000370000000023,강화군,HE0000148539,강화 가릉,강화 가릉(사적 제370호),13,0003700000000,ADDR280000,ADD1287100,2657.0,,,,,2654.016397,,,,126.43128484706686,37.660267322871675
3,12000530000000038,거창군,HE0000146461,거창 가섭암지 마애여래삼존입상,거창 가섭암지 마애여래삼존입상(보물 제530호),12,0005300000000,ADDR480000,ADD1488800,36.29,,,,,36.252699,,,,127.79335437147392,35.733766489546234
4,15000062000000038,합천군,HE0000151705,가야산 해인사 일원,가야산 해인사 일원(명승 제62호),15,0000620000000,ADDR480000,ADD1488900,21092366.0,,,,,21066854.673206,,,,128.09522802774458,35.80023054945435
14,12000256000000034,공주시,HE0000149130,공주 갑사 철당간,공주 갑사 철당간(보물 제256호),12,0002560000000,ADDR440000,ADD1441500,3.95,,,,,3.927272,,,,127.18540032944225,36.364762062946426
15,11000051000000032,강릉시,HE0000148426,강릉 임영관 삼문,강릉 임영관 삼문(국보 제51호),11,0000510000000,ADDR510000,ADD1511500,136.5,,,,,136.552803,,,,128.89188519068964,37.752928410549195
17,12000082000000032,강릉시,HE0000146172,강릉 대창리 당간지주,강릉 대창리 당간지주(보물 제82호),12,0000820000000,ADDR510000,ADD1511500,1.3,,,,,1.294922,,,,128.9012347446698,37.760907226684786
19,18000005000000032,강릉시,HE0000148541,강릉 선교장,강릉 선교장(국가민속문화유산 제5호),18,0000050000000,ADDR510000,ADD1511500,5823.81,,,,,5816.967762,,,,128.88500779620927,37.78629335364638
20,12000083000000032,강릉시,HE0000146173,강릉 수문리 당간지주,강릉 수문리 당간지주(보물 제83호),12,0000830000000,ADDR510000,ADD1511500,1.1,,,,,1.093977,,,,128.90375246871747,37.75673588575842
21,12000165000000032,강릉시,HE0000146626,강릉 오죽헌,강릉 오죽헌(보물 제165호),12,0001650000000,ADDR510000,ADD1511500,169.0,,,,,168.831285,,,,128.87768731296333,37.77933893645143
5,18000176000000037,안동시,HE0000147358,안동 수곡고택,안동 수곡고택(국가민속문화유산 제176호),18,0001760000000,ADDR470000,ADD1471700,3954.81,,,,,3951.005259,,,,128.52640113060423,36.57419495952177
22,13000388000000032,강릉시,HE0000148376,강릉대도호부 관아,강릉대도호부 관아(사적 제388호),13,0003880000000,ADDR510000,ADD1511500,19109.61,,,,,19087.133508,,,,128.89179911796887,37.752757794394384
25,12000183000000032,강릉시,HE0000147891,강릉 해운정,강릉 해운정(보물 제183호),12,0001830000000,ADDR510000,ADD1511500,96.63,,,,,96.480422,,,,128.89113908033264,37.7861959661308
26,16000172000000036,강진군,HE0000147824,강진 까막섬 상록수림,강진 까막섬 상록수림(천연기념물 제172호),16,0001720000000,ADDR460000,ADD1468100,14521.92,,,,,14511.465508,,,,126.81352010629558,34.4491200000133
27,13000068000000036,강진군,HE0000146923,강진 고려청자 요지,강진 고려청자 요지(사적 제68호),13,0000680000000,ADDR460000,ADD1468100,1103989.0,,,,,1103190.124762,,,,126.8164857981235,34.514152995479826
28,16000151000000036,강진군,HE0000146936,강진 백련사 동백나무 숲,강진 백련사 동백나무 숲(천연기념물 제151호),16,0001510000000,ADDR460000,ADD1468100,49720.4,,,,,49685.251977,,,,126.74724237690165,34.58719710071792
1646,12000053000000037,예천군,HE0000148338,예천 개심사지 오층석탑,예천 개심사지 오층석탑(보물 제53호),12,0000530000000,ADDR470000,ADD1479000,6.41,,,,,6.413904,,,,128.45477074054048,36.65200303018494
1795,15000111000000036,전라남도,,구례 오산 사성암 일원,구례 오산 사성암 일원(명승 제111호),15,0001110000000,ADDR460000,ADD1467300,,,,,,,,,,127.47990757858547,35.18010410236664
31,13000133000000023,강화군,HE0000147550,강화 고려궁지,강화 고려궁지(사적 제133호),13,0001330000000,ADDR280000,ADD1287100,15001.62,,,,,14990.599131,,,,126.48418104917312,37.75224945143849
7,18000171000000037,봉화군,HE0000147333,봉화 계서당 종택,봉화 계서당 종택(국가민속문화유산 제171호),18,0001710000000,ADDR470000,ADD1479200,3869.66,,,,,3865.498927,,,,128.73380359206664,36.9495417939187
8,12000433000000033,괴산군,HE0000145538,괴산 각연사 석조비로자나불좌상,괴산 각연사 석조비로자나불좌상(보물 제433호),12,0004330000000,ADDR430000,ADD1437600,174.0,,,,,173.851863,,,,127.92767435601768,36.754752929635586
9,12000370000000026,울주군,HE0000146387,울주 간월사지 석조여래좌상,울주 간월사지 석조여래좌상(보물 제370호),12,0003700000000,ADDR310000,ADD1317100,3.15,,,,,3.161064,,,,129.07273496062595,35.555428242355404
10,11000099000000011,용산구,HE0000148529,김천 갈항사지 동·서 삼층석탑,김천 갈항사지 동·서 삼층석탑(국보 제99호),11,0000990000000,ADDR110000,ADD1111700,17.98,,,,,17.961357,,,,126.98075697927915,37.52212900749289
11,11000112000000037,경주시,HE0000149077,경주 감은사지 동·서 삼층석탑,경주 감은사지 동·서 삼층석탑(국보 제112호),11,0001120000000,ADDR470000,ADD1471300,118.44,,,,,118.288937,,,,129.47703783892467,35.74812717688788
13,12000257000000034,공주시,HE0000149131,공주 갑사 승탑,공주 갑사 승탑(보물 제257호),12,0002570000000,ADDR440000,ADD1441500,1.84,,,,,1.846176,,,,127.18643625571838,36.36438361484126
47,13000168000000032,원주시,HE0000148981,원주 거돈사지,원주 거돈사지(사적 제168호),13,0001680000000,ADDR510000,ADD1511300,25733.27,,,,,25709.946662,,,,127.7924278331499,37.193578600666896
48,12000750000000032,원주시,HE0000145960,원주 거돈사지 삼층석탑,원주 거돈사지 삼층석탑(보물 제750호),12,0007500000000,ADDR510000,ADD1511300,54.48,,,,,54.377184,,,,127.79205711974986,37.193071654282996
51,15000002000000038,거제시,HE0000147278,거제 해금강,거제 해금강(명승 제2호),15,0000020000000,ADDR480000,ADD1483100,222578.7,,,,,222332.76414,,,,128.68314988257353,34.73285505103576
53,12001436000000038,거창군,HE0000146847,거창 농산리 석조여래입상,거창 농산리 석조여래입상(보물 제1436호),12,0014360000000,ADDR480000,ADD1488800,2.13,,,,,2.147181,,,,127.8132477377983,35.76980144114416
54,13000239000000038,거창군,HE0000149103,거창 둔마리 벽화 고분,거창 둔마리 벽화 고분(사적 제239호),13,0002390000000,ADDR480000,ADD1488800,8071.22,,,,,8063.114319,,,,127.96704236988607,35.72059442218324
55,12000378000000038,거창군,HE0000146469,거창 상림리 석조보살입상,거창 상림리 석조보살입상(보물 제378호),12,0003780000000,ADDR480000,ADD1488800,28.31,,,,,28.166077,,,,127.89465916280342,35.68761917235696
82,18000034000000037,경주시,HE0000148821,경주 월암종택,경주 월암종택(국가민속문화유산 제34호),18,0000340000000,ADDR470000,ADD1471300,1143.73,,,,,1141.904677,,,,129.21874212688164,35.81957585322114
83,13000245000000037,경주시,HE0000147068,경주 나정,경주 나정(사적 제245호),13,0002450000000,ADDR470000,ADD1471300,7311.39,,,,,7302.278563,,,,129.21266688358622,35.815865884405895
85,12000124000000037,경주시,HE0000146450,경주 남산동 동·서 삼층석탑,경주 남산동 동·서 삼층석탑(보물 제124호),12,0001240000000,ADDR470000,ADD1471300,21.23,,,,,21.206944,,,,129.2439995000306,35.793123748281765
86,12000136000000037,경주시,HE0000145976,경주 남산 미륵곡 석조여래좌상,경주 남산 미륵곡 석조여래좌상(보물 제136호),12,0001360000000,ADDR470000,ADD1471300,10.5,,,,,10.441944,,,,129.23563885952896,35.811523979951204
87,12000198000000037,경주시,HE0000148335,경주 남산 불곡 마애여래좌상,경주 남산 불곡 마애여래좌상(보물 제198호),12,0001980000000,ADDR470000,ADD1471300,1.43,,,,,1.416743,,,,129.2304722537,35.819011902357296
88,13000022000000037,경주시,HE0000149152,경주 남산신성,경주 남산신성(사적 제22호),13,0000220000000,ADDR470000,ADD1471300,7305085.5,,,,,7296248.388276,,,,129.22575946597004,35.80421586060795
89,12000199000000037,경주시,HE0000148336,경주 남산 신선암 마애보살반가상,경주 남산 신선암 마애보살반가상(보물 제199호),12,0001990000000,ADDR470000,ADD1471300,11.36,,,,,11.338561,,,,129.2349577809545,35.77151172359029
90,12000186000000037,경주시,HE0000148339,경주 남산 용장사곡 삼층석탑,경주 남산 용장사곡 삼층석탑(보물 제186호),12,0001860000000,ADDR470000,ADD1471300,4.02,,,,,4.013215,,,,129.22283365218053,35.78110707158607
57,12000377000000038,거창군,HE0000146468,거창 양평리 석조여래입상,거창 양평리 석조여래입상(보물 제377호),12,0003770000000,ADDR480000,ADD1488800,19.97,,,,,19.963941,,,,127.93220834792231,35.70019699438762
58,18000170000000037,봉화군,HE0000147933,봉화 쌍벽당 종택,봉화 쌍벽당 종택(국가민속문화유산 제170호),18,0001700000000,ADDR470000,ADD1479200,2279.5,,,,,2276.693994,,,,128.76715734755714,36.890245020290294
60,13000339000000035,전주시,HE0000148716,전주 경기전,전주 경기전(사적 제339호),13,0003390000000,ADDR520000,ADD1521100,49760.27,,,,,49719.508468,,,,127.149767203161,35.81505586805277
65,11000223000000011,종로구,HE0000146336,경복궁 근정전,경복궁 근정전(국보 제223호),11,0002230000000,ADDR110000,ADD1111100,3052.61,,,,,3050.68329,,,,126.97697178880875,37.57845224644035
61,12001578000000035,전주시,HE0000149038,전주 경기전 정전,전주 경기전 정전(보물 제1578호),12,0015780000000,ADDR520000,ADD1521100,547.42,,,,,546.906219,,,,127.14977677348185,35.81529984616383
62,13000117000000011,종로구,HE0000148623,경복궁,경복궁(사적 제117호),13,0001170000000,ADDR110000,ADD1111100,432802.9,,,,,432473.69559,,,,126.97716013088943,37.57967142025257
63,11000224000000011,종로구,HE0000146337,경복궁 경회루,경복궁 경회루(국보 제224호),11,0002240000000,ADDR110000,ADD1111100,1482.25,,,,,1480.876035,,,,126.97590663415299,37.579698361452316
64,12000812000000011,종로구,HE0000148807,경복궁 근정문 및 행각,경복궁 근정문 및 행각(보물 제812호),12,0008120000000,ADDR110000,ADD1111100,5034.18,,,,,5030.331841,,,,126.97693260752543,37.578203297137065
66,12000811000000011,종로구,HE0000148806,경복궁 아미산 굴뚝,경복궁 아미산 굴뚝(보물 제811호),12,0008110000000,ADDR110000,ADD1111100,18.65,,,,,18.633461,,,,126.97693351205463,37.58013178008015
68,12000810000000011,종로구,HE0000148390,경복궁 자경전 십장생굴뚝,경복궁 자경전 십장생굴뚝(보물 제810호),12,0008100000000,ADDR110000,ADD1111100,2.78,,,,,2.807424,,,,126.97810405369428,37.58046741547301
69,12000847000000011,종로구,HE0000147106,경복궁 풍기대,경복궁 풍기대(보물 제847호),12,0008470000000,ADDR110000,ADD1111100,0.45,,,,,0.445948,,,,126.97695222940453,37.58062293941255
1708,15000097000000032,,,설악산 대승폭포,설악산 대승폭포(명승 제97호),15,0000970000000,ADDR510000,ADD1518100,495930.0,,,,,,,,,128.34100807787587,38.12660656272209
1722,16000543000000032,,,영월 무릉리 요선암 돌개구멍,영월 무릉리 요선암 돌개구멍(천연기념물 제543호),16,0005430000000,ADDR510000,ADD1517500,35927.5,,,,,,,,,128.26163738717892,37.29712638538299
72,13000222000000037,경주시,HE0000148494,경주 경애왕릉,경주 경애왕릉(사적 제222호),13,0002220000000,ADDR470000,ADD1471300,2276.0,,,,,2272.56161,,,,129.20831782667832,35.79607057553985
73,13000502000000037,경주시,HE0000151703,경주 불국사,경주 불국사(사적 제502호),13,0005020000000,ADDR470000,ADD1471300,398943.0,,,,,398451.969672,,,,129.33480779447225,35.79112228247716
1765,18000280000000037,시도선택,,안동 향산고택,안동 향산고택(국가민속문화유산 제280호),18,0002800000000,ADDR470000,ADD1471700,916.0,,,,,,,,,128.7360279134113,36.58299732327398
1766,18000281000000034,시도선택,,예산 수당고택,예산 수당고택(국가민속문화유산 제281호),18,0002810000000,ADDR440000,ADD1448100,14436.0,,,,,,,,,126.92471534167616,36.66773868417427
1798,13000528000000026,울산광역시,,울산 약사동 제방,울산 약사동 제방(사적 제528호),13,0005280000000,ADDR310000,ADD1311100,3599.5,,,,,,,,,129.3370909014325,35.576266192690305
75,13000019000000037,경주시,HE0000146920,경주 계림,경주 계림(사적 제19호),13,0000190000000,ADDR470000,ADD1471300,22850.26,,,,,22822.976542,,,,129.21825965359477,35.832240325902376
77,18000027000000037,경주시,HE0000144009,경주 최부자댁,경주 최부자댁(국가민속문화유산 제27호),18,0000270000000,ADDR470000,ADD1471300,6592.84,,,,,6585.230056,,,,129.2161003402983,35.83085205198332
79,13000027000000037,경주시,HE0000148809,경주 구정동 방형분,경주 구정동 방형분(사적 제27호),13,0000270000000,ADDR470000,ADD1471300,7799.08,,,,,7790.013887,,,,129.29686088583952,35.77849034105921
80,11000037000000037,경주시,HE0000148527,경주 황복사지 삼층석탑,경주 황복사지 삼층석탑(국보 제37호),11,0000370000000,ADDR470000,ADD1471300,17.44,,,,,17.383224,,,,129.24238633722322,35.83218203248409
33,13000259000000023,강화군,HE0000147520,강화 선원사지,강화 선원사지(사적 제259호),13,0002590000000,ADDR280000,ADD1287100,12291.83,,,,,12283.325138,,,,126.49158438896954,37.72018444899844
35,13000137000000023,강화군,HE0000147554,강화 부근리 지석묘,강화 부근리 지석묘(사적 제137호),13,0001370000000,ADDR280000,ADD1287100,194.94,,,,,195.043418,,,,126.43664655182694,37.77422956428226
36,12000615000000023,강화군,HE0000147996,강화 장정리 석조여래입상,강화 장정리 석조여래입상(보물 제615호),12,0006150000000,ADDR280000,ADD1287100,35.44,,,,,35.579786,,,,126.42444323476902,37.781270616702585
37,12000010000000023,강화군,HE0000146133,강화 장정리 오층석탑,강화 장정리 오층석탑(보물 제10호),12,0000100000000,ADDR280000,ADD1287100,3.03,,,,,3.053407,,,,126.42004022980821,37.78002025311669
38,12001123000000035,남원시,HE0000149116,남원 개령암지 마애불상군,남원 개령암지 마애불상군(보물 제1123호),12,0011230000000,ADDR520000,ADD1521900,153.09,,,,,152.968645,,,,127.52466070547686,35.3675657163218
39,12000242000000037,안동시,HE0000148203,안동 개목사 원통전,안동 개목사 원통전(보물 제242호),12,0002420000000,ADDR470000,ADD1471700,98.38,,,,,98.078365,,,,128.66797111510658,36.65802733477513
40,12000111000000036,담양군,HE0000146154,담양 개선사지 석등,담양 개선사지 석등(보물 제111호),12,0001110000000,ADDR460000,ADD1467100,4.69,,,,,4.643942,,,,126.98259592813012,35.18548352875636
41,12000143000000034,서산시,HE0000148238,서산 개심사 대웅전,서산 개심사 대웅전(보물 제143호),12,0001430000000,ADDR440000,ADD1442100,189.13,,,,,188.88405,,,,126.59045426561696,36.74705047825046
45,12000190000000011,용산구,HE0000148353,원주 거돈사지 원공국사탑,원주 거돈사지 원공국사탑(보물 제190호),12,0001900000000,ADDR110000,ADD1111700,3.86,,,,,3.865207,,,,126.98152315539048,37.52346194626181
46,12000078000000032,원주시,HE0000146449,원주 거돈사지 원공국사탑비,원주 거돈사지 원공국사탑비(보물 제78호),12,0000780000000,ADDR510000,ADD1511300,40.06,,,,,40.162234,,,,127.79326696215054,37.19343939554148
130,11000031000000037,경주시,HE0000149171,경주 첨성대,경주 첨성대(국보 제31호),11,0000310000000,ADDR470000,ADD1471300,28.84,,,,,28.723859,,,,129.21900117035065,35.834692749743176
131,13000001000000037,경주시,HE0000148898,경주 포석정지,경주 포석정지(사적 제1호),13,0000010000000,ADDR470000,ADD1471300,522.31,,,,,521.79401,,,,129.21280311187994,35.80726152447648
134,13000476000000037,경주시,HE0000144887,경주 황성동 고분,경주 황성동 고분(사적 제476호),13,0004760000000,ADDR470000,ADD1471300,1401.95,,,,,1400.773331,,,,129.2114673842914,35.86709440246464
136,12000067000000037,경주시,HE0000144971,경주 효현동 삼층석탑,경주 효현동 삼층석탑(보물 제67호),12,0000670000000,ADDR470000,ADD1471300,6.09,,,,,6.109869,,,,129.16968585333692,35.823293275682744
137,13000015000000037,경주시,HE0000146916,경주 흥륜사지,경주 흥륜사지(사적 제15호),13,0000150000000,ADDR470000,ADD1471300,11521.79,,,,,11508.056868,,,,129.2069852449203,35.82842032337388
203,13000197000000031,남양주시,HE0000148768,남양주 광릉,남양주 광릉(사적 제197호),13,0001970000000,ADDR410000,ADD1413600,1074600.2,,,,,1073738.270232,,,,127.17738633003606,37.74795173626346
204,16000011000000031,남양주시,HE0000146499,광릉 크낙새 서식지,광릉 크낙새 서식지(천연기념물 제11호),16,0000110000000,ADDR410000,ADD1413600,6150439.0,,,,,6145529.082159,,,,127.15464059929575,37.735588633771734
255,16000501000000035,군산시,HE0000149215,군산 말도 습곡구조,군산 말도 습곡구조(천연기념물 제501호),16,0005010000000,ADDR520000,ADD1521300,16193.91,,,,,16184.746086,,,,126.32457906842082,35.85316541866437
278,12000828000000035,김제시,HE0000148805,김제 금산사 석등,김제 금산사 석등(보물 제828호),12,0008280000000,ADDR520000,ADD1522100,1.7,,,,,1.712542,,,,127.05304211161445,35.723266940294955
205,13000227000000023,강화군,HE0000148499,강화 광성보,강화 광성보(사적 제227호),13,0002270000000,ADDR280000,ADD1287100,5928.63,,,,,5924.604448,,,,126.53037674359189,37.66451915499752
206,13000492000000036,광양시,HE0000143406,광양 마로산성,광양 마로산성(사적 제492호),13,0004920000000,ADDR460000,ADD1462300,17928.77,,,,,17912.227404,,,,127.61665271736115,34.96651262973928
207,16000489000000036,광양시,HE0000144805,광양 옥룡사 동백나무 숲,광양 옥룡사 동백나무 숲(천연기념물 제489호),16,0004890000000,ADDR460000,ADD1462300,152131.12,,,,,151999.063343,,,,127.60665188190752,35.04653356329062
248,18000105000000037,구미시,HE0000148756,구미 쌍암고택,구미 쌍암고택(국가민속문화유산 제105호),18,0001050000000,ADDR470000,ADD1471900,5026.23,,,,,5021.208154,,,,128.38381552653638,36.19007002905803
251,12001122000000037,구미시,HE0000149190,구미 황상동 마애여래입상,구미 황상동 마애여래입상(보물 제1122호),12,0011220000000,ADDR470000,ADD1471900,13.98,,,,,13.971727,,,,128.41291026571395,36.11511605870437
252,13000254000000011,관악구,HE0000147534,서울 구 벨기에영사관,서울 구 벨기에영사관(사적 제254호),13,0002540000000,ADDR110000,ADD1116200,627.61,,,,,627.132801,,,,126.97948297443786,37.47605818411664
254,13000278000000011,종로구,HE0000148631,구 서울대학교 본관,구 서울대학교 본관(사적 제278호),13,0002780000000,ADDR110000,ADD1111100,630.58,,,,,629.474171,,,,127.0028641677923,37.579955350414416
256,12000988000000022,군위군,HE0000148736,군위 대율리 석조여래입상,군위 대율리 석조여래입상(보물 제988호),12,0009880000000,ADDR270000,ADD1277200,0.67,,,,,0.666752,,,,128.65399284035018,36.0609901963618
257,11000109000000022,군위군,HE0000149076,군위 아미타여래삼존 석굴,군위 아미타여래삼존 석굴(국보 제109호),11,0001090000000,ADDR270000,ADD1277200,4.92,,,,,4.897978,,,,128.6411045528849,36.04899743356921
259,18000155000000036,곡성군,HE0000147326,곡성 제호정 고택,곡성 제호정 고택(국가민속문화유산 제155호),18,0001550000000,ADDR460000,ADD1467200,1212.92,,,,,1211.893818,,,,127.22126256748577,35.3222079297319
276,11000062000000035,김제시,HE0000147884,김제 금산사 미륵전,김제 금산사 미륵전(국보 제62호),11,0000620000000,ADDR520000,ADD1522100,501.5,,,,,501.223206,,,,127.05394933593118,35.723086040625425
277,12000026000000035,김제시,HE0000146166,김제 금산사 금강계단,김제 금산사 금강계단(보물 제26호),12,0000260000000,ADDR520000,ADD1522100,1563.27,,,,,1562.22989,,,,127.05399749735689,35.7234703149124
279,12000023000000035,김제시,HE0000146303,김제 금산사 석련대,김제 금산사 석련대(보물 제23호),12,0000230000000,ADDR520000,ADD1522100,7.98,,,,,7.995156,,,,127.05355313551055,35.72334389134761
281,12000025000000035,김제시,HE0000146305,김제 금산사 오층석탑,김제 금산사 오층석탑(보물 제25호),12,0000250000000,ADDR520000,ADD1522100,14.28,,,,,14.271305,,,,127.05385975155885,35.72343350963039
283,12000024000000035,김제시,HE0000146304,김제 금산사 혜덕왕사탑비,김제 금산사 혜덕왕사탑비(보물 제24호),12,0000240000000,ADDR520000,ADD1522100,10.5,,,,,10.497974,,,,127.05632507697484,35.72414740844135
285,13000491000000037,영주시,HE0000143405,영주 금성대군 신단,영주 금성대군 신단(사적 제491호),13,0004910000000,ADDR470000,ADD1472100,2615.62,,,,,2612.376073,,,,128.5785693949247,36.92715249105169
287,13000215000000021,금정구,HE0000148507,금정산성,금정산성(사적 제215호),13,0002150000000,ADDR260000,ADD1264100,816070.1,,,,,815109.391466,,,,129.0547930475305,35.25180733332836
288,12000833000000037,경주시,HE0000148481,경주 기림사 대적광전,경주 기림사 대적광전(보물 제833호),12,0008330000000,ADDR470000,ADD1471300,396.25,,,,,395.980839,,,,129.40345187415824,35.83809539526109
52,13000484000000038,거제시,HE0000144306,거제현 관아,거제현 관아(사적 제484호),13,0004840000000,ADDR480000,ADD1483100,7790.56,,,,,7780.878337,,,,128.590838298759,34.85085458966583
234,12000097000000033,괴산군,HE0000146433,괴산 원풍리 마애이불병좌상,괴산 원풍리 마애이불병좌상(보물 제97호),12,0000970000000,ADDR430000,ADD1437600,66.0,,,,,65.928002,,,,128.0231446635867,36.791823590796454
235,16000221000000033,괴산군,HE0000147313,괴산 율지리 미선나무 자생지,괴산 율지리 미선나무 자생지(천연기념물 제221호),16,0002210000000,ADDR430000,ADD1437600,14877.81,,,,,14864.105007,,,,127.86765100049458,36.771662591099364
237,16000220000000033,괴산군,HE0000147312,괴산 추점리 미선나무 자생지,괴산 추점리 미선나무 자생지(천연기념물 제220호),16,0002200000000,ADDR430000,ADD1437600,7571.91,,,,,7563.663096,,,,127.94711723859797,36.862294031665485
238,13000289000000036,목포시,HE0000148693,구 목포 일본영사관,구 목포 일본영사관(사적 제289호),13,0002890000000,ADDR460000,ADD1461100,346.42,,,,,346.075304,,,,126.38213309719028,34.78753593751719
239,13000279000000011,종로구,HE0000148632,구 공업전습소 본관,구 공업전습소 본관(사적 제279호),13,0002790000000,ADDR110000,ADD1111100,534.43,,,,,534.055918,,,,127.00261627637863,37.57844967599188
67,12000809000000011,종로구,HE0000149133,경복궁 자경전,경복궁 자경전(보물 제809호),12,0008090000000,ADDR110000,ADD1111100,817.97,,,,,817.696024,,,,126.97810911237725,37.58032672254532
348,16000029000000038,남해군,HE0000148961,남해 미조리 상록수림,남해 미조리 상록수림(천연기념물 제29호),16,0000290000000,ADDR480000,ADD1488400,3499.09,,,,,3495.74666,,,,128.0439547889899,34.71372198817883
349,13000233000000038,남해군,HE0000148505,남해 충렬사,남해 충렬사(사적 제233호),13,0002330000000,ADDR480000,ADD1488400,12598.69,,,,,12586.820439,,,,127.87591130927223,34.941681221637715
350,16000152000000038,남해군,HE0000146937,남해 화방사 산닥나무 자생지,남해 화방사 산닥나무 자생지(천연기념물 제152호),16,0001520000000,ADDR480000,ADD1488400,9917.81,,,,,9908.699619,,,,127.8645153381413,34.864551773112254
351,12000665000000037,경주시,HE0000148663,경주 낭산 마애보살삼존좌상,경주 낭산 마애보살삼존좌상(보물 제665호),12,0006650000000,ADDR470000,ADD1471300,1.98,,,,,1.973195,,,,129.23955405177034,35.828437962814256
352,12000291000000035,부안군,HE0000148292,부안 내소사 대웅보전,부안 내소사 대웅보전(보물 제291호),12,0002910000000,ADDR520000,ADD1528000,283.38,,,,,283.27757,,,,126.586972600817,35.617655802677206
353,12001113000000038,산청군,HE0000148941,산청 덕산사 삼층석탑,산청 덕산사 삼층석탑(보물 제1113호),12,0011130000000,ADDR480000,ADD1488600,8.41,,,,,8.374569,,,,127.8102212218427,35.30027881360068
1880,18000286000000037,경상북도,,영덕 무안박씨 무의공파 종택,영덕 무안박씨 무의공파 종택(국가민속문화유산 제286호),18,0002860000000,ADDR470000,ADD1477700,1941.0,,,,,,,,,129.40914742333138,36.510145939974166
301,18000263000000036,나주시,HE0000151721,나주 남파고택,나주 남파고택(국가민속문화유산 제263호),18,0002630000000,ADDR460000,ADD1461700,2538.48,,,,,2536.45143,,,,126.71847283075125,35.03038210155573
302,16000515000000036,나주시,HE0000151710,나주 송죽리 금사정 동백나무,나주 송죽리 금사정 동백나무(천연기념물 제515호),16,0005150000000,ADDR460000,ADD1461700,1128.8,,,,,1127.812313,,,,126.63595968012838,34.960475970268796
1881,18000287000000037,경상북도,,안동 시은고택,안동 시은고택(국가민속문화유산 제287호),18,0002870000000,ADDR470000,ADD1471700,1775.0,,,,,,,,,128.58127088684145,36.57685049832579
307,13000404000000036,나주시,HE0000148858,나주 복암리 고분군,나주 복암리 고분군(사적 제404호),13,0004040000000,ADDR460000,ADD1461700,24285.52,,,,,24269.612922,,,,126.6505272095264,34.9955186470402
323,18000100000000036,순천시,HE0000148753,순천 낙안읍성 향리댁,순천 낙안읍성 향리댁(국가민속문화유산 제100호),18,0001000000000,ADDR460000,ADD1461500,1206.7,,,,,1205.70731,,,,127.33816192021202,34.90668683233144
324,18000095000000036,순천시,HE0000148163,순천 낙안읍성 마루방집,순천 낙안읍성 마루방집(국가민속문화유산 제95호),18,0000950000000,ADDR460000,ADD1461500,501.31,,,,,500.852572,,,,127.33884537087971,34.90816260506371
325,18000099000000036,순천시,HE0000148752,순천 낙안읍성 서문성벽집,순천 낙안읍성 서문성벽집(국가민속문화유산 제99호),18,0000990000000,ADDR460000,ADD1461500,583.5,,,,,583.164085,,,,127.33838576567545,34.90862898422171
326,18000092000000036,순천시,HE0000148757,순천 낙안읍성 이방댁,순천 낙안읍성 이방댁(국가민속문화유산 제92호),18,0000920000000,ADDR460000,ADD1461500,1252.41,,,,,1251.477488,,,,127.34034335098897,34.90619097532554
328,18000094000000036,순천시,HE0000148162,순천 낙안읍성 뙤창집,순천 낙안읍성 뙤창집(국가민속문화유산 제94호),18,0000940000000,ADDR460000,ADD1461500,341.77,,,,,341.564216,,,,127.33892556077254,34.90671080359026
329,18000096000000036,순천시,HE0000148164,순천 낙안읍성 대나무 서까래집,순천 낙안읍성 대나무 서까래집(국가민속문화유산 제96호),18,0000960000000,ADDR460000,ADD1461500,299.65,,,,,299.50207,,,,127.33899496795532,34.908285946280614
331,18000097000000036,순천시,HE0000148165,순천 낙안읍성 ㄱ자집,순천 낙안읍성 ㄱ자집(국가민속문화유산 제97호),18,0000970000000,ADDR460000,ADD1461500,624.11,,,,,623.535634,,,,127.34209406117377,34.90531412830908
332,13000302000000036,순천시,HE0000148260,순천 낙안읍성,순천 낙안읍성(사적 제302호),13,0003020000000,ADDR460000,ADD1461500,224499.86,,,,,224311.976667,,,,127.33978073412247,34.90661052057345
333,12000909000000037,경주시,HE0000148824,경주 남간사지 당간지주,경주 남간사지 당간지주(보물 제909호),12,0009090000000,ADDR470000,ADD1471300,1.37,,,,,1.37261,,,,129.21705455467247,35.813713756856565
334,11000100000000011,용산구,HE0000148530,개성 남계원지 칠층석탑,개성 남계원지 칠층석탑(국보 제100호),11,0001000000000,ADDR110000,ADD1111700,10.81,,,,,10.744466,,,,126.98098925648607,37.52230161685063
335,13000294000000035,전주시,HE0000148169,전주 남고산성,전주 남고산성(사적 제294호),13,0002940000000,ADDR520000,ADD1521100,126291.19,,,,,126190.829522,,,,127.15948710942575,35.79735172366817
1624,18000267000000037,안동시,HE0000148338,안동 귀봉종택,안동 귀봉종택(국가민속문화유산 제267호),18,0002670000000,ADDR470000,ADD1471700,4075.75,,,,,4075.747703,,,,128.85689856058565,36.53567235280849
319,18000151000000036,나주시,HE0000147221,나주 계은고택,나주 계은고택(국가민속문화유산 제151호),18,0001510000000,ADDR460000,ADD1461700,2254.78,,,,,2253.041106,,,,126.8230544221227,34.99831653444806
308,12000050000000036,나주시,HE0000144973,나주 북망문 밖 삼층석탑,나주 북망문 밖 삼층석탑(보물 제50호),12,0000500000000,ADDR460000,ADD1461700,2.46,,,,,2.457503,,,,126.71224103693,35.039513393395
309,12001310000000036,나주시,HE0000145400,나주 불회사 대웅전,나주 불회사 대웅전(보물 제1310호),12,0013100000000,ADDR460000,ADD1461700,257.88,,,,,257.474401,,,,126.8234565538614,34.90876877295797
310,18000011000000036,나주시,HE0000147488,나주 불회사 석장승,나주 불회사 석장승(국가민속문화유산 제11호),18,0000110000000,ADDR460000,ADD1461700,0.51,,,,,0.505737,,,,126.82707125795415,34.90847182069487
313,13000456000000036,나주시,HE0000145502,나주 오량동 요지,나주 오량동 요지(사적 제456호),13,0004560000000,ADDR460000,ADD1461700,275876.9,,,,,275685.694156,,,,126.6713014185915,34.98230549693178
314,18000012000000036,나주시,HE0000147489,나주 운흥사 석장승,나주 운흥사 석장승(국가민속문화유산 제12호),18,0000120000000,ADDR460000,ADD1461700,0.71,,,,,0.705181,,,,126.80232542899253,34.91226075360548
316,12000462000000036,나주시,HE0000145842,나주 철천리 석조여래입상,나주 철천리 석조여래입상(보물 제462호),12,0004620000000,ADDR460000,ADD1461700,1.16,,,,,1.180308,,,,126.78067503329092,34.93814666313964
317,12000461000000036,나주시,HE0000145841,나주 철천리 마애칠불상,나주 철천리 마애칠불상(보물 제461호),12,0004610000000,ADDR460000,ADD1461700,2.35,,,,,2.353784,,,,126.78065113419089,34.93827160864937
318,12000394000000036,나주시,HE0000146342,나주향교 대성전,나주향교 대성전(보물 제394호),12,0003940000000,ADDR460000,ADD1461700,330.13,,,,,330.0325,,,,126.71136355752434,35.03332052974842
320,18000165000000036,나주시,HE0000148047,나주 우남고택,나주 우남고택(국가민속문화유산 제165호),18,0001650000000,ADDR460000,ADD1461700,2162.54,,,,,2160.991355,,,,126.8223692353119,34.99798065035124
322,12000499000000032,양양군,HE0000145771,양양 낙산사 칠층석탑,양양 낙산사 칠층석탑(보물 제499호),12,0004990000000,ADDR510000,ADD1518300,3.03,,,,,3.021648,,,,128.6271704852266,38.12488807913374
260,13000342000000031,군포시,HE0000148719,군포 산본동 조선백자 요지,군포 산본동 조선백자 요지(사적 제342호),13,0003420000000,ADDR410000,ADD1414100,2347.06,,,,,2345.733843,,,,126.92850601990848,37.37487987496116
261,12000121000000037,경주시,HE0000145967,경주 굴불사지 석조사면불상,경주 굴불사지 석조사면불상(보물 제121호),12,0001210000000,ADDR470000,ADD1471300,9.63,,,,,9.575332,,,,129.2300722790312,35.8577729250698
262,12000086000000032,강릉시,HE0000146176,강릉 굴산사지 당간지주,강릉 굴산사지 당간지주(보물 제86호),12,0000860000000,ADDR510000,ADD1511500,2.17,,,,,2.165035,,,,128.89183412232308,37.707304525232
263,12000085000000032,강릉시,HE0000146175,강릉 굴산사지 승탑,강릉 굴산사지 승탑(보물 제85호),12,0000850000000,ADDR510000,ADD1511500,3.68,,,,,3.661394,,,,128.88712087693634,37.70774100019609
266,12000826000000035,김제시,HE0000149146,김제 귀신사 대적광전,김제 귀신사 대적광전(보물 제826호),12,0008260000000,ADDR520000,ADD1522100,212.38,,,,,212.230577,,,,127.04697822247824,35.74534180962858
268,12000829000000036,강진군,HE0000148477,강진 금곡사 삼층석탑,강진 금곡사 삼층석탑(보물 제829호),12,0008290000000,ADDR460000,ADD1468100,7.86,,,,,7.823334,,,,126.7775658841863,34.66644457470608
269,12000529000000036,진도군,HE0000146460,진도 금골산 오층석탑,진도 금골산 오층석탑(보물 제529호),12,0005290000000,ADDR460000,ADD1469000,5.41,,,,,5.43734,,,,126.29248373490098,34.537414964167674
270,12000945000000036,순천시,HE0000147263,순천 금둔사지 삼층석탑,순천 금둔사지 삼층석탑(보물 제945호),12,0009450000000,ADDR460000,ADD1461500,9.06,,,,,9.0573,,,,127.34077885510253,34.92536762091785
271,12000946000000036,순천시,HE0000147264,순천 금둔사지 석조불비상,순천 금둔사지 석조불비상(보물 제946호),12,0009460000000,ADDR460000,ADD1461500,2.71,,,,,2.693199,,,,127.34083895446652,34.925354458118065
272,12000679000000037,김천시,HE0000145475,김천 광덕리 석조보살입상,김천 광덕리 석조보살입상(보물 제679호),12,0006790000000,ADDR470000,ADD1471500,21.44,,,,,21.485779,,,,128.20193545642957,36.22429289851777
273,12000022000000035,김제시,HE0000146302,김제 금산사 노주,김제 금산사 노주(보물 제22호),12,0000220000000,ADDR520000,ADD1522100,1.52,,,,,1.495059,,,,127.053186343829,35.72345182636975
274,12000028000000035,김제시,HE0000146168,김제 금산사 당간지주,김제 금산사 당간지주(보물 제28호),12,0000280000000,ADDR520000,ADD1522100,14.22,,,,,14.226664,,,,127.05304969066768,35.72212068186636
275,12000827000000035,김제시,HE0000149147,김제 금산사 대장전,김제 금산사 대장전(보물 제827호),12,0008270000000,ADDR520000,ADD1522100,163.0,,,,,162.780069,,,,127.05290063921575,35.72329978452889
211,13000269000000031,하남시,HE0000147530,하남 미사리 유적,하남 미사리 유적(사적 제269호),13,0002690000000,ADDR410000,ADD1414500,56161.31,,,,,56116.00928,,,,127.20189741455258,37.5785925884486
212,12000109000000024,남구,HE0000146152,(전)광주 성거사지 오층석탑,(전)광주 성거사지 오층석탑(보물 제109호),12,0001090000000,ADDR290000,ADD1291550,9.06,,,,,9.002715,,,,126.90789124956935,35.147903190919955
213,13000375000000024,광산구,HE0000147450,광주 신창동 유적,광주 신창동 유적(사적 제375호),13,0003750000000,ADDR290000,ADD1292000,255997.06,,,,,255810.165543,,,,126.84903996546667,35.195633905703254
214,12000600000000024,동구,HE0000147998,광주 약사암 석조여래좌상,광주 약사암 석조여래좌상(보물 제600호),12,0006000000000,ADDR290000,ADD1291100,1.27,,,,,1.26223,,,,126.97250069025624,35.12229246594806
216,12000013000000031,하남시,HE0000145830,하남 동사지 삼층석탑,하남 동사지 삼층석탑(보물 제13호),12,0000130000000,ADDR410000,ADD1414500,6.17,,,,,6.199604,,,,127.18591132072997,37.516946483843036
217,12000012000000031,하남시,HE0000146134,하남 동사지 오층석탑,하남 동사지 오층석탑(보물 제12호),12,0000120000000,ADDR410000,ADD1414500,12.91,,,,,12.877339,,,,127.18586152411007,37.516863895277154
218,13000141000000024,북구,HE0000148646,광주 충효동 요지,광주 충효동 요지(사적 제141호),13,0001410000000,ADDR290000,ADD1291700,57844.77,,,,,57800.807348,,,,126.99224423986816,35.16766318744485
220,12000281000000035,남원시,HE0000149129,남원 광한루,남원 광한루(보물 제281호),12,0002810000000,ADDR520000,ADD1521900,488.23,,,,,487.710153,,,,127.37978429247735,35.40396904351093
223,12001427000000037,경주시,HE0000145579,경주 원성왕릉 석상 및 석주일괄,경주 원성왕릉 석상 및 석주일괄(보물 제1427호),12,0014270000000,ADDR470000,ADD1471300,10.35,,,,,10.336179,,,,129.32029239547168,35.7587999306019
240,13000442000000022,중구,HE0000145508,구 대구의학전문학교 본관,구 대구의학전문학교 본관(사적 제442호),13,0004420000000,ADDR270000,ADD1271100,1580.14,,,,,1578.220286,,,,128.60454225661826,35.86777799158537
241,13000443000000022,중구,HE0000145509,구 도립대구병원,구 도립대구병원(사적 제443호),13,0004430000000,ADDR270000,ADD1271100,1257.63,,,,,1255.135126,,,,128.60424825134888,35.86679211583319
242,13000253000000011,중구,HE0000147080,서울 구 러시아공사관,서울 구 러시아공사관(사적 제253호),13,0002530000000,ADDR110000,ADD1111400,1022.7,,,,,1022.471882,,,,126.9716985631138,37.56815876228611
243,13000505000000036,구례군,HE0000151704,구례 화엄사,구례 화엄사(사적 제505호),13,0005050000000,ADDR460000,ADD1467300,26072.39,,,,,26049.692921,,,,127.49736558887852,35.25645861575168
244,12000509000000036,구례군,HE0000145767,구례 논곡리 삼층석탑,구례 논곡리 삼층석탑(보물 제509호),12,0005090000000,ADDR460000,ADD1467300,3.11,,,,,3.112498,,,,127.38607661697063,35.23058509079935
290,13000414000000033,진천군,HE0000148285,진천 김유신 탄생지와 태실,진천 김유신 탄생지와 태실(사적 제414호),13,0004140000000,ADDR430000,ADD1437500,224789.94,,,,,224601.222184,,,,127.37840331722472,36.83938895262942
291,13000482000000035,김제시,HE0000144192,김제군 관아와 향교,김제군 관아와 향교(사적 제482호),13,0004820000000,ADDR520000,ADD1522100,15717.76,,,,,15706.141176,,,,126.88115282193036,35.80064711189087
292,13000496000000035,김제시,HE0000146792,김제 금산사 일원,김제 금산사 일원(사적 제496호),13,0004960000000,ADDR520000,ADD1522100,204148.92,,,,,203991.502287,,,,127.05153103151981,35.72180191847462
293,13000111000000035,김제시,HE0000147170,김제 벽골제,김제 벽골제(사적 제111호),13,0001110000000,ADDR520000,ADD1522100,307057.0,,,,,306831.576753,,,,126.85761290471605,35.743756517091754
294,12001576000000037,김천시,HE0000149205,김천 직지사 대웅전,김천 직지사 대웅전(보물 제1576호),12,0015760000000,ADDR470000,ADD1471500,406.75,,,,,406.361746,,,,128.00442745463116,36.117034456266694
246,18000008000000036,구례군,HE0000147485,구례 운조루 고택,구례 운조루 고택(국가민속문화유산 제8호),18,0000080000000,ADDR460000,ADD1467300,5134.5,,,,,5130.111215,,,,127.51563094541034,35.20601807648548
247,15000029000000032,양양군,HE0000144806,구룡령 옛길,구룡령 옛길(명승 제29호),15,0000290000000,ADDR510000,ADD1518300,25006.74,,,,,24980.491017,,,,128.50882325171574,37.89444529052932
160,18000131000000032,고성군,HE0000148546,고성 어명기 고택,고성 어명기 고택(국가민속문화유산 제131호),18,0001310000000,ADDR510000,ADD1518200,1340.29,,,,,1338.273943,,,,128.51787997167025,38.314790874738165
161,18000235000000032,고성군,HE0000147291,고성 왕곡마을,고성 왕곡마을(국가민속문화유산 제235호),18,0002350000000,ADDR510000,ADD1518200,179767.88,,,,,179578.946781,,,,128.50006886679242,38.34051175055612
162,12001337000000032,고성군,HE0000145997,고성 육송정 홍교,고성 육송정 홍교(보물 제1337호),12,0013370000000,ADDR510000,ADD1518200,47.53,,,,,47.722196,,,,128.3983799308726,38.38665969660317
163,12000246000000037,의성군,HE0000148361,의성 고운사 석조여래좌상,의성 고운사 석조여래좌상(보물 제246호),12,0002460000000,ADDR470000,ADD1477300,85.75,,,,,85.515412,,,,128.75074468570457,36.45856233964367
166,16000463000000035,고창군,HE0000144199,고창 문수사 단풍나무 숲,고창 문수사 단풍나무 숲(천연기념물 제463호),16,0004630000000,ADDR520000,ADD1527900,120069.13,,,,,119982.711738,,,,126.72405461740973,35.38075941856318
167,13000250000000035,고창군,HE0000147077,고창 분청사기 요지,고창 분청사기 요지(사적 제250호),13,0002500000000,ADDR520000,ADD1527900,16639.55,,,,,16630.193237,,,,126.65621329334095,35.539831793262174
169,18000039000000035,고창군,HE0000148731,고창 신재효 고택,고창 신재효 고택(국가민속문화유산 제39호),18,0000390000000,ADDR520000,ADD1527900,1090.51,,,,,1089.835395,,,,126.70305139668129,35.43221388065874
170,18000014000000035,고창군,HE0000148867,고창 오거리 당산,고창 오거리 당산(국가민속문화유산 제14호),18,0000140000000,ADDR520000,ADD1527900,2.29,,,,,2.284775,,,,126.69969367636962,35.43305732076082
174,16000239000000036,고흥군,HE0000148815,고흥 금탑사 비자나무 숲,고흥 금탑사 비자나무 숲(천연기념물 제239호),16,0002390000000,ADDR460000,ADD1467700,131000.0,,,,,130892.84772,,,,127.28685284379296,34.54322274956575
175,16000362000000036,고흥군,HE0000148437,고흥 외나로도 상록수림,고흥 외나로도 상록수림(천연기념물 제362호),16,0003620000000,ADDR460000,ADD1467700,21660.33,,,,,21641.169164,,,,127.4683328569138,34.47137286694291
176,12001322000000036,곡성군,HE0000146218,곡성 가곡리 오층석탑,곡성 가곡리 오층석탑(보물 제1322호),12,0013220000000,ADDR460000,ADD1467200,8.44,,,,,8.454131,,,,127.14347343001873,35.24925995919415
178,15000021000000034,공주시,HE0000144230,공주 고마나루,공주 고마나루(명승 제21호),15,0000210000000,ADDR440000,ADD1441500,884578.6,,,,,883879.795134,,,,127.10628798772174,36.47166103087719
181,12000149000000034,공주시,HE0000148243,공주 반죽동 석조,공주 반죽동 석조(보물 제149호),12,0001490000000,ADDR440000,ADD1441500,3.67,,,,,3.692893,,,,127.11179355553128,36.46605358394895
50,16000233000000038,거제시,HE0000147382,거제 학동리 동백나무 숲 및 팔색조 번식지,거제 학동리 동백나무 숲 및 팔색조 번식지(천연기념물 제233호),16,0002330000000,ADDR480000,ADD1483100,20513.59,,,,,20491.632988,,,,128.6376464860018,34.76187645989257
139,12001293000000034,공주시,HE0000149148,공주 계룡산 중악단,공주 계룡산 중악단(보물 제1293호),12,0012930000000,ADDR440000,ADD1441500,363.13,,,,,362.84322,,,,127.18479237394732,36.335324279240766
140,12000007000000031,여주군,HE0000146130,여주 고달사지 원종대사탑,여주 고달사지 원종대사탑(보물 제7호),12,0000070000000,ADDR410000,ADD1417300,6.94,,,,,6.962771,,,,127.65306278235595,37.394305496935225
141,12000006000000031,여주군,HE0000145820,여주 고달사지 원종대사탑비,여주 고달사지 원종대사탑비(보물 제6호),12,0000060000000,ADDR410000,ADD1417300,9.06,,,,,8.957081,,,,127.65391010642286,37.39278675456145
142,11000004000000031,여주군,HE0000145808,여주 고달사지 승탑,여주 고달사지 승탑(국보 제4호),11,0000040000000,ADDR410000,ADD1417300,9.0,,,,,8.990989,,,,127.65215920368223,37.39390863554031
143,12000008000000031,여주군,HE0000146131,여주 고달사지 석조대좌,여주 고달사지 석조대좌(보물 제8호),12,0000080000000,ADDR410000,ADD1417300,7.06,,,,,6.99204,,,,127.65433593743273,37.392896153526394
144,13000224000000023,강화군,HE0000148496,강화 홍릉,강화 홍릉(사적 제224호),13,0002240000000,ADDR280000,ADD1287100,31415.74,,,,,31395.004336,,,,126.44138665154027,37.742722353458554
225,12001295000000033,괴산군,HE0000148485,괴산 각연사 통일대사탑비,괴산 각연사 통일대사탑비(보물 제1295호),12,0012950000000,ADDR430000,ADD1437600,6.02,,,,,5.995294,,,,127.92878987693325,36.75137245810584
226,18000136000000033,괴산군,HE0000148551,괴산 김항묵 고택,괴산 김항묵 고택(국가민속문화유산 제136호),18,0001360000000,ADDR430000,ADD1437600,2016.75,,,,,2015.031633,,,,127.85935406007678,36.78169938826274
227,12000096000000033,충주시,HE0000145182,충주 미륵리 석조여래입상,충주 미륵리 석조여래입상(보물 제96호),12,0000960000000,ADDR430000,ADD1431300,9.06,,,,,9.077041,,,,128.0951159514316,36.82160027285381
228,12000095000000033,충주시,HE0000145181,충주 미륵리 오층석탑,충주 미륵리 오층석탑(보물 제95호),12,0000950000000,ADDR430000,ADD1431300,7.25,,,,,7.244852,,,,128.09510454440883,36.82201946279575
230,12001299000000033,괴산군,HE0000148487,괴산 보안사 삼층석탑,괴산 보안사 삼층석탑(보물 제1299호),12,0012990000000,ADDR430000,ADD1437600,2.96,,,,,2.952682,,,,127.6553549646257,36.7572990631615
231,16000266000000033,괴산군,HE0000148727,괴산 사담리 망개나무 자생지,괴산 사담리 망개나무 자생지(천연기념물 제266호),16,0002660000000,ADDR430000,ADD1437600,815438.6,,,,,814685.056914,,,,127.80969980904423,36.61854404384135
189,13000333000000034,공주시,HE0000148945,공주 학봉리 요지,공주 학봉리 요지(사적 제333호),13,0003330000000,ADDR440000,ADD1441500,32851.99,,,,,32825.732026,,,,127.25191482346249,36.3580961759598
190,12000442000000037,경주시,HE0000146119,경주 양동 관가정,경주 양동 관가정(보물 제442호),12,0004420000000,ADDR470000,ADD1471300,383.6,,,,,383.133962,,,,129.25199955564304,35.99949159189745
191,12000322000000050,제주시,HE0000148205,제주 관덕정,제주 관덕정(보물 제322호),12,0003220000000,ADDR500000,ADD1501100,458.81,,,,,458.605755,,,,126.5215135920045,33.51337974455546
192,12000212000000038,창녕군,HE0000147972,창녕 관룡사 대웅전,창녕 관룡사 대웅전(보물 제212호),12,0002120000000,ADDR480000,ADD1487400,203.88,,,,,203.767619,,,,128.55343025518394,35.53195404170692
193,12000519000000038,창녕군,HE0000145764,창녕 관룡사 석조여래좌상,창녕 관룡사 석조여래좌상(보물 제519호),12,0005190000000,ADDR480000,ADD1487400,1.3,,,,,1.299871,,,,128.5532520581542,35.531783020073426
194,12000146000000038,창녕군,HE0000148240,창녕 관룡사 약사전,창녕 관룡사 약사전(보물 제146호),12,0001460000000,ADDR480000,ADD1487400,48.13,,,,,48.107919,,,,128.55323947220796,35.53177589741138
195,12000295000000038,창녕군,HE0000148295,창녕 관룡사 용선대 석조여래좌상,창녕 관룡사 용선대 석조여래좌상(보물 제295호),12,0002950000000,ADDR480000,ADD1487400,2.31,,,,,2.306359,,,,128.5490720077781,35.53161229503183
196,13000048000000037,경주시,HE0000147161,관문성,관문성(사적 제48호),13,0000480000000,ADDR470000,ADD1471300,957779.25,,,,,956601.622386,,,,129.31619127201375,35.657898784225466
197,12000431000000037,경산시,HE0000145537,경산 팔공산 관봉 석조여래좌상,경산 팔공산 관봉 석조여래좌상(보물 제431호),12,0004310000000,ADDR470000,ADD1472900,9.1,,,,,9.067084,,,,128.73598033842214,35.98161445646347
200,12000851000000011,종로구,HE0000147107,창경궁 관천대,창경궁 관천대(보물 제851호),12,0008510000000,ADDR110000,ADD1111100,6.31,,,,,6.317415,,,,126.99494084413517,37.57748999156928
201,12000232000000034,논산시,HE0000149124,논산 관촉사 석등,논산 관촉사 석등(보물 제232호),12,0002320000000,ADDR440000,ADD1442300,4.05,,,,,4.043693,,,,127.11294238654648,36.18821384599265
1625,18000268000000037,안동시,HE0000148339,안동 번남고택,안동 번남고택(국가민속문화유산 제268호),18,0002680000000,ADDR470000,ADD1471700,3381.19,,,,,3381.18672,,,,128.85450565840293,36.7192903039377
430,16000336000000037,울릉군,HE0000148750,독도 천연보호구역,독도 천연보호구역(천연기념물 제336호),16,0003360000000,ADDR470000,ADD1479400,180749.67,,,,,180441.678638,,,,131.86601970040286,37.24204537892137
387,13000217000000031,화성시,HE0000147083,화성 당성,화성 당성(사적 제217호),13,0002170000000,ADDR410000,ADD1415900,212060.28,,,,,211911.117405,,,,126.71420959916613,37.19820928194562
388,12000021000000034,부여군,HE0000146301,부여 당 유인원 기공비,부여 당 유인원 기공비(보물 제21호),12,0000210000000,ADDR440000,ADD1447600,1.81,,,,,1.820415,,,,126.9176676440468,36.27635801867677
389,18000261000000022,동구,HE0000149207,대구 백불암 고택,대구 백불암 고택(국가민속문화유산 제261호),18,0002610000000,ADDR270000,ADD1271400,3117.78,,,,,3115.446087,,,,128.68684287571514,35.90804728117443
390,13000290000000022,중구,HE0000148694,대구 계산동성당,대구 계산동성당(사적 제290호),13,0002900000000,ADDR270000,ADD1271100,879.47,,,,,878.643925,,,,128.5878426358447,35.86791723456078
467,13000229000000034,예산군,HE0000148501,예산 윤봉길 의사 유적,예산 윤봉길 의사 유적(사적 제229호),13,0002290000000,ADDR440000,ADD1448100,140884.6,,,,,140785.587956,,,,126.6527942105381,36.68598550613666
392,16000001000000022,동구,HE0000148965,대구 도동 측백나무 숲,대구 도동 측백나무 숲(천연기념물 제1호),16,0000010000000,ADDR270000,ADD1271400,37855.49,,,,,37814.050066,,,,128.66342149904293,35.91837885226448
393,12000601000000022,동구,HE0000149132,대구 도학동 승탑,대구 도학동 승탑(보물 제601호),12,0006010000000,ADDR270000,ADD1271400,3.08,,,,,3.091315,,,,128.70422688348933,35.99253876995959
420,12000089000000036,영암군,HE0000145970,영암 도갑사 석조여래좌상,영암 도갑사 석조여래좌상(보물 제89호),12,0000890000000,ADDR460000,ADD1468300,5.36,,,,,5.367386,,,,126.66379996194337,34.753989792412426
421,12001433000000036,영암군,HE0000142871,영암 도갑사 오층석탑,영암 도갑사 오층석탑(보물 제1433호),12,0014330000000,ADDR460000,ADD1468300,4.64,,,,,4.633519,,,,126.66287546972048,34.752821900853334
422,11000050000000036,영암군,HE0000148425,영암 도갑사 해탈문,영암 도갑사 해탈문(국보 제50호),11,0000500000000,ADDR460000,ADD1468300,98.25,,,,,98.170983,,,,126.6621004911067,34.75276329337768
425,12000470000000037,구미시,HE0000145849,구미 도리사 석탑,구미 도리사 석탑(보물 제470호),12,0004700000000,ADDR470000,ADD1471900,10.0,,,,,9.967155,,,,128.3993243250005,36.25537749873849
428,12000210000000037,안동시,HE0000147970,안동 도산서원 전교당,안동 도산서원 전교당(보물 제210호),12,0002100000000,ADDR470000,ADD1471700,123.38,,,,,123.251258,,,,128.84352742181915,36.72735428835449
429,12000223000000032,철원군,HE0000148446,철원 도피안사 삼층석탑,철원 도피안사 삼층석탑(보물 제223호),12,0002230000000,ADDR510000,ADD1517800,3.14,,,,,3.124905,,,,127.2180219484737,38.24043826255729
431,12000413000000037,경주시,HE0000145551,경주 독락당,경주 독락당(보물 제413호),12,0004130000000,ADDR470000,ADD1471300,96.5,,,,,96.283441,,,,129.16012611996285,36.01668183601765
432,13000032000000011,서대문구,HE0000147412,서울 독립문,서울 독립문(사적 제32호),13,0000320000000,ADDR110000,ADD1114100,1647.83,,,,,1646.549342,,,,126.95936640659423,37.57259201127806
1891,13000170000000037,경상북도,,안동 도산서원,안동 도산서원(사적 제170호),13,0001700000000,ADDR470000,ADD1471700,506355.0,,,,,,,,,128.84309434945894,36.72833568381693
1898,18000288000000037,경상북도,,안동 풍산류씨 금계재사,안동 풍산류씨 금계재사(국가민속문화유산 제288호),18,0002880000000,ADDR470000,ADD1471700,1729.0,,,,,,,,,128.6597046544253,36.634047559099734
442,12000248000000022,동구,HE0000148363,대구 동화사 금당암 동·서 삼층석탑,대구 동화사 금당암 동·서 삼층석탑(보물 제248호),12,0002480000000,ADDR270000,ADD1271400,17.26,,,,,17.242688,,,,128.70464966188965,35.99271293193894
443,12000254000000022,동구,HE0000148443,대구 동화사 당간지주,대구 동화사 당간지주(보물 제254호),12,0002540000000,ADDR270000,ADD1271400,1.0,,,,,1.000361,,,,128.7044351244286,35.99209984762219
502,15000031000000037,문경시,HE0000144808,문경 토끼비리,문경 토끼비리(명승 제31호),15,0000310000000,ADDR470000,ADD1472800,43696.94,,,,,43656.746368,,,,128.13080499356815,36.658623520487154
507,11000011000000035,익산시,HE0000146402,익산 미륵사지 석탑,익산 미륵사지 석탑(국보 제11호),11,0000110000000,ADDR520000,ADD1521400,212.69,,,,,212.434072,,,,127.03054022992755,36.01241415215697
459,12000031000000035,남원시,HE0000145818,남원 만복사지 석조대좌,남원 만복사지 석조대좌(보물 제31호),12,0000310000000,ADDR520000,ADD1521900,4.41,,,,,4.417326,,,,127.36729494061251,35.406688056050506
460,12000030000000035,남원시,HE0000145817,남원 만복사지 오층석탑,남원 만복사지 오층석탑(보물 제30호),12,0000300000000,ADDR520000,ADD1521900,11.16,,,,,11.138145,,,,127.36780010691982,35.407022392199536
461,12000466000000038,밀양시,HE0000145845,밀양 만어사 삼층석탑,밀양 만어사 삼층석탑(보물 제466호),12,0004660000000,ADDR480000,ADD1482700,3.36,,,,,3.344835,,,,128.84647628212676,35.45468444584884
462,18000180000000037,안동시,HE0000148050,안동 예안이씨 근재재사,안동 예안이씨 근재재사(국가민속문화유산 제180호),18,0001800000000,ADDR470000,ADD1471700,2464.94,,,,,2462.203386,,,,128.57972093307268,36.61557892748685
497,12000411000000037,경주시,HE0000145549,경주 양동 무첨당,경주 양동 무첨당(보물 제411호),12,0004110000000,ADDR470000,ADD1471300,596.36,,,,,595.634466,,,,129.25269703424595,36.001949105448624
498,13000147000000037,문경시,HE0000148764,문경 조령 관문,문경 조령 관문(사적 제147호),13,0001470000000,ADDR470000,ADD1472800,51630.75,,,,,51580.5023,,,,128.068030017998,36.78551700974001
499,12000051000000037,문경시,HE0000144955,문경 내화리 삼층석탑,문경 내화리 삼층석탑(보물 제51호),12,0000510000000,ADDR470000,ADD1472800,15.75,,,,,15.68518,,,,128.29492327027998,36.692703590606754
501,15000032000000037,문경시,HE0000144810,문경새재,문경새재(명승 제32호),15,0000320000000,ADDR470000,ADD1472800,3821955.5,,,,,3818231.704422,,,,128.06877211449014,36.783089380303906
504,16000421000000050,서귀포시,HE0000148524,문섬·범섬 천연보호구역,문섬·범섬 천연보호구역(천연기념물 제421호),16,0004210000000,ADDR500000,ADD1501300,9196107.0,,,,,9190068.675987,,,,126.54093518950856,33.22305640032879
505,13000139000000031,김포시,HE0000147557,김포 문수산성,김포 문수산성(사적 제139호),13,0001390000000,ADDR410000,ADD1415700,300721.47,,,,,300516.691766,,,,126.53439540370451,37.738314550937474
506,12000236000000035,익산시,HE0000149128,익산 미륵사지 당간지주,익산 미륵사지 당간지주(보물 제236호),12,0002360000000,ADDR520000,ADD1521400,15.14,,,,,15.127998,,,,127.03093922413214,36.01168839903203
508,12000947000000036,해남군,HE0000147265,해남 미황사 대웅전,해남 미황사 대웅전(보물 제947호),12,0009470000000,ADDR460000,ADD1468200,244.25,,,,,243.971864,,,,126.57788115198039,34.38299038678522
464,13000007000000037,경주시,HE0000146911,경주 망덕사지,경주 망덕사지(사적 제7호),13,0000070000000,ADDR470000,ADD1471300,23471.32,,,,,23443.250054,,,,129.2437003439257,35.817031850600706
465,12000069000000037,경주시,HE0000144954,경주 망덕사지 당간지주,경주 망덕사지 당간지주(보물 제69호),12,0000690000000,ADDR470000,ADD1471300,1.36,,,,,1.332613,,,,129.2431619069949,35.816421825334835
466,12000173000000026,울주군,HE0000148704,울주 망해사지 승탑,울주 망해사지 승탑(보물 제173호),12,0001730000000,ADDR310000,ADD1317100,13.01,,,,,12.996187,,,,129.23807787531732,35.53283858512116
471,15000001000000032,강릉시,HE0000147277,명주 청학동 소금강,명주 청학동 소금강(명승 제1호),15,0000010000000,ADDR510000,ADD1511500,23995862.0,,,,,23969806.766147,,,,128.67755050349962,37.788541658712845
475,16000500000000036,목포시,HE0000149220,목포 갓바위 풍화혈,목포 갓바위 풍화혈(천연기념물 제500호),16,0005000000000,ADDR460000,ADD1461100,948.25,,,,,947.809568,,,,126.42562372926824,34.79202407663526
477,13000114000000036,완도군,HE0000148620,완도 묘당도 이충무공 유적,완도 묘당도 이충무공 유적(사적 제114호),13,0001140000000,ADDR460000,ADD1468900,4747.3,,,,,4743.87736,,,,126.86008018460078,34.400546077097204
479,12000356000000034,부여군,HE0000145693,부여 무량사 극락전,부여 무량사 극락전(보물 제356호),12,0003560000000,ADDR440000,ADD1447600,500.63,,,,,499.894004,,,,126.69330160556149,36.31721567432381
480,12000233000000034,부여군,HE0000149125,부여 무량사 석등,부여 무량사 석등(보물 제233호),12,0002330000000,ADDR440000,ADD1447600,2.0,,,,,2.008595,,,,126.6933255677907,36.31689210141958
481,12000185000000034,부여군,HE0000147893,부여 무량사 오층석탑,부여 무량사 오층석탑(보물 제185호),12,0001850000000,ADDR440000,ADD1447600,18.31,,,,,18.314493,,,,126.69332500057814,36.31694780387294
485,13000395000000036,무안군,HE0000148780,무안 도리포 해저유물 매장해역,무안 도리포 해저유물 매장해역(사적 제395호),13,0003950000000,ADDR460000,ADD1468400,7068572.0,,,,,7064186.633566,,,,126.30936808419351,35.15918572843292
495,16000249000000035,무주군,HE0000148729,무주 오산리 구상화강편마암,무주 오산리 구상화강편마암(천연기념물 제249호),16,0002490000000,ADDR520000,ADD1527300,6954.27,,,,,6947.681449,,,,127.6860098285637,36.03883618172445
496,16000322000000035,무주군,HE0000148451,무주 일원 반딧불이와 그 먹이 서식지,무주 일원 반딧불이와 그 먹이 서식지(천연기념물 제322호),16,0003220000000,ADDR520000,ADD1527300,126666.34,,,,,126549.004622,,,,127.80487966799174,35.97588882663684
456,13000349000000035,남원시,HE0000148741,남원 만복사지,남원 만복사지(사적 제349호),13,0003490000000,ADDR520000,ADD1521900,34193.22,,,,,34165.178644,,,,127.3677452788703,35.406453393457745
457,12000032000000035,남원시,HE0000146092,남원 만복사지 당간지주,남원 만복사지 당간지주(보물 제32호),12,0000320000000,ADDR520000,ADD1521900,1.13,,,,,1.13211,,,,127.36767710955893,35.40631360225281
458,12000043000000035,남원시,HE0000146064,남원 만복사지 석조여래입상,남원 만복사지 석조여래입상(보물 제43호),12,0000430000000,ADDR520000,ADD1521900,125.56,,,,,125.484887,,,,127.36776049115228,35.40719333896469
560,18000157000000036,보성군,HE0000147967,보성 이정래 고택,보성 이정래 고택(국가민속문화유산 제157호),18,0001570000000,ADDR460000,ADD1467800,2483.89,,,,,2482.009893,,,,127.18716614016381,34.762787104956736
571,13000503000000033,보은군,HE0000151707,보은 법주사,보은 법주사(사적 제503호),13,0005030000000,ADDR430000,ADD1437200,125888.61,,,,,125771.529067,,,,127.83344428813643,36.542257908390326
486,16000211000000036,무안군,HE0000147308,무안 용월리 백로와 왜가리 번식지,무안 용월리 백로와 왜가리 번식지(천연기념물 제211호),16,0002110000000,ADDR460000,ADD1468400,34020.2,,,,,33997.287816,,,,126.48731991461372,35.011425222502695
488,11000013000000036,강진군,HE0000146404,강진 무위사 극락보전,강진 무위사 극락보전(국보 제13호),11,0000130000000,ADDR460000,ADD1468100,207.19,,,,,206.975679,,,,126.68672520657933,34.73880234318281
489,12000507000000036,강진군,HE0000145777,강진 무위사 선각대사탑비,강진 무위사 선각대사탑비(보물 제507호),12,0005070000000,ADDR460000,ADD1468100,5.18,,,,,5.153277,,,,126.6863565083158,34.73873393442616
490,12000125000000037,경주시,HE0000146451,경주 무장사지 아미타불 조상 사적비,경주 무장사지 아미타불 조상 사적비(보물 제125호),12,0001250000000,ADDR470000,ADD1471300,2.25,,,,,2.243326,,,,129.35112842074727,35.88094137475436
491,12000126000000037,경주시,HE0000146452,경주 무장사지 삼층석탑,경주 무장사지 삼층석탑(보물 제126호),12,0001260000000,ADDR470000,ADD1471300,10.66,,,,,10.620201,,,,129.35020228570446,35.88134364420437
578,12001416000000033,보은군,HE0000145503,보은 법주사 복천암 수암화상탑,보은 법주사 복천암 수암화상탑(보물 제1416호),12,0014160000000,ADDR430000,ADD1437200,6.75,,,,,6.746631,,,,127.85487000228005,36.550071106722854
580,11000187000000037,영양군,HE0000147065,영양 산해리 오층모전석탑,영양 산해리 오층모전석탑(국보 제187호),11,0001870000000,ADDR470000,ADD1477600,46.38,,,,,46.080268,,,,129.06949075089435,36.584855422257476
1494,12000376000000038,함양군,HE0000146467,함양 교산리 석조여래좌상,함양 교산리 석조여래좌상(보물 제376호),12,0003760000000,ADDR480000,ADD1488700,5.47,,,,,5.491098,,,,127.73058971517752,35.52517890048774
829,13000182000000037,경주시,HE0000147463,경주 선덕여왕릉,경주 선덕여왕릉(사적 제182호),13,0001820000000,ADDR470000,ADD1471300,1559.75,,,,,1557.933997,,,,129.2423878465787,35.823453714928824
859,16000332000000036,신안군,HE0000147569,"신안 칠발도 바닷새류(바다제비, 슴새, 칼새) 번식지","신안 칠발도 바닷새류(바다제비, 슴새, 칼새) 번식지(천연기념물 제332호)",16,0003320000000,ADDR460000,ADD1469100,37094.23,,,,,37074.688148,,,,125.78837608406484,34.78788038621681
860,11000010000000035,남원시,HE0000146401,남원 실상사 백장암 삼층석탑,남원 실상사 백장암 삼층석탑(국보 제10호),11,0000100000000,ADDR520000,ADD1521900,3.13,,,,,3.117473,,,,127.61997625512967,35.4425383001045
861,12000040000000035,남원시,HE0000145836,남원 실상사 백장암 석등,남원 실상사 백장암 석등(보물 제40호),12,0000400000000,ADDR520000,ADD1521900,1.2,,,,,1.189618,,,,127.61995494081918,35.44255952399387
862,12000036000000035,남원시,HE0000145832,남원 실상사 승탑,남원 실상사 승탑(보물 제36호),12,0000360000000,ADDR520000,ADD1521900,2.73,,,,,2.727065,,,,127.6334850232118,35.41703254203415
863,12000037000000035,남원시,HE0000145833,남원 실상사 동·서 삼층석탑,남원 실상사 동·서 삼층석탑(보물 제37호),12,0000370000000,ADDR520000,ADD1521900,17.55,,,,,17.537971,,,,127.63523975586376,35.41674490213047
864,12000035000000035,남원시,HE0000145964,남원 실상사 석등,남원 실상사 석등(보물 제35호),12,0000350000000,ADDR520000,ADD1521900,2.91,,,,,2.903176,,,,127.63514896095325,35.41680454497639
865,12000033000000035,남원시,HE0000144974,남원 실상사 수철화상탑,남원 실상사 수철화상탑(보물 제33호),12,0000330000000,ADDR520000,ADD1521900,2.31,,,,,2.299344,,,,127.63440693341427,35.415862495855166
866,12000034000000035,남원시,HE0000145963,남원 실상사 수철화상탑비,남원 실상사 수철화상탑비(보물 제34호),12,0000340000000,ADDR520000,ADD1521900,1.61,,,,,1.612944,,,,127.6344184098293,35.41609078325097
831,13000185000000037,경주시,HE0000147466,경주 신무왕릉,경주 신무왕릉(사적 제185호),13,0001850000000,ADDR470000,ADD1471300,11878.58,,,,,11863.951434,,,,129.2595273525273,35.812612980473936
832,13000181000000037,경주시,HE0000147462,경주 신문왕릉,경주 신문왕릉(사적 제181호),13,0001810000000,ADDR470000,ADD1471300,15567.28,,,,,15548.822863,,,,129.24624000836891,35.81785102172275
769,12000047000000034,보령시,HE0000146067,보령 성주사지 서 삼층석탑,보령 성주사지 서 삼층석탑(보물 제47호),12,0000470000000,ADDR440000,ADD1441800,6.72,,,,,6.762864,,,,126.65593833146596,36.34457185030932
770,12000019000000034,보령시,HE0000146299,보령 성주사지 오층석탑,보령 성주사지 오층석탑(보물 제19호),12,0000190000000,ADDR440000,ADD1441800,8.3,,,,,8.298902,,,,126.65629804534662,36.344387305000936
771,12000020000000034,보령시,HE0000146300,보령 성주사지 중앙 삼층석탑,보령 성주사지 중앙 삼층석탑(보물 제20호),12,0000200000000,ADDR440000,ADD1441800,8.41,,,,,8.396979,,,,126.65603158334952,36.344636328273126
772,13000086000000037,성주군,HE0000147240,성주 성산동 고분군,성주 성산동 고분군(사적 제86호),13,0000860000000,ADDR470000,ADD1478400,722008.06,,,,,721270.033477,,,,128.2992254984672,35.90217161678292
773,13000444000000037,성주군,HE0000144976,성주 세종대왕자 태실,성주 세종대왕자 태실(사적 제444호),13,0004440000000,ADDR470000,ADD1478400,6079.0,,,,,6070.336136,,,,128.29497360333878,36.0144619537585
1784,12001831000000037,경상북도,,의성 대곡사 대웅전,의성 대곡사 대웅전(보물 제1831호),12,0018310000000,ADDR470000,ADD1477300,3250.0,,,,,,,,,128.37716283585482,36.49019582348423
776,12001118000000036,영암군,HE0000149186,영암 성풍사지 오층석탑,영암 성풍사지 오층석탑(보물 제1118호),12,0011180000000,ADDR460000,ADD1468300,4.94,,,,,4.962106,,,,126.70417939404257,34.79112143510489
777,12000832000000037,영주시,HE0000148480,영주 성혈사 나한전,영주 성혈사 나한전(보물 제832호),12,0008320000000,ADDR470000,ADD1472100,68.63,,,,,68.607954,,,,128.54295485087408,36.95073444118653
778,13000358000000031,파주시,HE0000149174,파주 소령원,파주 소령원(사적 제358호),13,0003580000000,ADDR410000,ADD1414800,215085.44,,,,,214924.142128,,,,126.90082843879503,37.775756738504654
779,15000018000000038,통영시,HE0000144179,소매물도 등대섬,소매물도 등대섬(명승 제18호),15,0000180000000,ADDR480000,ADD1482200,214777.0,,,,,214545.765196,,,,128.54768075372456,34.62134082484098
780,16000244000000033,단양군,HE0000148818,소백산 주목 군락,소백산 주목 군락(천연기념물 제244호),16,0002440000000,ADDR430000,ADD1438000,331152.0,,,,,330804.480608,,,,128.4787923305036,36.95949972279887
782,12001403000000037,영주시,HE0000145096,영주 소수서원 강학당,영주 소수서원 강학당(보물 제1403호),12,0014030000000,ADDR470000,ADD1472100,158.5,,,,,158.374296,,,,128.58014118351932,36.924797128984856
783,12001402000000037,영주시,HE0000145095,영주 소수서원 문성공묘,영주 소수서원 문성공묘(보물 제1402호),12,0014020000000,ADDR470000,ADD1472100,90.0,,,,,89.854648,,,,128.57983746563195,36.92492212371009
785,15000061000000033,보은군,HE0000151713,속리산 법주사 일원,속리산 법주사 일원(명승 제61호),15,0000610000000,ADDR430000,ADD1437200,18421046.0,,,,,18403891.569777,,,,127.83525628216037,36.541921157342294
1883,13000055000000037,경상북도,,영주 소수서원,영주 소수서원(사적 제55호),13,0000550000000,ADDR470000,ADD1472100,89975.0,,,,,,,,,128.58056654296882,36.9254491628673
787,11000056000000036,순천시,HE0000147881,순천 송광사 국사전,순천 송광사 국사전(국보 제56호),11,0000560000000,ADDR460000,ADD1461500,110.69,,,,,110.629806,,,,127.27648040780089,35.001892050676325
788,12000302000000036,순천시,HE0000146894,순천 송광사 약사전,순천 송광사 약사전(보물 제302호),12,0003020000000,ADDR460000,ADD1461500,44.75,,,,,44.699073,,,,127.27580721432255,35.00179760580398
789,12000303000000036,순천시,HE0000146895,순천 송광사 영산전,순천 송광사 영산전(보물 제303호),12,0003030000000,ADDR460000,ADD1461500,110.84,,,,,110.637627,,,,127.27583669984172,35.001708669272695
790,12000263000000036,순천시,HE0000148197,순천 송광사 하사당,순천 송광사 하사당(보물 제263호),12,0002630000000,ADDR460000,ADD1461500,88.72,,,,,88.565565,,,,127.2763121404491,35.002461227194715
792,18000249000000037,봉화군,HE0000144170,봉화 송석헌 고택,봉화 송석헌 고택(국가민속문화유산 제249호),18,0002490000000,ADDR470000,ADD1479200,2981.06,,,,,2977.757467,,,,128.73076292779476,36.85991335269099
793,18000250000000037,청송군,HE0000144171,청송 송소 고택,청송 송소 고택(국가민속문화유산 제250호),18,0002500000000,ADDR470000,ADD1477500,6830.45,,,,,6822.254724,,,,129.0266275930942,36.436110904238106
800,12000838000000011,동대문구,HE0000148804,서울 청계천 수표,서울 청계천 수표(보물 제838호),12,0008380000000,ADDR110000,ADD1112300,1.16,,,,,1.18487,,,,127.0438507331999,37.590615635718464
801,12000059000000037,영주시,HE0000144963,영주 숙수사지 당간지주,영주 숙수사지 당간지주(보물 제59호),12,0000590000000,ADDR470000,ADD1472100,0.41,,,,,0.412643,,,,128.57960010280792,36.92422269916599
803,18000102000000035,순창군,HE0000148755,순창 남계리 석장승,순창 남계리 석장승(국가민속문화유산 제102호),18,0001020000000,ADDR520000,ADD1527700,0.2,,,,,0.189913,,,,127.14903954838385,35.37726092481223
804,18000101000000035,순창군,HE0000148754,순창 충신리 석장승,순창 충신리 석장승(국가민속문화유산 제101호),18,0001010000000,ADDR520000,ADD1527700,0.2,,,,,0.198085,,,,127.14876868094031,35.37722864350171
805,13000507000000036,순천시,HE0000151717,순천 선암사,순천 선암사(사적 제507호),13,0005070000000,ADDR460000,ADD1461500,29014.39,,,,,28990.374002,,,,127.3301213056543,34.99655398419601
807,13000418000000036,순천시,HE0000148370,순천 검단산성,순천 검단산성(사적 제418호),13,0004180000000,ADDR460000,ADD1461500,36136.14,,,,,36103.767027,,,,127.55029628271846,34.91258171395058
762,18000068000000050,서귀포시,HE0000144413,제주 성읍마을 객주집,제주 성읍마을 객주집(국가민속문화유산 제68호),18,0000680000000,ADDR500000,ADD1501300,1073.55,,,,,1072.485791,,,,126.80173110915676,33.38687792907844
763,18000071000000050,서귀포시,HE0000148957,제주 성읍마을 한봉일 고택,제주 성읍마을 한봉일 고택(국가민속문화유산 제71호),18,0000710000000,ADDR500000,ADD1501300,789.7,,,,,789.075258,,,,126.80320923516537,33.387152813376574
709,15000036000000011,종로구,HE0000143413,서울 부암동 백석동천,서울 부암동 백석동천(명승 제36호),15,0000360000000,ADDR110000,ADD1111100,50623.34,,,,,50587.253866,,,,126.9660631162984,37.60053995933132
711,12000177000000011,종로구,HE0000147885,사직단 대문,사직단 대문(보물 제177호),12,0001770000000,ADDR110000,ADD1111100,114.75,,,,,114.452486,,,,126.9686314679161,37.57571656248442
714,13000284000000011,중구,HE0000148322,구 서울역사,구 서울역사(사적 제284호),13,0002840000000,ADDR110000,ADD1111400,2977.66,,,,,2974.955147,,,,126.97160063720192,37.55589673515266
715,13000461000000011,종로구,HE0000146260,"서울 청계천 유적(광통교지,수표교지와 오간수문지)","서울 청계천 유적(광통교지,수표교지와 오간수문지)(사적 제461호)",13,0004610000000,ADDR110000,ADD1111100,11255.57,,,,,11246.933178,,,,126.99386263603938,37.568963494019
716,12000166000000011,용산구,HE0000146627,서울 홍제동 오층석탑,서울 홍제동 오층석탑(보물 제166호),12,0001660000000,ADDR110000,ADD1111700,1.44,,,,,1.427131,,,,126.98098944013844,37.52206137023168
717,12000001000000011,종로구,HE0000145811,서울 흥인지문,서울 흥인지문(보물 제1호),12,0000010000000,ADDR110000,ADD1111100,1133.32,,,,,1131.903065,,,,127.00975914093158,37.57116965455197
719,13000473000000034,서천군,HE0000144225,서천 봉선리 유적,서천 봉선리 유적(사적 제473호),13,0004730000000,ADDR440000,ADD1447700,251276.8,,,,,251096.812737,,,,126.76354147125254,36.13035928056056
721,13000138000000037,경주시,HE0000147555,경주 서출지,경주 서출지(사적 제138호),13,0001380000000,ADDR470000,ADD1471300,7332.42,,,,,7323.327561,,,,129.24227155741693,35.79644625275465
722,12000911000000037,경주시,HE0000148826,경주 석굴암 삼층석탑,경주 석굴암 삼층석탑(보물 제911호),12,0009110000000,ADDR470000,ADD1471300,3.55,,,,,3.548354,,,,129.35093744730958,35.79539598593959
723,11000024000000037,경주시,HE0000149168,경주 석굴암 석굴,경주 석굴암 석굴(국보 제24호),11,0000240000000,ADDR470000,ADD1471300,11676.34,,,,,11662.309979,,,,129.35007958601622,35.794948550104344
724,12000369000000026,울주군,HE0000146386,울주 석남사 승탑,울주 석남사 승탑(보물 제369호),12,0003690000000,ADDR310000,ADD1317100,1.51,,,,,1.499951,,,,129.03263237597056,35.62169876512698
728,12000351000000011,서대문구,HE0000145699,전 양평 보리사지 대경대사탑,전 양평 보리사지 대경대사탑(보물 제351호),12,0003510000000,ADDR110000,ADD1114100,2.43,,,,,2.417355,,,,126.94868073837746,37.5629375890828
731,13000436000000011,동대문구,HE0000145110,서울 선농단,서울 선농단(사적 제436호),13,0004360000000,ADDR110000,ADD1112300,4059.99,,,,,4056.935011,,,,127.03204045601835,37.58102098739265
1947,18000282000010037,경상북도,,평산신씨 판사공파 종택,평산신씨 판사공파 종택(국가민속문화유산제282-1호),18,0002820000100,ADDR470000,ADD1477500,4217.0,,,,,,,,,129.02265306762962,36.45849962899806
732,13000199000000011,강남구,HE0000147271,서울 선릉과 정릉,서울 선릉과 정릉(사적 제199호),13,0001990000000,ADDR110000,ADD1116800,240596.67,,,,,240408.271435,,,,127.04941140596664,37.50795707283745
733,12000447000000032,양양군,HE0000146124,양양 선림원지 승탑,양양 선림원지 승탑(보물 제447호),12,0004470000000,ADDR510000,ADD1518300,2.41,,,,,2.392003,,,,128.5163399672844,37.944938812422095
734,12000444000000032,양양군,HE0000146121,양양 선림원지 삼층석탑,양양 선림원지 삼층석탑(보물 제444호),12,0004440000000,ADDR510000,ADD1518300,8.59,,,,,8.577359,,,,128.51627083811084,37.9445014375077
735,12000445000000032,양양군,HE0000146122,양양 선림원지 석등,양양 선림원지 석등(보물 제445호),12,0004450000000,ADDR510000,ADD1518300,2.59,,,,,2.563697,,,,128.51599001371582,37.94525709638079
736,12000446000000032,양양군,HE0000146123,양양 선림원지 홍각선사탑비,양양 선림원지 홍각선사탑비(보물 제446호),12,0004460000000,ADDR510000,ADD1518300,2.56,,,,,2.557843,,,,128.51593860733752,37.94536090581284
737,12000251000000037,칠곡군,HE0000148440,칠곡 선봉사 대각국사비,칠곡 선봉사 대각국사비(보물 제251호),12,0002510000000,ADDR470000,ADD1478500,2.3,,,,,2.287199,,,,128.32795134982385,36.08690352540262
738,12000469000000037,구미시,HE0000145848,구미 낙산리 삼층석탑,구미 낙산리 삼층석탑(보물 제469호),12,0004690000000,ADDR470000,ADD1471900,18.25,,,,,18.357476,,,,128.3620330323396,36.25164358391927
739,13000336000000037,구미시,HE0000148713,구미 낙산리 고분군,구미 낙산리 고분군(사적 제336호),13,0003360000000,ADDR470000,ADD1471900,260265.23,,,,,259996.832162,,,,128.35156846695673,36.25713852560649
741,12000492000000037,구미시,HE0000146181,구미 해평리 석조여래좌상,구미 해평리 석조여래좌상(보물 제492호),12,0004920000000,ADDR470000,ADD1471900,0.95,,,,,0.9297,,,,128.37398253573357,36.20378578782088
743,12001185000000036,순천시,HE0000148289,순천 선암사 동 승탑,순천 선암사 동 승탑(보물 제1185호),12,0011850000000,ADDR460000,ADD1461500,2.2,,,,,2.181787,,,,127.32969920960123,34.99831653510838
745,12000395000000036,순천시,HE0000146380,순천 선암사 동·서 삼층석탑,순천 선암사 동·서 삼층석탑(보물 제395호),12,0003950000000,ADDR460000,ADD1461500,16.06,,,,,16.050547,,,,127.33120048658724,34.99642796519762
746,12000400000000036,순천시,HE0000146384,순천 선암사 승선교,순천 선암사 승선교(보물 제400호),12,0004000000000,ADDR460000,ADD1461500,45.06,,,,,44.931022,,,,127.33332163510984,34.99396761762324
747,12000290000000035,고창군,HE0000148208,고창 선운사 대웅전,고창 선운사 대웅전(보물 제290호),12,0002900000000,ADDR520000,ADD1527900,409.13,,,,,408.578772,,,,126.5781447662475,35.49720503231322
748,12001200000000035,고창군,HE0000148653,고창 선운사 동불암지 마애여래좌상,고창 선운사 동불암지 마애여래좌상(보물 제1200호),12,0012000000000,ADDR520000,ADD1527900,131.34,,,,,131.335548,,,,126.56280608212937,35.48098506530812
749,12000803000000035,고창군,HE0000148400,고창 선운사 참당암 대웅전,고창 선운사 참당암 대웅전(보물 제803호),12,0008030000000,ADDR520000,ADD1527900,204.94,,,,,204.84088,,,,126.56376763822435,35.49304535569754
750,13000083000000011,성북구,HE0000147237,서울 선잠단지,서울 선잠단지(사적 제83호),13,0000830000000,ADDR110000,ADD1112900,1494.42,,,,,1493.024314,,,,126.9993823565236,37.593816484995436
1367,12000658000000033,충주시,HE0000148085,충주 청룡사지 보각국사탑비,충주 청룡사지 보각국사탑비(보물 제658호),12,0006580000000,ADDR430000,ADD1431300,2.17,,,,,2.159126,,,,127.83809402711925,37.13091170366953
1452,16000415000000037,포항시,HE0000148518,포항 달전리 주상절리,포항 달전리 주상절리(천연기념물 제415호),16,0004150000000,ADDR470000,ADD1471100,31971.62,,,,,31933.998415,,,,129.29533003722548,36.028519426479974
1453,16000371000000037,포항시,HE0000147745,포항 발산리 모감주나무와 병아리꽃나무 군락,포항 발산리 모감주나무와 병아리꽃나무 군락(천연기념물 제371호),16,0003710000000,ADDR470000,ADD1471100,28801.68,,,,,28765.285421,,,,129.51750326351038,36.04513900691981
1524,12001300000000038,합천군,HE0000148488,합천 해인사 홍제암,합천 해인사 홍제암(보물 제1300호),12,0013000000000,ADDR480000,ADD1488900,711.92,,,,,711.015932,,,,128.0951806725633,35.80255152023796
1525,18000169000000037,봉화군,HE0000147932,봉화 만회고택,봉화 만회고택(국가민속문화유산 제169호),18,0001690000000,ADDR470000,ADD1479200,2757.47,,,,,2755.123133,,,,128.71526453773882,36.897254604693096
1526,13000056000000031,고양시,HE0000147163,고양 행주산성,고양 행주산성(사적 제56호),13,0000560000000,ADDR410000,ADD1412800,354913.94,,,,,354652.9301,,,,126.82679920865719,37.59767118490231
1527,12000412000000037,경주시,HE0000145550,경주 양동 향단,경주 양동 향단(보물 제412호),12,0004120000000,ADDR470000,ADD1471300,482.07,,,,,481.486763,,,,129.25287587005107,36.00006197106943
1528,16000247000000032,인제군,HE0000147379,향로봉·건봉산 천연보호구역,향로봉·건봉산 천연보호구역(천연기념물 제247호),16,0002470000000,ADDR510000,ADD1518100,111108728.0,,,,,110995768.47669,,,,128.3245550526197,38.401438798775736
1529,12000443000000032,속초시,HE0000146120,속초 향성사지 삼층석탑,속초 향성사지 삼층석탑(보물 제443호),12,0004430000000,ADDR510000,ADD1512100,10.72,,,,,10.699673,,,,128.499518322423,38.17199907255453
1530,13000194000000011,서초구,HE0000147306,서울 헌릉과 인릉,서울 헌릉과 인릉(사적 제194호),13,0001940000000,ADDR110000,ADD1116500,1059804.6,,,,,1058974.580882,,,,127.08223899660229,37.466791049253466
1531,12000610000000037,영양군,HE0000147992,영양 현리 삼층석탑,영양 현리 삼층석탑(보물 제610호),12,0006100000000,ADDR470000,ADD1477600,10.94,,,,,10.850475,,,,129.11359785971246,36.65224005323212
1532,12000673000000022,달성군,HE0000146470,달성 현풍 석빙고,달성 현풍 석빙고(보물 제673호),12,0006730000000,ADDR270000,ADD1277100,327.97,,,,,327.910173,,,,128.45024794207907,35.697618193763255
1340,12000816000000011,종로구,HE0000149136,창덕궁 대조전,창덕궁 대조전(보물 제816호),12,0008160000000,ADDR110000,ADD1111100,1094.72,,,,,1094.277919,,,,126.99238915556187,37.58013791405129
1506,12000222000000038,합천군,HE0000148445,합천 치인리 마애여래입상,합천 치인리 마애여래입상(보물 제222호),12,0002220000000,ADDR480000,ADD1488900,5.28,,,,,5.272628,,,,128.116701481935,35.813357120887325
76,13000026000000037,경주시,HE0000148674,경주 원성왕릉,경주 원성왕릉(사적 제26호),13,0000260000000,ADDR470000,ADD1471300,76603.08,,,,,76506.739843,,,,129.3196241373997,35.75926351707774
44,12000219000000034,논산시,HE0000148534,논산 개태사지 석조여래삼존입상,논산 개태사지 석조여래삼존입상(보물 제219호),12,0002190000000,ADDR440000,ADD1442300,12.46,,,,,12.452559,,,,127.22927540456283,36.24098261127176
1330,13000486000000038,창녕군,HE0000146834,창녕 비봉리 패총,창녕 비봉리 패총(사적 제486호),13,0004860000000,ADDR480000,ADD1487400,4200.81,,,,,4196.537159,,,,128.64532921187484,35.4107350100354
1331,12000310000000038,창녕군,HE0000145463,창녕 석빙고,창녕 석빙고(보물 제310호),12,0003100000000,ADDR480000,ADD1487400,568.88,,,,,568.34393,,,,128.4984582070716,35.54256818970505
1333,12000075000000038,창녕군,HE0000146446,창녕 송현동 마애여래좌상,창녕 송현동 마애여래좌상(보물 제75호),12,0000750000000,ADDR480000,ADD1487400,6.63,,,,,6.632818,,,,128.50843699508573,35.54110840833979
1334,11000034000000038,창녕군,HE0000145883,창녕 술정리 동 삼층석탑,창녕 술정리 동 삼층석탑(국보 제34호),11,0000340000000,ADDR480000,ADD1487400,12.81,,,,,12.865948,,,,128.49610014844995,35.53959987464054
1335,18000010000000038,창녕군,HE0000147487,창녕 진양하씨 고택,창녕 진양하씨 고택(국가민속문화유산 제10호),18,0000100000000,ADDR480000,ADD1487400,872.2,,,,,870.819936,,,,128.49609557529845,35.54047786636538
1336,11000033000000038,창녕군,HE0000145882,창녕 신라 진흥왕 척경비,창녕 신라 진흥왕 척경비(국보 제33호),11,0000330000000,ADDR480000,ADD1487400,2.21,,,,,2.189806,,,,128.50264393721707,35.5407231169594
1339,12000817000000011,종로구,HE0000149137,창덕궁 선원전,창덕궁 선원전(보물 제817호),12,0008170000000,ADDR110000,ADD1111100,569.38,,,,,569.249928,,,,126.99009704028752,37.579648498991546
1341,12000814000000011,종로구,HE0000149134,창덕궁 선정전,창덕궁 선정전(보물 제814호),12,0008140000000,ADDR110000,ADD1111100,398.15,,,,,397.771707,,,,126.9917129373619,37.57959398174468
1441,12001323000000031,파주시,HE0000146271,파주 공효공 박중손묘 장명등,파주 공효공 박중손묘 장명등(보물 제1323호),12,0013230000000,ADDR410000,ADD1414800,1.6,,,,,1.594805,,,,126.71768441530158,37.82493392677423
1509,13000449000000036,해남군,HE0000145359,해남 군곡리 패총,해남 군곡리 패총(사적 제449호),13,0004490000000,ADDR460000,ADD1468200,83962.25,,,,,83906.716089,,,,126.53204833633478,34.40340158975557
1510,16000241000000036,해남군,HE0000148817,해남 녹우단 비자나무 숲,해남 녹우단 비자나무 숲(천연기념물 제241호),16,0002410000000,ADDR460000,ADD1468200,30001.0,,,,,29981.513743,,,,126.6275355303747,34.5509564785716
1511,16000173000000036,해남군,HE0000147825,해남 대둔산 왕벚나무 자생지,해남 대둔산 왕벚나무 자생지(천연기념물 제173호),16,0001730000000,ADDR460000,ADD1468200,34096.0,,,,,34072.985982,,,,126.60832231568328,34.482722168747856
1514,13000432000000036,해남군,HE0000145957,해남 윤선도 유적,해남 윤선도 유적(사적 제432호),13,0004320000000,ADDR460000,ADD1468200,148877.11,,,,,148776.74899,,,,126.56837108330711,34.50322041128966
1516,18000153000000036,해남군,HE0000147223,해남 윤철하 고택,해남 윤철하 고택(국가민속문화유산 제153호),18,0001530000000,ADDR460000,ADD1468200,4256.97,,,,,4254.133268,,,,126.5596836866883,34.42748880510427
1912,13000508000000036,전라남도,,해남 대흥사,해남 대흥사(사적 제508호),13,0005080000000,ADDR460000,ADD1468200,112813.0,,,,,,,,,126.61730474814469,34.47585163372154
78,13000350000000037,경주시,HE0000148742,경주 구정동 고분군,경주 구정동 고분군(사적 제350호),13,0003500000000,ADDR470000,ADD1471300,6146.75,,,,,6138.883158,,,,129.30158087901324,35.78208458109796
1342,12000813000000011,종로구,HE0000148808,창덕궁 인정문,창덕궁 인정문(보물 제813호),12,0008130000000,ADDR110000,ADD1111100,1575.58,,,,,1574.780668,,,,126.9911265049872,37.57891068610908
1343,11000225000000011,종로구,HE0000146338,창덕궁 인정전,창덕궁 인정전(국보 제225호),11,0002250000000,ADDR110000,ADD1111100,1521.5,,,,,1520.262442,,,,126.99110946392156,37.57931042885452
1344,12000815000000011,종로구,HE0000149135,창덕궁 희정당,창덕궁 희정당(보물 제815호),12,0008150000000,ADDR110000,ADD1111100,800.49,,,,,800.232842,,,,126.99227370659999,37.579743704613826
1345,12000014000000031,수원시,HE0000145819,수원 창성사지 진각국사탑비,수원 창성사지 진각국사탑비(보물 제14호),12,0000140000000,ADDR410000,ADD1411100,1.32,,,,,1.335883,,,,127.01872461884518,37.28684932216163
1346,18000173000000037,청송군,HE0000147335,청송 후송당 고택,청송 후송당 고택(국가민속문화유산 제173호),18,0001730000000,ADDR470000,ADD1477500,4213.31,,,,,4208.223463,,,,129.0096928835106,36.290104279383804
1348,12000795000000036,장흥군,HE0000148392,장흥 천관사 삼층석탑,장흥 천관사 삼층석탑(보물 제795호),12,0007950000000,ADDR460000,ADD1468000,5.53,,,,,5.513806,,,,126.90450659930151,34.551975051991924
1349,12001188000000037,경주시,HE0000148366,경주 남산 천룡사지 삼층석탑,경주 남산 천룡사지 삼층석탑(보물 제1188호),12,0011880000000,ADDR470000,ADD1471300,6.0,,,,,6.031772,,,,129.22140811801663,35.764801542849284
1351,13000129000000026,울주군,HE0000147546,울주 천황산 요지,울주 천황산 요지(사적 제129호),13,0001290000000,ADDR310000,ADD1317100,198180.0,,,,,197945.458634,,,,129.00751527670886,35.57415684076846
1403,13000501000000034,보령시,HE0000149211,보령 충청수영성,보령 충청수영성(사적 제501호),13,0005010000000,ADDR440000,ADD1441800,11187.68,,,,,11180.479323,,,,126.52332009633383,36.4381037093846
1404,12000414000000037,안동시,HE0000145552,안동 하회 충효당,안동 하회 충효당(보물 제414호),12,0004140000000,ADDR470000,ADD1471700,506.5,,,,,505.9759,,,,128.51712284444434,36.53843252007169
1405,16000146000000037,칠곡군,HE0000148687,칠곡 금무봉 나무고사리 화석산지,칠곡 금무봉 나무고사리 화석산지(천연기념물 제146호),16,0001460000000,ADDR470000,ADD1478500,1578143.6,,,,,1576492.510187,,,,128.42665664151028,35.95521496307272
1489,16000222000000038,함안군,HE0000147314,함안 용산리 백악기 새발자국 화석산지,함안 용산리 백악기 새발자국 화석산지(천연기념물 제222호),16,0002220000000,ADDR480000,ADD1487300,12500.68,,,,,12488.185142,,,,128.51217212328527,35.3104973940737
1144,12000374000000038,산청군,HE0000146465,산청 율곡사 대웅전,산청 율곡사 대웅전(보물 제374호),12,0003740000000,ADDR480000,ADD1488600,212.38,,,,,212.101592,,,,127.96664549372065,35.41642953887531
1145,18000174000000037,예천군,HE0000147869,예천 물체당 고택,예천 물체당 고택(국가민속문화유산 제174호),18,0001740000000,ADDR470000,ADD1479000,2044.25,,,,,2042.633559,,,,128.3637270213301,36.6400455527671
1220,16000073000000032,정선군,HE0000146550,정선 정암사 열목어 서식지,정선 정암사 열목어 서식지(천연기념물 제73호),16,0000730000000,ADDR510000,ADD1517700,2220543.8,,,,,2218031.662994,,,,128.90590147438783,37.18507671234323
1221,12000161000000023,강화군,HE0000146623,강화 정수사 법당,강화 정수사 법당(보물 제161호),12,0001610000000,ADDR280000,ADD1287100,150.25,,,,,150.580323,,,,126.44580064956067,37.60847490833964
1223,18000205000000038,거창군,HE0000148211,거창 동계종택,거창 동계종택(국가민속문화유산 제205호),18,0002050000000,ADDR480000,ADD1488800,2669.22,,,,,2666.731978,,,,127.82875614211663,35.75519831007997
1224,13000494000000035,정읍시,HE0000146485,정읍 고사부리성,정읍 고사부리성(사적 제494호),13,0004940000000,ADDR520000,ADD1521800,90172.89,,,,,90108.851468,,,,126.77009716798591,35.62453119101759
1226,12000914000000035,정읍시,HE0000148732,정읍 보화리 석조이불입상,정읍 보화리 석조이불입상(보물 제914호),12,0009140000000,ADDR520000,ADD1521800,23.59,,,,,23.567315,,,,126.77737351975743,35.559318878563474
1227,12000167000000035,정읍시,HE0000146628,정읍 은선리 삼층석탑,정읍 은선리 삼층석탑(보물 제167호),12,0001670000000,ADDR520000,ADD1521800,8.13,,,,,8.120119,,,,126.79367024970784,35.64367976182511
1238,16000384000000050,제주시,HE0000148461,제주 당처물동굴,제주 당처물동굴(천연기념물 제384호),16,0003840000000,ADDR500000,ADD1501100,57676.77,,,,,57635.71633,,,,126.78425395641084,33.55699965575438
1244,16000464000000050,서귀포시,HE0000146815,제주 사람발자국과 동물발자국 화석산지,제주 사람발자국과 동물발자국 화석산지(천연기념물 제464호),16,0004640000000,ADDR500000,ADD1501300,124751.8,,,,,124675.722499,,,,126.29403783862934,33.2177255286993
1726,16000182000000050,,HE0000147832,한라산 천연보호구역,한라산 천연보호구역(천연기념물 제182호),16,0001820000000,ADDR500000,ADD1500011,132576064.0,,,,,,,,,126.60212269127601,33.30922197508514
1241,16000027000000050,서귀포시,HE0000148875,제주 무태장어 서식지,제주 무태장어 서식지(천연기념물 제27호),16,0000270000000,ADDR500000,ADD1501300,263591.38,,,,,263421.041046,,,,126.52768764021943,33.2495781001885
1242,16000159000000050,제주시,HE0000147172,제주 봉개동 왕벚나무 자생지,제주 봉개동 왕벚나무 자생지(천연기념물 제159호),16,0001590000000,ADDR500000,ADD1501100,1357.08,,,,,1356.170022,,,,126.59496098681008,33.42874684367589
1729,18000270000000036,,HE0000153706,장흥 오헌고택,장흥 오헌고택(국가민속문화유산 제270호),18,0002700000000,ADDR460000,ADD1468000,,,,,,,,,,126.93950579997677,34.548951727013346
1245,16000333000000050,제주시,HE0000147570,"제주 사수도 바닷새류(흑비둘기, 슴새) 번식지","제주 사수도 바닷새류(흑비둘기, 슴새) 번식지(천연기념물 제333호)",16,0003330000000,ADDR500000,ADD1501100,138556.02,,,,,138461.383791,,,,126.63795958735896,33.92059218260033
1248,16000018000000050,서귀포시,HE0000148866,제주 삼도 파초일엽 자생지,제주 삼도 파초일엽 자생지(천연기념물 제18호),16,0000180000000,ADDR500000,ADD1501300,142034.2,,,,,141936.959418,,,,126.59932049768223,33.23036631864787
1233,18000148000000033,제천시,HE0000147941,제천 정원태 고택,제천 정원태 고택(국가민속문화유산 제148호),18,0001480000000,ADDR430000,ADD1431500,4971.78,,,,,4966.558297,,,,128.17204799864334,37.086307813711414
1234,16000513000000050,제주시,HE0000151720,제주 수월봉 화산쇄설층,제주 수월봉 화산쇄설층(천연기념물 제513호),16,0005130000000,ADDR500000,ADD1501100,211011.28,,,,,210889.529968,,,,126.16407383644997,33.29690152351507
1905,16000551000000034,,HE0000153713,당진 면천 은행나무,당진 면천 은행나무(천연기념물 제551호),16,0005510000000,ADDR440000,ADD1448300,,,,,,,,,,126.66809064856261,36.81746132141586
1491,12000375000000038,함양군,HE0000146466,함양 덕전리 마애여래입상,함양 덕전리 마애여래입상(보물 제375호),12,0003750000000,ADDR480000,ADD1488700,26.09,,,,,26.178973,,,,127.65540451489585,35.38491824218761
1232,18000137000000033,제천시,HE0000148652,제천 박용원 고택,제천 박용원 고택(국가민속문화유산 제137호),18,0001370000000,ADDR430000,ADD1431500,2254.86,,,,,2252.912159,,,,128.16487872815398,37.0677628997883
1579,13000157000000011,중구,HE0000148829,환구단,환구단(사적 제157호),13,0001570000000,ADDR110000,ADD1111400,4278.49,,,,,4275.965701,,,,126.9797683164893,37.56489892318864
1580,12000562000000037,경산시,HE0000148705,경산 환성사 대웅전,경산 환성사 대웅전(보물 제562호),12,0005620000000,ADDR470000,ADD1472900,292.0,,,,,291.969023,,,,128.7656939611995,35.936407856554474
1581,13000006000000037,경주시,HE0000146910,경주 황룡사지,경주 황룡사지(사적 제6호),13,0000060000000,ADDR470000,ADD1471300,389218.12,,,,,388751.715988,,,,129.23282584285042,35.83686722649668
1583,13000104000000035,남원시,HE0000147299,남원 황산대첩비지,남원 황산대첩비지(사적 제104호),13,0001040000000,ADDR520000,ADD1521900,28544.69,,,,,28520.217297,,,,127.561707481887,35.45788897292715
958,13000382000000031,여주군,HE0000149122,여주 고달사지,여주 고달사지(사적 제382호),13,0003820000000,ADDR410000,ADD1417300,40493.25,,,,,40457.981017,,,,127.65325565227313,37.39319572321948
959,18000126000000031,여주군,HE0000144861,여주 보통리 고택,여주 보통리 고택(국가민속문화유산 제126호),18,0001260000000,ADDR410000,ADD1417300,2599.28,,,,,2597.800702,,,,127.5725909826616,37.3750496125911
960,16000209000000031,여주군,HE0000148471,여주 신접리 백로와 왜가리 번식지,여주 신접리 백로와 왜가리 번식지(천연기념물 제209호),16,0002090000000,ADDR410000,ADD1417300,6486.31,,,,,6480.463794,,,,127.68701431384021,37.32556042313048
961,12000091000000031,여주군,HE0000145971,여주 창리 삼층석탑,여주 창리 삼층석탑(보물 제91호),12,0000910000000,ADDR410000,ADD1417300,2.41,,,,,2.401177,,,,127.64809008627518,37.294250366655
962,12000092000000031,여주군,HE0000145972,여주 하리 삼층석탑,여주 하리 삼층석탑(보물 제92호),12,0000920000000,ADDR410000,ADD1417300,1.89,,,,,1.885768,,,,127.6481331236645,37.29419747847794
1845,12001709000000031,경기도,,수원 방화수류정,수원 방화수류정(보물 제1709호),12,0017090000000,ADDR410000,ADD1411100,,,,,,,,,,127.01814063735874,37.28758500377201
1059,16000507000000023,옹진군,HE0000149677,옹진 백령도 남포리 습곡구조,옹진 백령도 남포리 습곡구조(천연기념물 제507호),16,0005070000000,ADDR280000,ADD1287200,79995.01,,,,,79972.279328,,,,124.67285098670126,37.922119927211064
1228,12000017000000033,충주시,HE0000146095,충주 정토사지 법경대사탑비,충주 정토사지 법경대사탑비(보물 제17호),12,0000170000000,ADDR430000,ADD1431300,6.13,,,,,6.148819,,,,128.0470290863082,37.03061723947036
1143,18000196000000034,아산시,HE0000147121,아산 윤보선 대통령 생가,아산 윤보선 대통령 생가(국가민속문화유산 제196호),18,0001960000000,ADDR440000,ADD1442000,3569.67,,,,,3566.360293,,,,127.01840225767536,36.89725850388141
1562,16000487000000036,화순군,HE0000144064,화순 서유리 공룡발자국 화석산지,화순 서유리 공룡발자국 화석산지(천연기념물 제487호),16,0004870000000,ADDR460000,ADD1467900,33524.48,,,,,33498.857063,,,,127.09024823450758,35.16955392860206
125,13000018000000037,경주시,HE0000146919,경주 동궁과 월지,경주 동궁과 월지(사적 제18호),13,0000180000000,ADDR470000,ADD1471300,173294.9,,,,,173085.27361,,,,129.22665490146636,35.83448529155876
1399,13000463000000033,충주시,HE0000146261,충주 루암리 고분군,충주 루암리 고분군(사적 제463호),13,0004630000000,ADDR430000,ADD1431300,55661.36,,,,,55611.132981,,,,127.86432866513148,37.00194109183439
1401,13000400000000033,충주시,HE0000148785,충주 장미산성,충주 장미산성(사적 제400호),13,0004000000000,ADDR430000,ADD1431300,441283.06,,,,,440873.524142,,,,127.85668482308056,37.04773142653063
1476,12001275000000032,인제군,HE0000149149,인제 한계사지 남 삼층석탑,인제 한계사지 남 삼층석탑(보물 제1275호),12,0012750000000,ADDR510000,ADD1518100,5.16,,,,,5.10464,,,,128.34112324625957,38.12065389369425
1477,12001276000000032,인제군,HE0000148902,인제 한계사지 북 삼층석탑,인제 한계사지 북 삼층석탑(보물 제1276호),12,0012760000000,ADDR510000,ADD1518100,5.88,,,,,5.85924,,,,128.34056586085376,38.12109246601582
1478,13000280000000011,중구,HE0000148633,서울 한국은행 본관,서울 한국은행 본관(사적 제280호),13,0002800000000,ADDR110000,ADD1111400,4140.55,,,,,4137.657933,,,,126.98061484853571,37.56190752079172
1480,13000113000000038,통영시,HE0000148619,통영 한산도 이충무공 유적,통영 한산도 이충무공 유적(사적 제113호),13,0001130000000,ADDR480000,ADD1482200,525167.56,,,,,524609.216921,,,,128.47267186408038,34.792636767473546
1484,16000346000000038,함안군,HE0000149110,함안 대송리 늪지식물,함안 대송리 늪지식물(천연기념물 제346호),16,0003460000000,ADDR480000,ADD1487300,38169.68,,,,,38132.289612,,,,128.33774325376348,35.33907646067865
1563,18000152000000036,화순군,HE0000147222,화순 양참사댁,화순 양참사댁(국가민속문화유산 제152호),18,0001520000000,ADDR460000,ADD1467900,1926.45,,,,,1925.047413,,,,126.9113673466966,34.9844010746115
1564,18000154000000036,화순군,HE0000147224,화순 학재고택,화순 학재고택(국가민속문화유산 제154호),18,0001540000000,ADDR460000,ADD1467900,1281.56,,,,,1280.457461,,,,126.91151170753491,34.98416161712356
1565,13000312000000036,화순군,HE0000148725,화순 운주사지,화순 운주사지(사적 제312호),13,0003120000000,ADDR460000,ADD1467900,488481.84,,,,,488123.418612,,,,126.8792617667982,34.92449422633617
1566,13000410000000036,화순군,HE0000148864,화순 효산리와 대신리 지석묘군,화순 효산리와 대신리 지석묘군(사적 제410호),13,0004100000000,ADDR460000,ADD1467900,1998925.9,,,,,1997434.776904,,,,126.93079728027823,34.97610456006394
1568,12000662000000035,완주군,HE0000148301,완주 화암사 우화루,완주 화암사 우화루(보물 제662호),12,0006620000000,ADDR520000,ADD1527100,199.13,,,,,199.037228,,,,127.28708556969016,36.066207332200904
1569,11000067000000036,구례군,HE0000148181,구례 화엄사 각황전,구례 화엄사 각황전(국보 제67호),11,0000670000000,ADDR460000,ADD1467300,817.5,,,,,816.81528,,,,127.49722071807042,35.25720182508856
1570,11000012000000036,구례군,HE0000146403,구례 화엄사 각황전 앞 석등,구례 화엄사 각황전 앞 석등(국보 제12호),11,0000120000000,ADDR460000,ADD1467300,4.9,,,,,4.916902,,,,127.49744448701888,35.25715452727783
1250,16000432000000050,서귀포시,HE0000146418,제주 상효동 한란 자생지,제주 상효동 한란 자생지(천연기념물 제432호),16,0004320000000,ADDR500000,ADD1501300,433251.34,,,,,432958.92298,,,,126.58165932371197,33.299236259413014
1255,16000467000000050,서귀포시,HE0000144858,제주 수산동굴,제주 수산동굴(천연기념물 제467호),16,0004670000000,ADDR500000,ADD1501300,457078.75,,,,,456744.810548,,,,126.85186786257648,33.42325433114675
1256,16000156000000050,서귀포시,HE0000147104,제주 신례리 왕벚나무 자생지,제주 신례리 왕벚나무 자생지(천연기념물 제156호),16,0001560000000,ADDR500000,ADD1501300,186208.33,,,,,186083.182507,,,,126.61031197556329,33.33693054197937
1257,16000377000000050,서귀포시,HE0000144412,제주 안덕계곡 상록수림,제주 안덕계곡 상록수림(천연기념물 제377호),16,0003770000000,ADDR500000,ADD1501300,20444.17,,,,,20432.275603,,,,126.35403093791696,33.25668746451324
1259,16000442000000050,서귀포시,HE0000145034,제주연안 연산호 군락,제주연안 연산호 군락(천연기념물 제442호),16,0004420000000,ADDR500000,ADD1501300,90168504.0,,,,,90109751.92545,,,,126.48014014127992,33.23117834481132
1261,16000438000000050,제주시,HE0000144985,제주 우도 홍조단괴 해빈,제주 우도 홍조단괴 해빈(천연기념물 제438호),16,0004380000000,ADDR500000,ADD1501100,873742.2,,,,,873093.747375,,,,126.94066339677218,33.5032698189297
1272,15000048000000033,제천시,HE0000146521,제천 옥순봉,제천 옥순봉(명승 제48호),15,0000480000000,ADDR430000,ADD1431500,177971.66,,,,,177794.530383,,,,128.2347017046385,36.94415197123324
1262,16000429000000050,제주시,HE0000146215,제주 월령리 선인장 군락,제주 월령리 선인장 군락(천연기념물 제429호),16,0004290000000,ADDR500000,ADD1501100,6901.02,,,,,6896.900135,,,,126.21477960702624,33.377492992657324
1263,16000443000000050,서귀포시,HE0000145035,제주 중문·대포해안 주상절리대,제주 중문·대포해안 주상절리대(천연기념물 제443호),16,0004430000000,ADDR500000,ADD1501300,381059.12,,,,,380817.902466,,,,126.42556846851943,33.237080944510915
1280,12000571000000036,여수시,HE0000148268,여수 통제이공 수군대첩비,여수 통제이공 수군대첩비(보물 제571호),12,0005710000000,ADDR460000,ADD1461300,2.67,,,,,2.657489,,,,127.7389534581973,34.74003575164037
1281,13000321000000034,보령시,HE0000148845,보령 죽도 해저유물 매장해역,보령 죽도 해저유물 매장해역(사적 제321호),13,0003210000000,ADDR440000,ADD1441800,7067974.0,,,,,7063276.8413,,,,126.49228169928729,36.36484419671985
1283,13000283000000011,종로구,HE0000148508,서울 중앙고등학교 동관,서울 중앙고등학교 동관(사적 제283호),13,0002830000000,ADDR110000,ADD1111100,345.09,,,,,345.041956,,,,126.98708915204526,37.584392852336684
1284,13000281000000011,종로구,HE0000148634,서울 중앙고등학교 본관,서울 중앙고등학교 본관(사적 제281호),13,0002810000000,ADDR110000,ADD1111100,1166.16,,,,,1165.30228,,,,126.9868557071088,37.58404711667429
1285,13000282000000011,종로구,HE0000148635,서울 중앙고등학교 서관,서울 중앙고등학교 서관(사적 제282호),13,0002820000000,ADDR110000,ADD1111100,318.11,,,,,318.267588,,,,126.98656146367944,37.58434229539888
1286,11000205000000033,충주시,HE0000145597,충주 고구려비,충주 고구려비(국보 제205호),11,0002050000000,ADDR430000,ADD1431300,1.13,,,,,1.135661,,,,127.84849826385414,37.02808668023314
1290,11000006000000033,충주시,HE0000146397,충주 탑평리 칠층석탑,충주 탑평리 칠층석탑(국보 제6호),11,0000060000000,ADDR430000,ADD1431300,31.5,,,,,31.662281,,,,127.86663789685502,37.01588509857811
1292,12000112000000036,광양시,HE0000146155,광양 중흥산성 삼층석탑,광양 중흥산성 삼층석탑(보물 제112호),12,0001120000000,ADDR460000,ADD1462300,8.75,,,,,8.695309,,,,127.60735240512797,35.02453706883527
1293,13000156000000034,부여군,HE0000148828,부여 증산성,부여 증산성(사적 제156호),13,0001560000000,ADDR440000,ADD1447600,44975.5,,,,,44943.784598,,,,126.8689487505748,36.31809162120388
868,12000038000000035,남원시,HE0000145834,남원 실상사 증각대사탑,남원 실상사 증각대사탑(보물 제38호),12,0000380000000,ADDR520000,ADD1521900,2.28,,,,,2.260073,,,,127.63432771263102,35.41562852662469
869,12000039000000035,남원시,HE0000145835,남원 실상사 증각대사탑비,남원 실상사 증각대사탑비(보물 제39호),12,0000390000000,ADDR520000,ADD1521900,3.06,,,,,3.047945,,,,127.63462818798821,35.41578318612523
870,12000565000000031,평택시,HE0000148708,평택 심복사 석조비로자나불좌상,평택 심복사 석조비로자나불좌상(보물 제565호),12,0005650000000,ADDR410000,ADD1412200,253.63,,,,,253.611653,,,,126.96536646037151,36.95045674708625
1264,16000378000000050,서귀포시,HE0000148435,제주 천제연 난대림,제주 천제연 난대림(천연기념물 제378호),16,0003780000000,ADDR500000,ADD1501300,231935.67,,,,,231789.336695,,,,126.419212587399,33.25164839102852
1265,16000379000000050,서귀포시,HE0000148456,제주 천지연 난대림,제주 천지연 난대림(천연기념물 제379호),16,0003790000000,ADDR500000,ADD1501300,101546.74,,,,,101479.688872,,,,126.55736661304243,33.245595619073
1266,16000163000000050,서귀포시,HE0000147175,제주 천지연 담팔수 자생지,제주 천지연 담팔수 자생지(천연기념물 제163호),16,0001630000000,ADDR500000,ADD1501300,7583.66,,,,,7578.519035,,,,126.55468041772866,33.246303132821524
1270,13000396000000050,제주시,HE0000148781,제주 항파두리 항몽 유적,제주 항파두리 항몽 유적(사적 제396호),13,0003960000000,ADDR500000,ADD1501100,851675.75,,,,,851141.089392,,,,126.40961467399836,33.45187978522477
1271,12001296000000033,제천시,HE0000148486,제천 신륵사 삼층석탑,제천 신륵사 삼층석탑(보물 제1296호),12,0012960000000,ADDR430000,ADD1431500,4.42,,,,,4.42093,,,,128.1302204466922,36.87925622798359
1273,15000020000000033,제천시,HE0000144229,제천 의림지와 제림,제천 의림지와 제림(명승 제20호),15,0000200000000,ADDR430000,ADD1431500,212416.2,,,,,212211.580494,,,,128.21132000304092,37.172471656073306
1275,15000065000000036,순천시,HE0000151701,조계산 송광사·선암사 일원,조계산 송광사·선암사 일원(명승 제65호),15,0000650000000,ADDR460000,ADD1461500,22363320.0,,,,,22344930.575892,,,,127.2970395008718,35.00012727986104
1276,13000305000000038,산청군,HE0000148261,산청 조식 유적,산청 조식 유적(사적 제305호),13,0003050000000,ADDR480000,ADD1488600,71951.07,,,,,71883.989852,,,,127.84190721920163,35.27481902625277
1278,12000821000000011,종로구,HE0000149141,종묘 영녕전,종묘 영녕전(보물 제821호),12,0008210000000,ADDR110000,ADD1111100,1656.51,,,,,1654.97744,,,,126.99270945540222,37.57588422871968
1229,12000804000000036,순천시,HE0000148401,순천 정혜사 대웅전,순천 정혜사 대웅전(보물 제804호),12,0008040000000,ADDR460000,ADD1461500,184.0,,,,,183.871925,,,,127.51426684208626,35.06201319257794
1230,11000040000000037,경주시,HE0000148419,경주 정혜사지 십삼층석탑,경주 정혜사지 십삼층석탑(국보 제40호),11,0000400000000,ADDR470000,ADD1471300,8.25,,,,,8.248453,,,,129.15766632533746,36.0190499618032
751,16000171000000032,속초시,HE0000147823,설악산 천연보호구역,설악산 천연보호구역(천연기념물 제171호),16,0001710000000,ADDR510000,ADD1512100,173464752.0,,,,,173284949.71499,,,,128.43518901358135,38.12283857035726
752,13000424000000023,강화군,HE0000145658,대한성공회 강화성당,대한성공회 강화성당(사적 제424호),13,0004240000000,ADDR280000,ADD1287100,1749.31,,,,,1748.984475,,,,126.48552005230057,37.74945923845654
704,15000067000000011,종로구,HE0000151699,서울 백악산 일원,서울 백악산 일원(명승 제67호),15,0000670000000,ADDR110000,ADD1111100,3671335.5,,,,,3668526.551593,,,,126.98438819029049,37.59930018051586
706,12000142000000011,종로구,HE0000148237,서울 동관왕묘,서울 동관왕묘(보물 제142호),12,0001420000000,ADDR110000,ADD1111100,1815.19,,,,,1813.78811,,,,127.01840731292543,37.572844969155284
810,13000458000000036,순천시,HE0000145032,순천 월평 유적,순천 월평 유적(사적 제458호),13,0004580000000,ADDR460000,ADD1461500,177041.62,,,,,176898.160788,,,,127.2713060603808,34.91679581854192
812,13000238000000037,영주시,HE0000149102,영주 순흥 어숙묘,영주 순흥 어숙묘(사적 제238호),13,0002380000000,ADDR470000,ADD1472100,1244.68,,,,,1243.353264,,,,128.56178039779542,36.91725433128349
12,13000306000000023,강화군,HE0000148262,강화 갑곶돈,강화 갑곶돈(사적 제306호),13,0003060000000,ADDR280000,ADD1287100,62344.9,,,,,62302.710863,,,,126.51617411040166,37.73368865335852
168,16000184000000035,고창군,HE0000146705,고창 선운사 동백나무 숲,고창 선운사 동백나무 숲(천연기념물 제184호),16,0001840000000,ADDR520000,ADD1527900,45093.36,,,,,45062.842895,,,,126.57817864134627,35.49759480603092
1496,18000207000000038,함양군,HE0000147119,함양 허삼둘 고택,함양 허삼둘 고택(국가민속문화유산 제207호),18,0002070000000,ADDR480000,ADD1488700,4282.16,,,,,4278.186858,,,,127.81060069063824,35.63034093324752
1589,13000128000000031,양주시,HE0000147545,양주 회암사지,양주 회암사지(사적 제128호),13,0001280000000,ADDR410000,ADD1416300,33779.56,,,,,33752.37302,,,,127.10589361166632,37.84527073733733
1590,12000387000000031,양주시,HE0000145895,양주 회암사지 선각왕사비,양주 회암사지 선각왕사비(보물 제387호),12,0003870000000,ADDR410000,ADD1416300,4.75,,,,,4.752105,,,,127.10729908790063,37.85102575260125
1612,15000081000000037,포항시,HE0000148339,포항 용계정과 덕동숲,포항 용계정과 덕동숲(명승 제81호),15,0000810000000,ADDR470000,ADD1471100,15336.5,,,,,15336.496434,,,,129.1870858916803,36.16670539326942
1423,16000431000000034,태안군,HE0000145903,태안 신두리 해안사구,태안 신두리 해안사구(천연기념물 제431호),16,0004310000000,ADDR440000,ADD1448250,1710158.5,,,,,1709119.503321,,,,126.19758130598538,36.8504080768708
1425,12000981000000031,하남시,HE0000148575,하남 교산동 마애약사여래좌상,하남 교산동 마애약사여래좌상(보물 제981호),12,0009810000000,ADDR410000,ADD1414500,2.74,,,,,2.719968,,,,127.20901293636454,37.517716100719056
1426,12000982000000031,이천시,HE0000148576,이천 장암리 마애보살반가상,이천 장암리 마애보살반가상(보물 제982호),12,0009820000000,ADDR410000,ADD1415000,2.93,,,,,2.9921,,,,127.40068116644571,37.27191872093705
1428,12000074000000038,양산시,HE0000146445,양산 통도사 국장생 석표,양산 통도사 국장생 석표(보물 제74호),12,0000740000000,ADDR480000,ADD1483300,2.56,,,,,2.531184,,,,129.08651824062042,35.47393822127913
1430,12000471000000038,양산시,HE0000145850,양산 통도사 봉발탑,양산 통도사 봉발탑(보물 제471호),12,0004710000000,ADDR480000,ADD1483300,1.98,,,,,1.994718,,,,129.06419610697154,35.48801806195967
1497,13000237000000011,종로구,HE0000147536,서울 경모궁지,서울 경모궁지(사적 제237호),13,0002370000000,ADDR110000,ADD1111100,4144.0,,,,,4141.026902,,,,126.99952718989161,37.580513080746634
1498,12001372000000036,함평군,HE0000145414,함평 고막천 석교,함평 고막천 석교(보물 제1372호),12,0013720000000,ADDR460000,ADD1468600,65.28,,,,,65.23667,,,,126.59284805812675,35.03303906227753
1499,16000110000000036,함평군,HE0000148675,함평 기각리 붉가시나무 자생북한지,함평 기각리 붉가시나무 자생북한지(천연기념물 제110호),16,0001100000000,ADDR460000,ADD1468600,3738.95,,,,,3736.35254,,,,126.51867559876702,35.07090872170914
1501,13000504000000038,합천군,HE0000151708,합천 해인사,합천 해인사(사적 제504호),13,0005040000000,ADDR480000,ADD1488900,56858.11,,,,,56800.948054,,,,128.09676448880887,35.80088212515102
1593,18000227000000037,안동시,HE0000148213,안동 후조당 종택,안동 후조당 종택(국가민속문화유산 제227호),18,0002270000000,ADDR470000,ADD1471700,1151.25,,,,,1150.639613,,,,128.80228553543344,36.6740207509782
1594,13000360000000031,남양주시,HE0000149176,남양주 휘경원,남양주 휘경원(사적 제360호),13,0003600000000,ADDR410000,ADD1413600,152486.77,,,,,152368.143061,,,,127.19029400523438,37.7514367948782
1595,12000681000000037,영주시,HE0000145477,영주 흑석사 석조여래좌상,영주 흑석사 석조여래좌상(보물 제681호),12,0006810000000,ADDR470000,ADD1472100,1.46,,,,,1.44276,,,,128.67066779896544,36.823192741539465
1596,12000396000000036,여수시,HE0000146381,여수 흥국사 대웅전,여수 흥국사 대웅전(보물 제396호),12,0003960000000,ADDR460000,ADD1461300,419.25,,,,,418.883089,,,,127.7005002965974,34.82109641317505
1598,12000464000000032,원주시,HE0000145843,원주 흥법사지 삼층석탑,원주 흥법사지 삼층석탑(보물 제464호),12,0004640000000,ADDR510000,ADD1511300,16.22,,,,,16.250594,,,,127.81509674285059,37.33826132048844
1599,12000365000000011,용산구,HE0000145698,원주 흥법사지 진공대사탑 및 석관,원주 흥법사지 진공대사탑 및 석관(보물 제365호),12,0003650000000,ADDR110000,ADD1111700,4.28,,,,,4.277733,,,,126.98113919247832,37.52348083054919
1600,13000220000000037,경주시,HE0000148492,경주 희강왕릉,경주 희강왕릉(사적 제220호),13,0002200000000,ADDR470000,ADD1471300,9512.27,,,,,9500.879577,,,,129.1779627615649,35.78995749169916
1311,18000129000000031,남양주시,HE0000148544,남양주 동관댁,남양주 동관댁(국가민속문화유산 제129호),18,0001290000000,ADDR410000,ADD1413600,2027.15,,,,,2025.469109,,,,127.15823106915948,37.68693309078071
1312,16000395000000038,진주시,HE0000148455,진주 가진리 새발자국과 공룡발자국 화석산지,진주 가진리 새발자국과 공룡발자국 화석산지(천연기념물 제395호),16,0003950000000,ADDR480000,ADD1481700,712.77,,,,,712.053578,,,,128.22592176496306,35.201447962613265
1313,13000118000000038,진주시,HE0000148624,진주성,진주성(사적 제118호),13,0001180000000,ADDR480000,ADD1481700,170232.48,,,,,170065.75167,,,,128.07922540648963,35.18939416956791
1314,16000390000000038,진주시,HE0000148430,진주 유수리 백악기 하성퇴적층,진주 유수리 백악기 하성퇴적층(천연기념물 제390호),16,0003900000000,ADDR480000,ADD1481700,278498.94,,,,,278225.697544,,,,128.02249130985712,35.13353501455195
1910,16000343000000038,경상남도,,통영 욕지도 모밀잣밤나무 숲,통영 욕지도 모밀잣밤나무 숲(천연기념물 제343호),16,0003430000000,ADDR480000,ADD1482200,18584.0,,,,,,,,,128.27005736187465,34.6350125402351
1431,12001471000000038,양산시,HE0000144883,양산 통도사 삼층석탑,양산 통도사 삼층석탑(보물 제1471호),12,0014710000000,ADDR480000,ADD1483300,5.34,,,,,5.361353,,,,129.06493464369223,35.487869663058945
1432,16000063000000038,통영시,HE0000147483,통영 비진도 팔손이나무 자생지,통영 비진도 팔손이나무 자생지(천연기념물 제63호),16,0000630000000,ADDR480000,ADD1482200,11147.7,,,,,11137.482517,,,,128.45839848229681,34.7299222177793
1433,11000305000000038,통영시,HE0000145005,통영 세병관,통영 세병관(국보 제305호),11,0003050000000,ADDR480000,ADD1482200,927.38,,,,,925.834008,,,,128.42304576280534,34.847759560341196
1614,16000526000000050,서귀포시,HE0000148338,제주 사계리 용머리 화산쇄설층,제주 사계리 용머리 화산쇄설층(천연기념물 제526호),16,0005260000000,ADDR500000,ADD1501300,51230.22,,,,,51230.220089,,,,126.31435654724552,33.233946900385895
1615,16000533000000034,부여군,HE0000148339,부여·청양 지천 미호종개 서식지,부여·청양 지천 미호종개 서식지(천연기념물 제533호),16,0005330000000,ADDR440000,ADD1447600,1029127.95,,,,,1029127.947935,,,,126.89942871337816,36.32612191086538
1102617,13000096000000037,,HE0000147249,경주읍성,경주읍성(사적 제96호),13,0000960000000,ADDR470000,ADD1471300,44025.93,,,,,,,,,129.21193684387623,35.84803854720308
1102605,15000139000000035,,HE0000153862,김제 진봉산 망해사 일원,김제 진봉산 망해사 일원(명승 제139호),15,0001390000000,ADDR520000,ADD1522100,55824.0,,,,,,,,,126.71669187486073,35.85940835406913
1320,13000291000000038,진해시,HE0000148266,창원 진해우체국,창원 진해우체국(사적 제291호),13,0002910000000,ADDR480000,ADD1481100,429.45,,,,,428.858167,,,,128.66024170876094,35.14910673465154
1321,16000422000000050,제주시,HE0000148525,차귀도 천연보호구역,차귀도 천연보호구역(천연기념물 제422호),16,0004220000000,ADDR500000,ADD1501100,5650350.0,,,,,5647103.117754,,,,126.15842174770154,33.31056469531688
1322,13000136000000023,강화군,HE0000147553,강화 참성단,강화 참성단(사적 제136호),13,0001360000000,ADDR280000,ADD1287100,5631.0,,,,,5628.291135,,,,126.43007873461379,37.61615554809981
1323,13000123000000011,종로구,HE0000147540,창경궁,창경궁(사적 제123호),13,0001230000000,ADDR110000,ADD1111100,211997.55,,,,,211835.052877,,,,126.9948671557297,37.58110862548414
1324,12001119000000011,종로구,HE0000149187,창경궁 팔각칠층석탑,창경궁 팔각칠층석탑(보물 제1119호),12,0011190000000,ADDR110000,ADD1111100,5.21,,,,,5.209867,,,,126.99445809800173,37.582132653190484
1325,12000385000000011,종로구,HE0000145893,창경궁 명정문 및 행각,창경궁 명정문 및 행각(보물 제385호),12,0003850000000,ADDR110000,ADD1111100,3231.5,,,,,3229.031731,,,,126.99571005577712,37.57881783383272
1327,12000818000000011,종로구,HE0000149138,창경궁 통명전,창경궁 통명전(보물 제818호),12,0008180000000,ADDR110000,ADD1111100,609.61,,,,,609.327172,,,,126.993710224584,37.5796150590815
1328,12000846000000011,종로구,HE0000148403,창경궁 풍기대,창경궁 풍기대(보물 제846호),12,0008460000000,ADDR110000,ADD1111100,0.42,,,,,0.430334,,,,126.99452705574075,37.57998739015961
1436,13000236000000038,통영시,HE0000147535,통영 충렬사,통영 충렬사(사적 제236호),13,0002360000000,ADDR480000,ADD1482200,10236.68,,,,,10226.596411,,,,128.41752547829498,34.84674308430502
1439,13000251000000031,여주군,HE0000147078,여주 파사성,여주 파사성(사적 제251호),13,0002510000000,ADDR410000,ADD1417300,67284.5,,,,,67228.925045,,,,127.54873427091577,37.41014874666946
1502,18000206000000038,합천군,HE0000147118,합천 묵와고택,합천 묵와고택(국가민속문화유산 제206호),18,0002060000000,ADDR480000,ADD1488900,2010.53,,,,,2008.541347,,,,128.13089233184922,35.6791472892136
1503,12000381000000038,합천군,HE0000145530,합천 백암리 석등,합천 백암리 석등(보물 제381호),12,0003810000000,ADDR480000,ADD1488900,1.38,,,,,1.389224,,,,128.2195740160196,35.50815671774284
74,13000031000000037,경주시,HE0000147411,경주 감은사지,경주 감은사지(사적 제31호),13,0000310000000,ADDR470000,ADD1471300,20582.68,,,,,20557.103581,,,,129.47682690334253,35.748385554833256
1319,12000404000000033,진천군,HE0000145543,진천 연곡리 석비,진천 연곡리 석비(보물 제404호),12,0004040000000,ADDR430000,ADD1437500,3.11,,,,,3.063123,,,,127.34022354326875,36.839855350309556
1304,16000107000000036,진도군,HE0000148593,진도 쌍계사 상록수림,진도 쌍계사 상록수림(천연기념물 제107호),16,0001070000000,ADDR460000,ADD1469000,1980339.0,,,,,1979117.59671,,,,126.31182854619075,34.4665081264034
1307,16000380000000035,진안군,HE0000148457,진안 마이산 줄사철나무 군락,진안 마이산 줄사철나무 군락(천연기념물 제380호),16,0003800000000,ADDR520000,ADD1527200,172.22,,,,,171.923857,,,,127.414163097858,35.75943295101969
1308,12000379000000038,진주시,HE0000145745,진주 묘엄사지 삼층석탑,진주 묘엄사지 삼층석탑(보물 제379호),12,0003790000000,ADDR480000,ADD1481700,5.66,,,,,5.620866,,,,127.94083743086097,35.195990201422845
1309,12000439000000032,양양군,HE0000145897,양양 진전사지 도의선사탑,양양 진전사지 도의선사탑(보물 제439호),12,0004390000000,ADDR510000,ADD1518300,5.41,,,,,5.381493,,,,128.54604681658128,38.12267065239994
1310,11000122000000032,양양군,HE0000149075,양양 진전사지 삼층석탑,양양 진전사지 삼층석탑(국보 제122호),11,0001220000000,ADDR510000,ADD1518300,8.63,,,,,8.584629,,,,128.54970277204308,38.12111178534244
1616,16000532000000032,화천군,HE0000148340,화천 황쏘가리 서식지,화천 황쏘가리 서식지(천연기념물 제532호),16,0005320000000,ADDR510000,ADD1517900,2754850.75,,,,,2754850.746102,,,,127.82209514234988,38.2420995212386
1617,16000366000000036,담양군,HE0000148341,담양 관방제림,담양 관방제림(천연기념물 제366호),16,0003660000000,ADDR460000,ADD1467100,124420.33,,,,,124420.332469,,,,126.99125097709496,35.323633425054965
1618,16000531000000032,인제군,HE0000148342,인제 미산리 개인약수,인제 미산리 개인약수(천연기념물 제531호),16,0005310000000,ADDR510000,ADD1518100,387.7,,,,,387.70172,,,,128.3701650282411,37.88068074792325
199,13000232000000038,남해군,HE0000148504,남해 관음포 이충무공 유적,남해 관음포 이충무공 유적(사적 제232호),13,0002320000000,ADDR480000,ADD1488400,95324.11,,,,,95233.906235,,,,127.85660680872947,34.91238066864166
1735,13000490000000032,,,강릉 초당동 유적,강릉 초당동 유적(사적 제490호),13,0004900000000,ADDR510000,ADD1511500,59290.0,,,,,,,,,128.91794031855363,37.78694139011002
59,13000060000000034,서천군,HE0000147167,서천 건지산성,서천 건지산성(사적 제60호),13,0000600000000,ADDR440000,ADD1447700,180448.75,,,,,180317.933448,,,,126.79126497975574,36.08902391495842
1294,18000184000000037,안동시,HE0000147690,안동 오류헌 고택,안동 오류헌 고택(국가민속문화유산 제184호),18,0001840000000,ADDR470000,ADD1471700,4040.94,,,,,4036.446951,,,,128.86693790582015,36.51949201239002
1296,13000221000000037,경주시,HE0000148493,경주 지마왕릉,경주 지마왕릉(사적 제221호),13,0002210000000,ADDR470000,ADD1471300,900.5,,,,,899.660097,,,,129.21147628273135,35.80429502905024
1297,12000682000000022,군위군,HE0000145478,군위 지보사 삼층석탑,군위 지보사 삼층석탑(보물 제682호),12,0006820000000,ADDR270000,ADD1277200,4.72,,,,,4.69414,,,,128.6019510339194,36.25768771677235
1298,12000606000000037,김천시,HE0000147988,문경 도천사지 동·서 삼층석탑,문경 도천사지 동·서 삼층석탑(보물 제606호),12,0006060000000,ADDR470000,ADD1471500,35.58,,,,,35.549719,,,,128.00451819148822,36.11675402483131
1299,12000607000000037,김천시,HE0000147989,문경 도천사지 삼층석탑,문경 도천사지 삼층석탑(보물 제607호),12,0006070000000,ADDR470000,ADD1471500,17.53,,,,,17.591447,,,,128.00329189138589,36.11687329914077
1300,12001186000000037,김천시,HE0000148290,(전)구미 강락사지 삼층석탑,(전)구미 강락사지 삼층석탑(보물 제1186호),12,0011860000000,ADDR470000,ADD1471500,19.94,,,,,19.812938,,,,128.00367250240538,36.11662719465044
1301,12000463000000032,원주시,HE0000146489,원주 흥법사지 진공대사탑비,원주 흥법사지 진공대사탑비(보물 제463호),12,0004630000000,ADDR510000,ADD1511300,15.94,,,,,15.962775,,,,127.81482688668812,37.33849484539448
1302,16000505000000036,진도군,HE0000149679,진도 동거차도 유문암질 단괴,진도 동거차도 유문암질 단괴(천연기념물 제505호),16,0005050000000,ADDR460000,ADD1469000,63618.89,,,,,63584.519228,,,,125.95397098563394,34.2440169334099
1303,16000101000000036,진도군,HE0000146933,진도 고니류 도래지,진도 고니류 도래지(천연기념물 제101호),16,0001010000000,ADDR460000,ADD1469000,8523218.0,,,,,8518056.231776,,,,126.26336257351876,34.54386556890401
180,12000150000000034,공주시,HE0000148244,공주 반죽동 당간지주,공주 반죽동 당간지주(보물 제150호),12,0001500000000,ADDR440000,ADD1441500,25.03,,,,,24.913437,,,,127.12242714656684,36.4516940963409
182,12000979000000034,공주시,HE0000148573,공주 서혈사지 석조여래좌상,공주 서혈사지 석조여래좌상(보물 제979호),12,0009790000000,ADDR440000,ADD1441500,0.8,,,,,0.791613,,,,127.111874482175,36.46599116036647
232,16000147000000033,괴산군,HE0000148688,괴산 송덕리 미선나무 자생지,괴산 송덕리 미선나무 자생지(천연기념물 제147호),16,0001470000000,ADDR430000,ADD1437600,9916.53,,,,,9907.30357,,,,127.93757568919311,36.79553943337932
1416,16000417000000032,태백시,HE0000148520,태백 구문소 오르도비스기 지층과 제4기 하식지형,태백 구문소 오르도비스기 지층과 제4기 하식지형(천연기념물 제417호),16,0004170000000,ADDR510000,ADD1511900,665315.75,,,,,664548.063174,,,,129.03899780014473,37.091130378140456
1417,13000348000000037,봉화군,HE0000148740,봉화 태백산사고지,봉화 태백산사고지(사적 제348호),13,0003480000000,ADDR470000,ADD1479200,1102.88,,,,,1102.004166,,,,128.9081001779861,36.99938906951112
1418,18000228000000032,태백시,HE0000148214,태백산 천제단,태백산 천제단(국가민속문화유산 제228호),18,0002280000000,ADDR510000,ADD1511900,323.1,,,,,322.733121,,,,128.91715770122568,37.09638662491131
1420,16000511000000034,태안군,HE0000151719,태안 내파수도 해안 자갈톱,태안 내파수도 해안 자갈톱(천연기념물 제511호),16,0005110000000,ADDR440000,ADD1448250,49544.05,,,,,49506.30539,,,,126.23846192001626,36.45361361065711
1613,15000082000000037,안동시,HE0000148340,안동 만휴정 원림,안동 만휴정 원림(명승 제82호),15,0000820000000,ADDR470000,ADD1471700,41895.01,,,,,41895.014103,,,,128.91057842331384,36.41064761925146
172,13000145000000035,고창군,HE0000148650,고창읍성,고창읍성(사적 제145호),13,0001450000000,ADDR520000,ADD1527900,200950.17,,,,,200809.382861,,,,126.70443294455573,35.42964512076166
1777,16000548000000035,전라북도,,군산 산북동 공룡발자국과 익룡발자국 화석산지,군산 산북동 공룡발자국과 익룡발자국 화석산지(천연기념물 제548호),16,0005480000000,ADDR520000,ADD1521300,4109.0,,,,,,,,,126.65844859084466,35.97204668433062
6,16000462000000026,울주군,HE0000146673,가지산 철쭉나무 군락,가지산 철쭉나무 군락(천연기념물 제462호),16,0004620000000,ADDR310000,ADD1317100,1252022.2,,,,,1250571.2537,,,,129.01312898701966,35.615696792985126
91,12000187000000037,경주시,HE0000148350,경주 남산 용장사곡 석조여래좌상,경주 남산 용장사곡 석조여래좌상(보물 제187호),12,0001870000000,ADDR470000,ADD1471300,2.84,,,,,2.83227,,,,129.2227989729187,35.78079728266565
1785,12001832000000032,강원도,,인제 봉정암 오층석탑,인제 봉정암 오층석탑(보물 제1832호),12,0018320000000,ADDR510000,ADD1518100,485.0,,,,,,,,,128.4543441773063,38.126361003955566
1611,15000080000000036,진도군,HE0000148338,진도 운림산방,진도 운림산방(명승 제80호),15,0000800000000,ADDR460000,ADD1469000,1365032.01,,,,,1365032.011747,,,,126.3102776394442,34.469353643690965
138,13000271000000011,종로구,HE0000147532,경희궁지,경희궁지(사적 제271호),13,0002710000000,ADDR110000,ADD1111100,97876.34,,,,,97803.690918,,,,126.96885645074511,37.570842042777514
16,13000448000000032,강릉시,HE0000145663,강릉 굴산사지,강릉 굴산사지(사적 제448호),13,0004480000000,ADDR510000,ADD1511500,64541.5,,,,,64468.517755,,,,128.88774409717743,37.706796451889254
1353,12000354000000034,천안시,HE0000145691,천안 천흥사지 오층석탑,천안 천흥사지 오층석탑(보물 제354호),12,0003540000000,ADDR440000,ADD1441300,10.88,,,,,10.854509,,,,127.21315866183161,36.87014183892841
1355,12000203000000037,청도군,HE0000148349,청도 박곡리 석조여래좌상,청도 박곡리 석조여래좌상(보물 제203호),12,0002030000000,ADDR470000,ADD1478200,44.88,,,,,44.866892,,,,128.9225151518796,35.668504256065255
1448,12000402000000031,수원시,HE0000145821,수원 팔달문,수원 팔달문(보물 제402호),12,0004020000000,ADDR410000,ADD1411100,397.63,,,,,397.416191,,,,127.01670418869509,37.27756885445587
1449,16000510000000032,평창군,HE0000153703,평창 섭동굴,평창 섭동굴(천연기념물 제510호),16,0005100000000,ADDR510000,ADD1517600,43368.0,,,,,43326.643731,,,,128.42596128911853,37.40057066366317
1450,16000260000000032,평창군,HE0000147375,평창 백룡동굴,평창 백룡동굴(천연기념물 제260호),16,0002600000000,ADDR510000,ADD1517600,836965.25,,,,,836067.54038,,,,128.58380480212298,37.27023708045396
1518,13000116000000034,서산시,HE0000148622,서산 해미읍성,서산 해미읍성(사적 제116호),13,0001160000000,ADDR440000,ADD1442100,193186.88,,,,,193054.383036,,,,126.54978339553693,36.71354500385325
1519,12001242000000038,합천군,HE0000148871,합천 해인사 길상탑,합천 해인사 길상탑(보물 제1242호),12,0012420000000,ADDR480000,ADD1488900,5.5,,,,,5.49216,,,,128.09653144152475,35.799177916850724
1780,13000025000000037,경상북도,,경주 부산성,경주 부산성(사적 제25호),13,0000250000000,ADDR470000,ADD1471300,878234.0,,,,,,,,,129.05413835986138,35.84461655170204
1806,13000464000000031,경기도,,파주 혜음원지,파주 혜음원지(사적 제464호),13,0004640000000,ADDR410000,ADD1414800,92509.0,,,,,,,,,126.89147445129598,37.735073979601985
1812,12001840000000037,경상북도,,청송 보광사 극락전,청송 보광사 극락전(보물 제1840호),12,0018400000000,ADDR470000,ADD1477500,3766.0,,,,,,,,,129.04418684065962,36.417702134166234
98,13000263000000037,경주시,HE0000147524,경주 동방동 와요지,경주 동방동 와요지(사적 제263호),13,0002630000000,ADDR470000,ADD1471300,4349.67,,,,,4344.988349,,,,129.25869536386531,35.8097166242602
1369,12000425000000037,예천군,HE0000145837,예천 청룡사 석조비로자나불좌상,예천 청룡사 석조비로자나불좌상(보물 제425호),12,0004250000000,ADDR470000,ADD1479000,0.77,,,,,0.798974,,,,128.40092223908903,36.731079670679215
1370,12000424000000037,예천군,HE0000146396,예천 청룡사 석조여래좌상,예천 청룡사 석조여래좌상(보물 제424호),12,0004240000000,ADDR470000,ADD1479000,1.0,,,,,1.019447,,,,128.40094208719043,36.731078486179385
1371,12001570000000037,청송군,HE0000146494,청송 대전사 보광전,청송 대전사 보광전(보물 제1570호),12,0015700000000,ADDR470000,ADD1477500,203.13,,,,,202.636105,,,,129.14593815976679,36.39681006209404
1372,12000382000000026,울주군,HE0000145532,울주 청송사지 삼층석탑,울주 청송사지 삼층석탑(보물 제382호),12,0003820000000,ADDR310000,ADD1317100,18.69,,,,,18.685137,,,,129.2233592134535,35.52243499286301
1373,15000011000000037,청송군,HE0000145646,청송 주왕산 주왕계곡 일원,청송 주왕산 주왕계곡 일원(명승 제11호),15,0000110000000,ADDR470000,ADD1477500,8910703.0,,,,,8900105.902382,,,,129.15118546377872,36.39848270686393
1374,12000297000000037,김천시,HE0000148297,김천 청암사 수도암 동·서 삼층석탑,김천 청암사 수도암 동·서 삼층석탑(보물 제297호),12,0002970000000,ADDR470000,ADD1471500,14.21,,,,,14.193366,,,,127.99673150999067,35.8618257840901
1375,12000307000000037,김천시,HE0000148078,김천 청암사 수도암 석조비로자나불좌상,김천 청암사 수도암 석조비로자나불좌상(보물 제307호),12,0003070000000,ADDR470000,ADD1471500,10.48,,,,,10.507462,,,,127.99651162283881,35.861826330062456
1376,12000296000000037,김천시,HE0000148296,김천 청암사 수도암 석조보살좌상,김천 청암사 수도암 석조보살좌상(보물 제296호),12,0002960000000,ADDR470000,ADD1471500,2.23,,,,,2.220518,,,,127.99666957761657,35.862002221340774
1377,12000197000000034,청양군,HE0000148357,청양 읍내리 석조여래삼존입상,청양 읍내리 석조여래삼존입상(보물 제197호),12,0001970000000,ADDR440000,ADD1447900,3.26,,,,,3.22446,,,,126.80837868209214,36.45429823056259
99,13000161000000037,경주시,HE0000148974,경주 동부 사적지대,경주 동부 사적지대(사적 제161호),13,0001610000000,ADDR470000,ADD1471300,118271.15,,,,,118128.453037,,,,129.2203749839375,35.83418698114635
1381,18000133000000033,청원군,HE0000148548,청주 고은리 고택,청주 고은리 고택(국가민속문화유산 제133호),18,0001330000000,ADDR430000,ADD1437100,6048.85,,,,,6043.80073,,,,127.51821470249834,36.565935966726485
1382,13000319000000033,청주시,HE0000148843,청주 신봉동 고분군,청주 신봉동 고분군(사적 제319호),13,0003190000000,ADDR430000,ADD1431100,175402.72,,,,,175250.011904,,,,127.46678249965882,36.653099051080375
1383,12000985000000033,청주시,HE0000148734,청주 용화사 석조불상군,청주 용화사 석조불상군(보물 제985호),12,0009850000000,ADDR430000,ADD1431100,5.16,,,,,5.069369,,,,127.48202924890218,36.641937738328885
1385,13000315000000033,청주시,HE0000148839,청주 흥덕사지,청주 흥덕사지(사적 제315호),13,0003150000000,ADDR430000,ADD1431100,34339.23,,,,,34309.651492,,,,127.47228289305123,36.64429985394983
1386,12000164000000032,춘천시,HE0000146625,춘천 청평사 회전문,춘천 청평사 회전문(보물 제164호),12,0001640000000,ADDR510000,ADD1511100,48.5,,,,,48.529424,,,,127.80892391006158,37.986177527447126
1387,12000546000000033,제천시,HE0000146636,제천 물태리 석조여래입상,제천 물태리 석조여래입상(보물 제546호),12,0005460000000,ADDR430000,ADD1431500,1.99,,,,,1.967282,,,,128.1717980125049,37.004049450130296
1461,13000151000000038,하동군,HE0000147304,하동 고소성,하동 고소성(사적 제151호),13,0001510000000,ADDR480000,ADD1488500,29729.88,,,,,29706.178714,,,,127.67917409111222,35.154787583127224
1463,13000453000000038,하동군,HE0000146291,하동읍성,하동읍성(사적 제453호),13,0004530000000,ADDR480000,ADD1488500,167085.08,,,,,166930.209975,,,,127.83129615596012,35.02740457284921
1543,12000540000000032,홍천군,HE0000145602,홍천 괘석리 사사자 삼층석탑,홍천 괘석리 사사자 삼층석탑(보물 제540호),12,0005400000000,ADDR510000,ADD1517200,1.88,,,,,1.830801,,,,127.88881778314604,37.6941827344072
1544,12000543000000032,홍천군,HE0000146633,홍천 물걸리 석조대좌,홍천 물걸리 석조대좌(보물 제543호),12,0005430000000,ADDR510000,ADD1517200,0.79,,,,,0.804869,,,,128.14682109431456,37.78631541458659
1545,12000544000000032,홍천군,HE0000146634,홍천 물걸리 석조대좌 및 광배,홍천 물걸리 석조대좌 및 광배(보물 제544호),12,0005440000000,ADDR510000,ADD1517200,1.08,,,,,1.09511,,,,128.1468151703278,37.78625847712371
1546,12000545000000032,홍천군,HE0000146635,홍천 물걸리 삼층석탑,홍천 물걸리 삼층석탑(보물 제545호),12,0005450000000,ADDR510000,ADD1517200,6.41,,,,,6.363833,,,,128.1470913642716,37.78608528857784
1547,12000542000000032,홍천군,HE0000146632,홍천 물걸리 석조비로자나불좌상,홍천 물걸리 석조비로자나불좌상(보물 제542호),12,0005420000000,ADDR510000,ADD1517200,1.73,,,,,1.727298,,,,128.1468184592202,37.786295357424024
1548,12000541000000032,홍천군,HE0000146458,홍천 물걸리 석조여래좌상,홍천 물걸리 석조여래좌상(보물 제541호),12,0005410000000,ADDR510000,ADD1517200,0.91,,,,,0.896088,,,,128.14681668075207,37.7862779383564
1549,12000080000000032,홍천군,HE0000146171,홍천 희망리 당간지주,홍천 희망리 당간지주(보물 제80호),12,0000800000000,ADDR510000,ADD1517200,0.78,,,,,0.778567,,,,127.88318601710124,37.68764978536907
1550,12000079000000032,홍천군,HE0000146170,홍천 희망리 삼층석탑,홍천 희망리 삼층석탑(보물 제79호),12,0000790000000,ADDR510000,ADD1517200,2.52,,,,,2.503997,,,,127.88884521908915,37.69427295997339
1551,12000384000000011,종로구,HE0000146385,창경궁 홍화문,창경궁 홍화문(보물 제384호),12,0003840000000,ADDR110000,ADD1111100,279.25,,,,,279.070299,,,,126.99634694162545,37.57886721977333
1552,13000115000000031,수원시,HE0000148621,수원 화령전,수원 화령전(사적 제115호),13,0001150000000,ADDR410000,ADD1411100,8415.44,,,,,8409.907802,,,,127.01243410152925,37.28336522314767
105,13000390000000037,경주시,HE0000148378,경주 보문동 사지,경주 보문동 사지(사적 제390호),13,0003900000000,ADDR470000,ADD1471300,89737.0,,,,,89628.019246,,,,129.25428730297548,35.825759130134244
1468,18000177000000037,안동시,HE0000147331,안동 하회마을 하동고택,안동 하회마을 하동고택(국가민속문화유산 제177호),18,0001770000000,ADDR470000,ADD1471700,1537.63,,,,,1535.159712,,,,128.51927131669507,36.53881045469058
1469,18000084000000037,안동시,HE0000147759,안동 하회마을 화경당 고택,안동 하회마을 화경당 고택(국가민속문화유산 제84호),18,0000840000000,ADDR470000,ADD1471700,4127.91,,,,,4124.659442,,,,128.51784563506408,36.5397463617932
1470,18000086000000037,안동시,HE0000147761,안동 하회마을 빈연정사,안동 하회마을 빈연정사(국가민속문화유산 제86호),18,0000860000000,ADDR470000,ADD1471700,607.13,,,,,606.554103,,,,128.51594084192558,36.539417039368054
1471,18000088000000037,안동시,HE0000147762,안동 하회마을 옥연정사,안동 하회마을 옥연정사(국가민속문화유산 제88호),18,0000880000000,ADDR470000,ADD1471700,1494.56,,,,,1492.618468,,,,128.5180508733409,36.54345371672744
1473,18000091000000037,안동시,HE0000148570,안동 하회마을 양오당 고택,안동 하회마을 양오당 고택(국가민속문화유산 제91호),18,0000910000000,ADDR470000,ADD1471700,1681.38,,,,,1680.016261,,,,128.51791642275833,36.538332504232095
1475,16000250000000031,파주시,HE0000148730,한강 하류 재두루미 도래지,한강 하류 재두루미 도래지(천연기념물 제250호),16,0002500000000,ADDR410000,ADD1415700,24390596.0,,,,,24373419.320578,,,,126.65549722546199,37.741419983507534
1554,12000403000000031,수원시,HE0000145542,수원 화서문,수원 화서문(보물 제403호),12,0004030000000,ADDR410000,ADD1411100,188.0,,,,,187.652418,,,,127.00969471954294,37.285590310913236
1776,13000401000000033,충청북도,,괴산 미륵산성,괴산 미륵산성(사적 제401호),13,0004010000000,ADDR430000,ADD1437600,1670291.0,,,,,,,,,127.82012424637723,36.64941467982073
1556,16000414000000031,화성시,HE0000148286,화성 고정리 공룡알 화석산지,화성 고정리 공룡알 화석산지(천연기념물 제414호),16,0004140000000,ADDR410000,ADD1415900,15884480.0,,,,,15873003.843131,,,,126.76696336517132,37.269707863127046
1558,18000125000000031,화성시,HE0000147330,화성 정수영 고택,화성 정수영 고택(국가민속문화유산 제125호),18,0001250000000,ADDR410000,ADD1415900,1130.75,,,,,1130.365952,,,,126.70152509109639,37.132388082375584
1559,18000124000000031,화성시,HE0000147329,화성 정시영 고택,화성 정시영 고택(국가민속문화유산 제124호),18,0001240000000,ADDR410000,ADD1415900,5699.27,,,,,5694.924266,,,,126.7008714484652,37.132761264122
1561,16000483000000036,화순군,HE0000146829,화순 개천사 비자나무 숲,화순 개천사 비자나무 숲(천연기념물 제483호),16,0004830000000,ADDR460000,ADD1467900,502468.7,,,,,480663.320613,,,,126.91552394971225,34.90518694499235
150,13000061000000037,고령군,HE0000147168,고령 주산성,고령 주산성(사적 제61호),13,0000610000000,ADDR470000,ADD1478300,900112.06,,,,,899201.974125,,,,128.26246636522475,35.73331677559204
1389,13000308000000036,완도군,HE0000148264,완도 청해진 유적,완도 청해진 유적(사적 제308호),13,0003080000000,ADDR460000,ADD1468900,126775.95,,,,,126686.811492,,,,126.73663660321166,34.35967823355942
1391,13000225000000023,강화군,HE0000148497,강화 초지진,강화 초지진(사적 제225호),13,0002250000000,ADDR280000,ADD1287100,4365.14,,,,,4362.602055,,,,126.5322191084269,37.63392661071094
1392,13000487000000050,서귀포시,HE0000143834,서귀포 김정희 유배지,서귀포 김정희 유배지(사적 제487호),13,0004870000000,ADDR500000,ADD1501300,1888.44,,,,,1887.347513,,,,126.2782850425829,33.25016440625194
1394,12000076000000032,춘천시,HE0000146447,춘천 근화동 당간지주,춘천 근화동 당간지주(보물 제76호),12,0000760000000,ADDR510000,ADD1511100,1.06,,,,,1.059586,,,,127.72165903548971,37.892071388381304
1397,18000007000000038,통영시,HE0000148869,통영 문화동 벅수,통영 문화동 벅수(국가민속문화유산 제7호),18,0000070000000,ADDR480000,ADD1482200,0.07,,,,,0.083164,,,,128.42317549654854,34.84650275218899
1472,18000085000000037,안동시,HE0000147760,안동 하회마을 원지정사,안동 하회마을 원지정사(국가민속문화유산 제85호),18,0000850000000,ADDR470000,ADD1471700,1315.69,,,,,1313.347416,,,,128.51740096605792,36.539899651184754
1464,16000477000000038,하동군,HE0000142608,하동 중평리 장구섬 백악기 화석산지,하동 중평리 장구섬 백악기 화석산지(천연기념물 제477호),16,0004770000000,ADDR480000,ADD1488500,28221.5,,,,,28196.251812,,,,127.91959005977287,34.968346912278584
1465,18000178000000037,안동시,HE0000147332,안동 일성당 고택,안동 일성당 고택(국가민속문화유산 제178호),18,0001780000000,ADDR470000,ADD1471700,3083.13,,,,,3079.749295,,,,128.5815296322981,36.57454962768531
1466,18000089000000037,안동시,HE0000148568,안동 하회마을 겸암정사,안동 하회마을 겸암정사(국가민속문화유산 제89호),18,0000890000000,ADDR470000,ADD1471700,1046.7,,,,,1045.342368,,,,128.51340221165196,36.54262063794041
1467,18000090000000037,안동시,HE0000148569,안동 하회마을 염행당 고택,안동 하회마을 염행당 고택(국가민속문화유산 제90호),18,0000900000000,ADDR470000,ADD1471700,2317.81,,,,,2315.354043,,,,128.51876436258627,36.538290813124846
1378,18000172000000037,청송군,HE0000147334,청송 성천댁,청송 성천댁(국가민속문화유산 제172호),18,0001720000000,ADDR470000,ADD1477500,766.13,,,,,765.395008,,,,129.06809460252552,36.398288729375366
1379,12000511000000033,청원군,HE0000145604,청주 계산리 오층석탑,청주 계산리 오층석탑(보물 제511호),12,0005110000000,ADDR430000,ADD1437100,4.64,,,,,4.637295,,,,127.56243894722049,36.550506161502355
1455,12000467000000038,밀양시,HE0000145846,밀양 표충사 삼층석탑,밀양 표충사 삼층석탑(보물 제467호),12,0004670000000,ADDR480000,ADD1482700,6.22,,,,,6.183271,,,,128.96038353936342,35.53267662316884
1456,12000308000000035,전주시,HE0000148079,전주 풍남문,전주 풍남문(보물 제308호),12,0003080000000,ADDR520000,ADD1521100,375.43,,,,,375.129451,,,,127.14755975053923,35.81350572159193
1702,13000433000000034,,,공주 장선리 유적,공주 장선리 유적(사적 제433호),13,0004330000000,ADDR440000,ADD1441500,52514.0,,,,,,,,,127.07126221605908,36.31550233058998
1536,12000399000000034,홍성군,HE0000146383,홍성 고산사 대웅전,홍성 고산사 대웅전(보물 제399호),12,0003990000000,ADDR440000,ADD1448000,106.56,,,,,106.424772,,,,126.53729044575432,36.54503230994986
1538,12000355000000034,홍성군,HE0000145692,홍성 신경리 마애여래입상,홍성 신경리 마애여래입상(보물 제355호),12,0003550000000,ADDR440000,ADD1448000,22.19,,,,,22.097606,,,,126.65461771642256,36.65100611555481
1540,18000198000000034,홍성군,HE0000147123,홍성 사운고택,홍성 사운고택(국가민속문화유산 제198호),18,0001980000000,ADDR440000,ADD1448000,10102.53,,,,,10095.477427,,,,126.74343848772753,36.498132727242734
1888,13000242000000036,전라남도,,장성 필암서원,장성 필암서원(사적 제242호),13,0002420000000,ADDR460000,ADD1468800,52666.8,,,,,,,,,126.75169066944709,35.310676850190596
1520,12001301000000038,합천군,HE0000148489,합천 해인사 홍제암 사명대사탑 및 석장비,합천 해인사 홍제암 사명대사탑 및 석장비(보물 제1301호),12,0013010000000,ADDR480000,ADD1488900,9.51,,,,,9.504576,,,,128.09570859338922,35.80264321235898
1521,12000264000000038,합천군,HE0000148198,합천 해인사 석조여래입상,합천 해인사 석조여래입상(보물 제264호),12,0002640000000,ADDR480000,ADD1488900,1.41,,,,,1.446326,,,,128.11697429424038,35.82100525336847
1522,12000518000000038,합천군,HE0000145763,합천 해인사 원당암 다층석탑 및 석등,합천 해인사 원당암 다층석탑 및 석등(보물 제518호),12,0005180000000,ADDR480000,ADD1488900,1.79,,,,,1.78999,,,,128.0928096689528,35.80154108494506
1523,11000052000000038,합천군,HE0000148427,합천 해인사 장경판전,합천 해인사 장경판전(국보 제52호),11,0000520000000,ADDR480000,ADD1488900,1862.19,,,,,1860.355946,,,,128.09868960223565,35.80160463044022
1356,12000113000000037,청도군,HE0000146156,청도 봉기리 삼층석탑,청도 봉기리 삼층석탑(보물 제113호),12,0001130000000,ADDR470000,ADD1478200,13.03,,,,,13.062454,,,,128.61479132571674,35.643166684431144
1357,12000323000000037,청도군,HE0000146902,청도 석빙고,청도 석빙고(보물 제323호),12,0003230000000,ADDR470000,ADD1478200,95.88,,,,,95.813431,,,,128.70839171231378,35.64942661658035
1359,18000245000000037,청도군,HE0000145578,청도 운림고택,청도 운림고택(국가민속문화유산 제245호),18,0002450000000,ADDR470000,ADD1478200,3677.5,,,,,3673.84713,,,,128.9194312957337,35.69995196128675
1360,12000266000000038,합천군,HE0000148200,합천 청량사 삼층석탑,합천 청량사 삼층석탑(보물 제266호),12,0002660000000,ADDR480000,ADD1488900,17.72,,,,,17.737888,,,,128.109823913698,35.772531320148396
1362,12000265000000038,합천군,HE0000148199,합천 청량사 석조여래좌상,합천 청량사 석조여래좌상(보물 제265호),12,0002650000000,ADDR480000,ADD1488900,3.97,,,,,4.013378,,,,128.10974085476727,35.772781692179024
1363,12001284000000034,공주시,HE0000148905,공주 청량사지 오층석탑,공주 청량사지 오층석탑(보물 제1284호),12,0012840000000,ADDR440000,ADD1441500,3.66,,,,,3.671353,,,,127.21396746885512,36.36262532096011
643,12000805000000022,동구,HE0000148402,대구 북지장사 지장전,대구 북지장사 지장전(보물 제805호),12,0008050000000,ADDR270000,ADD1271400,169.25,,,,,168.990389,,,,128.71434141277544,35.97661387609544
644,12000215000000011,종로구,HE0000147975,서울 북한산 구기동 마애여래좌상,서울 북한산 구기동 마애여래좌상(보물 제215호),12,0002150000000,ADDR110000,ADD1111100,170.58,,,,,170.395686,,,,126.95914645206904,37.62718073794538
647,13000228000000011,종로구,HE0000148500,북한산 진흥왕 순수비지,북한산 진흥왕 순수비지(사적 제228호),13,0002280000000,ADDR110000,ADD1111100,1695.75,,,,,1694.477779,,,,126.95599573122101,37.62550475266089
584,12000169000000037,문경시,HE0000148700,문경 봉암사 삼층석탑,문경 봉암사 삼층석탑(보물 제169호),12,0001690000000,ADDR470000,ADD1472800,12.47,,,,,12.438707,,,,128.0052552719246,36.700098929939934
585,12000171000000037,문경시,HE0000148702,문경 봉암사 정진대사탑,문경 봉암사 정진대사탑(보물 제171호),12,0001710000000,ADDR470000,ADD1472800,3.99,,,,,3.989319,,,,128.01012291535633,36.701333121075294
586,12000172000000037,문경시,HE0000148703,문경 봉암사 정진대사탑비,문경 봉암사 정진대사탑비(보물 제172호),12,0001720000000,ADDR470000,ADD1472800,7.06,,,,,7.023505,,,,128.00983085849774,36.699640079370404
587,12000137000000037,문경시,HE0000145977,문경 봉암사 지증대사탑,문경 봉암사 지증대사탑(보물 제137호),12,0001370000000,ADDR470000,ADD1472800,5.25,,,,,5.201047,,,,128.00550820329613,36.70062860425686
1663,15000085000000038,함양군,HE0000148338,함양 심진동 용추폭포,함양 심진동 용추폭포(명승 제85호),15,0000850000000,ADDR480000,ADD1488700,20256.25,,,,,20256.254116,,,,127.76394497400041,35.687161811548044
592,15000060000000037,봉화군,HE0000151715,봉화 청암정과 석천계곡,봉화 청암정과 석천계곡(명승 제60호),15,0000600000000,ADDR470000,ADD1479200,233096.78,,,,,232839.433844,,,,128.7400272313138,36.90374097949814
593,16000074000000037,봉화군,HE0000148685,봉화 대현리 열목어 서식지,봉화 대현리 열목어 서식지(천연기념물 제74호),16,0000740000000,ADDR470000,ADD1479200,24232208.0,,,,,24204474.486416,,,,128.96854627098156,37.06675845044698
594,11000201000000037,봉화군,HE0000145462,봉화 북지리 마애여래좌상,봉화 북지리 마애여래좌상(국보 제201호),11,0002010000000,ADDR470000,ADD1479200,3.86,,,,,3.863895,,,,128.73691410725826,36.931283889501195
599,16000309000000021,북구,HE0000148408,부산 구포동 당숲,부산 구포동 당숲(천연기념물 제309호),16,0003090000000,ADDR260000,ADD1263200,1287.42,,,,,1285.99639,,,,129.00749491636168,35.204431324829706
600,16000176000000021,금정구,HE0000146706,부산 범어사 등나무 군락,부산 범어사 등나무 군락(천연기념물 제176호),16,0001760000000,ADDR260000,ADD1264100,65562.23,,,,,65484.82588,,,,129.07227774070807,35.28247560898221
601,15000017000000021,영도구,HE0000143649,부산 영도 태종대,부산 영도 태종대(명승 제17호),15,0000170000000,ADDR260000,ADD1262000,1640439.5,,,,,1638494.961549,,,,129.08560683111088,35.05873331350504
602,15000024000000021,남구,HE0000143393,부산 오륙도,부산 오륙도(명승 제24호),15,0000240000000,ADDR260000,ADD1262900,28257.77,,,,,28224.055526,,,,129.12580945656424,35.09427773834166
603,16000267000000021,부산진구,HE0000146707,부산 전포동 구상반려암,부산 전포동 구상반려암(천연기념물 제267호),16,0002670000000,ADDR260000,ADD1262300,33699.78,,,,,33658.859489,,,,129.0710706874008,35.16320059474621
604,12000255000000037,영주시,HE0000148202,영주 부석사 당간지주,영주 부석사 당간지주(보물 제255호),12,0002550000000,ADDR470000,ADD1472100,1.37,,,,,1.365205,,,,128.68563979577888,36.997383738083784
605,11000018000000037,영주시,HE0000145885,영주 부석사 무량수전,영주 부석사 무량수전(국보 제18호),11,0000180000000,ADDR470000,ADD1472100,466.0,,,,,464.823163,,,,128.68746072564193,36.99897433159554
606,11000017000000037,영주시,HE0000146408,영주 부석사 무량수전 앞 석등,영주 부석사 무량수전 앞 석등(국보 제17호),11,0000170000000,ADDR470000,ADD1472100,1.95,,,,,1.939283,,,,128.68744994566558,36.99880408927259
607,12000249000000037,영주시,HE0000148364,영주 부석사 삼층석탑,영주 부석사 삼층석탑(보물 제249호),12,0002490000000,ADDR470000,ADD1472100,12.19,,,,,12.171732,,,,128.68793147271438,36.998819433794196
649,11000030000000037,경주시,HE0000149170,경주 분황사 모전석탑,경주 분황사 모전석탑(국보 제30호),11,0000300000000,ADDR470000,ADD1471300,173.75,,,,,173.549691,,,,129.23366673440302,35.840542592388
650,12000830000000036,영광군,HE0000148478,영광 불갑사 대웅전,영광 불갑사 대웅전(보물 제830호),12,0008300000000,ADDR460000,ADD1468700,222.88,,,,,222.685659,,,,126.54995967307445,35.20074011550152
651,12000436000000038,창원시,HE0000145541,창원 불곡사 석조비로자나불좌상,창원 불곡사 석조비로자나불좌상(보물 제436호),12,0004360000000,ADDR480000,ADD1481100,24.56,,,,,24.605809,,,,128.70183301575642,35.215835709017874
652,11000020000000037,경주시,HE0000148235,경주 불국사 다보탑,경주 불국사 다보탑(국보 제20호),11,0000200000000,ADDR470000,ADD1471300,31.56,,,,,31.489812,,,,129.3322700423594,35.78997022995153
653,12000061000000037,경주시,HE0000144965,경주 불국사 사리탑,경주 불국사 사리탑(보물 제61호),12,0000610000000,ADDR470000,ADD1471300,0.75,,,,,0.748591,,,,129.33176450900956,35.79064397358386
654,11000021000000037,경주시,HE0000149165,경주 불국사 삼층석탑,경주 불국사 삼층석탑(국보 제21호),11,0000210000000,ADDR470000,ADD1471300,19.44,,,,,19.522607,,,,129.3319797499931,35.789971757699035
655,12001523000000037,경주시,HE0000146862,경주 불국사 석조,경주 불국사 석조(보물 제1523호),12,0015230000000,ADDR470000,ADD1471300,3.34,,,,,3.372558,,,,129.33245744662517,35.78953984563471
656,11000022000000037,경주시,HE0000149166,경주 불국사 연화교 및 칠보교,경주 불국사 연화교 및 칠보교(국보 제22호),11,0000220000000,ADDR470000,ADD1471300,28.68,,,,,28.636393,,,,129.33164296578056,35.7897232446486
658,12000429000000037,경산시,HE0000145535,경산 불굴사 삼층석탑,경산 불굴사 삼층석탑(보물 제429호),12,0004290000000,ADDR470000,ADD1472900,6.22,,,,,6.200095,,,,128.77844571911797,35.945345461111074
659,12001201000000037,울진군,HE0000148654,울진 불영사 대웅보전,울진 불영사 대웅보전(보물 제1201호),12,0012010000000,ADDR470000,ADD1479300,280.0,,,,,279.548695,,,,129.27382516389804,36.941137996578014
661,12001187000000050,제주시,HE0000148291,제주 불탑사 오층석탑,제주 불탑사 오층석탑(보물 제1187호),12,0011870000000,ADDR500000,ADD1501100,1.79,,,,,1.792315,,,,126.59854235833183,33.52937878131904
610,13000103000000035,부안군,HE0000147558,부안 구암리 지석묘군,부안 구암리 지석묘군(사적 제103호),13,0001030000000,ADDR520000,ADD1528000,4795.89,,,,,4791.978538,,,,126.65448625003637,35.70797973458644
611,18000150000000035,부안군,HE0000148220,부안 김상만 고택,부안 김상만 고택(국가민속문화유산 제150호),18,0001500000000,ADDR520000,ADD1528000,1212.74,,,,,1211.904517,,,,126.67971243927006,35.590175933449736
612,16000122000000035,부안군,HE0000146927,부안 도청리 호랑가시나무 군락,부안 도청리 호랑가시나무 군락(천연기념물 제122호),16,0001220000000,ADDR520000,ADD1528000,2226.02,,,,,2225.116056,,,,126.5090484310227,35.58564750852239
614,16000370000000035,부안군,HE0000148414,부안 미선나무 자생지,부안 미선나무 자생지(천연기념물 제370호),16,0003700000000,ADDR520000,ADD1528000,10857.8,,,,,10850.432844,,,,126.58721512099733,35.665939581136044
616,13000069000000035,부안군,HE0000146924,부안 유천리 요지,부안 유천리 요지(사적 제69호),13,0000690000000,ADDR520000,ADD1528000,209975.5,,,,,209829.946969,,,,126.65745039901445,35.61152714485109
617,16000124000000035,부안군,HE0000146929,부안 중계리 꽝꽝나무군락,부안 중계리 꽝꽝나무군락(천연기념물 제124호),16,0001240000000,ADDR520000,ADD1528000,662.64,,,,,662.184209,,,,126.58242926276333,35.65685857201415
619,15000013000000035,부안군,HE0000146551,부안 채석강·적벽강 일원,부안 채석강·적벽강 일원(명승 제13호),15,0000130000000,ADDR520000,ADD1528000,340492.12,,,,,340264.952593,,,,126.4655422897393,35.63134375033617
622,13000044000000034,부여군,HE0000148672,부여 군수리 사지,부여 군수리 사지(사적 제44호),13,0000440000000,ADDR440000,ADD1447600,33800.64,,,,,33775.43265,,,,126.90902276988969,36.268982195348734
626,13000434000000034,부여군,HE0000146273,부여 능산리 사지,부여 능산리 사지(사적 제434호),13,0004340000000,ADDR440000,ADD1447600,30052.12,,,,,30029.377838,,,,126.94120580404402,36.27696913714671
572,18000134000000033,보은군,HE0000148549,보은 우당고택,보은 우당고택(국가민속문화유산 제134호),18,0001340000000,ADDR430000,ADD1437200,15915.82,,,,,15901.172312,,,,127.78983104714109,36.46828234543396
573,18000139000000033,보은군,HE0000147935,보은 최감찰댁,보은 최감찰댁(국가민속문화유산 제139호),18,0001390000000,ADDR430000,ADD1437200,5148.17,,,,,5143.799052,,,,127.71527075205219,36.4326212125546
574,12000472000000038,의령군,HE0000145851,의령 보천사지 승탑,의령 보천사지 승탑(보물 제472호),12,0004720000000,ADDR480000,ADD1487200,2.27,,,,,2.255773,,,,128.23653308574558,35.3098912892165
575,12000373000000038,의령군,HE0000146464,의령 보천사지 삼층석탑,의령 보천사지 삼층석탑(보물 제373호),12,0003730000000,ADDR480000,ADD1487200,15.97,,,,,16.021384,,,,128.23426881753454,35.30974309893923
576,12000191000000032,강릉시,HE0000148354,강릉 보현사 낭원대사탑,강릉 보현사 낭원대사탑(보물 제191호),12,0001910000000,ADDR510000,ADD1511500,2.25,,,,,2.256782,,,,128.76742765538634,37.738458303681405
579,12001418000000033,보은군,HE0000145505,보은 법주사 복천암 학조화상탑,보은 법주사 복천암 학조화상탑(보물 제1418호),12,0014180000000,ADDR430000,ADD1437200,6.86,,,,,6.860294,,,,127.85487587861027,36.550129418121905
581,12000362000000011,용산구,HE0000145696,창원 봉림사지 진경대사탑,창원 봉림사지 진경대사탑(보물 제362호),12,0003620000000,ADDR110000,ADD1111700,2.09,,,,,2.09215,,,,126.98071482970443,37.523507776188204
583,11000315000000037,문경시,HE0000152599,문경 봉암사 지증대사탑비,문경 봉암사 지증대사탑비(국보 제315호),11,0003150000000,ADDR470000,ADD1472800,7.28,,,,,7.372784,,,,128.00541892447345,36.70062575280855
509,12001183000000036,해남군,HE0000148287,해남 미황사 응진당,해남 미황사 응진당(보물 제1183호),12,0011830000000,ADDR460000,ADD1468200,122.44,,,,,122.302181,,,,126.57812234434162,34.38281245021307
510,13000459000000038,밀양시,HE0000145577,밀양 박익 벽화묘,밀양 박익 벽화묘(사적 제459호),13,0004590000000,ADDR480000,ADD1482700,2644.0,,,,,2641.336755,,,,128.6629154977988,35.55701033085877
511,16000224000000038,밀양시,HE0000148467,밀양 남명리 얼음골,밀양 남명리 얼음골(천연기념물 제224호),16,0002240000000,ADDR480000,ADD1482700,87931.5,,,,,87832.205226,,,,128.98436367344934,35.57438017599117
512,12000468000000038,밀양시,HE0000145847,밀양 숭진리 삼층석탑,밀양 숭진리 삼층석탑(보물 제468호),12,0004680000000,ADDR480000,ADD1482700,3.17,,,,,3.212196,,,,128.81187189232725,35.46076109290658
515,12000128000000038,합천군,HE0000146454,합천 반야사지 원경왕사비,합천 반야사지 원경왕사비(보물 제128호),12,0001280000000,ADDR480000,ADD1488900,2.39,,,,,2.412912,,,,128.09646536616555,35.799383533614794
516,12000276000000035,군산시,HE0000146901,군산 발산리 오층석탑,군산 발산리 오층석탑(보물 제276호),12,0002760000000,ADDR520000,ADD1521300,5.64,,,,,5.637524,,,,126.79671589926556,35.95933071066699
517,12000159000000038,함안군,HE0000147895,함안 방어산 마애약사여래삼존입상,함안 방어산 마애약사여래삼존입상(보물 제159호),12,0001590000000,ADDR480000,ADD1487300,30.0,,,,,29.955357,,,,128.30113167777276,35.24770626121802
518,13000270000000011,송파구,HE0000147531,서울 방이동 고분군,서울 방이동 고분군(사적 제270호),13,0002700000000,ADDR110000,ADD1117100,30286.24,,,,,30265.209261,,,,127.11874621853121,37.50773275184871
519,13000219000000037,경주시,HE0000148491,경주 배동 삼릉,경주 배동 삼릉(사적 제219호),13,0002190000000,ADDR470000,ADD1471300,4538.0,,,,,4532.594518,,,,129.20914636615697,35.79744622203856
520,12001396000000036,강진군,HE0000145241,강진 백련사 사적비,강진 백련사 사적비(보물 제1396호),12,0013960000000,ADDR460000,ADD1468100,4.42,,,,,4.419848,,,,126.7473784791247,34.58781398793253
522,12001346000000036,장성군,HE0000145003,장성 백양사 소요대사탑,장성 백양사 소요대사탑(보물 제1346호),12,0013460000000,ADDR460000,ADD1468800,1.11,,,,,1.116607,,,,126.88401942223976,35.44046686875693
523,12000304000000036,보성군,HE0000146896,보성 벌교 홍교,보성 벌교 홍교(보물 제304호),12,0003040000000,ADDR460000,ADD1467800,142.78,,,,,142.522143,,,,127.33829998039393,34.8497732710891
524,12000434000000021,금정구,HE0000145539,부산 범어사 대웅전,부산 범어사 대웅전(보물 제434호),12,0004340000000,ADDR260000,ADD1264100,263.75,,,,,263.767251,,,,129.06817363399105,35.28392145373999
525,12000250000000021,금정구,HE0000148365,부산 범어사 삼층석탑,부산 범어사 삼층석탑(보물 제250호),12,0002500000000,ADDR260000,ADD1264100,10.91,,,,,10.856802,,,,129.06841906736204,35.284023909311024
526,12001461000000021,금정구,HE0000144859,부산 범어사 조계문,부산 범어사 조계문(보물 제1461호),12,0014610000000,ADDR260000,ADD1264100,57.5,,,,,57.505289,,,,129.06966859668435,35.2837252098654
527,12000473000000038,산청군,HE0000145839,산청 법계사 삼층석탑,산청 법계사 삼층석탑(보물 제473호),12,0004730000000,ADDR480000,ADD1488600,1.02,,,,,1.006163,,,,127.73613013875675,35.32762236127212
534,12000916000000033,보은군,HE0000148616,보은 법주사 원통보전,보은 법주사 원통보전(보물 제916호),12,0009160000000,ADDR430000,ADD1437200,132.25,,,,,132.178434,,,,127.83303213546236,36.542376086623264
536,12001417000000033,보은군,HE0000145504,보은 법주사 석조희견보살입상,보은 법주사 석조희견보살입상(보물 제1417호),12,0014170000000,ADDR430000,ADD1437200,18.59,,,,,18.583317,,,,127.83283237490825,36.54244759757724
537,11000101000000025,종로구,HE0000148531,원주 법천사지 지광국사탑,원주 법천사지 지광국사탑(국보 제101호),11,0001010000000,ADDR300000,ADD1302000,13.99,,,,,13.957108,,,,126.97539450125099,37.577147910397116
1886,13000488000000022,대구광역시,,달성 도동서원,달성 도동서원(사적 제488호),13,0004880000000,ADDR270000,ADD1277100,26766.0,,,,,,,,,128.37056668718677,35.70200706824324
528,13000493000000037,포항시,HE0000143862,포항 법광사지,포항 법광사지(사적 제493호),13,0004930000000,ADDR470000,ADD1471100,24254.98,,,,,24225.147996,,,,129.24398865818293,36.147368208029015
529,12000915000000033,보은군,HE0000148733,보은 법주사 대웅보전,보은 법주사 대웅보전(보물 제915호),12,0009150000000,ADDR430000,ADD1437200,584.75,,,,,584.222151,,,,127.83356030271428,36.542748731831544
530,12000216000000033,보은군,HE0000147976,보은 법주사 마애여래의좌상,보은 법주사 마애여래의좌상(보물 제216호),12,0002160000000,ADDR430000,ADD1437200,48.81,,,,,48.968175,,,,127.8319843129843,36.541413729319196
531,12000015000000033,보은군,HE0000146093,보은 법주사 사천왕 석등,보은 법주사 사천왕 석등(보물 제15호),12,0000150000000,ADDR430000,ADD1437200,6.19,,,,,6.136387,,,,127.83340050430567,36.542503550609936
532,11000064000000033,보은군,HE0000148179,보은 법주사 석련지,보은 법주사 석련지(국보 제64호),11,0000640000000,ADDR430000,ADD1437200,37.41,,,,,37.300789,,,,127.83248726056961,36.54147876699529
533,11000005000000033,보은군,HE0000145809,보은 법주사 쌍사자 석등,보은 법주사 쌍사자 석등(국보 제5호),11,0000050000000,ADDR430000,ADD1437200,30.22,,,,,30.141909,,,,127.83322480143211,36.54215704803143
535,11000055000000033,보은군,HE0000147880,보은 법주사 팔상전,보은 법주사 팔상전(국보 제55호),11,0000550000000,ADDR430000,ADD1437200,192.31,,,,,192.408103,,,,127.83311157446212,36.54191434817265
538,11000059000000032,원주시,HE0000147883,원주 법천사지 지광국사탑비,원주 법천사지 지광국사탑비(국보 제59호),11,0000590000000,ADDR510000,ADD1511300,12.19,,,,,12.251969,,,,127.76471435613229,37.20961778787456
539,18000185000000037,안동시,HE0000147116,안동 고성이씨 탑동파 종택,안동 고성이씨 탑동파 종택(국가민속문화유산 제185호),18,0001850000000,ADDR470000,ADD1471700,2900.32,,,,,2897.108677,,,,128.74632586131222,36.566441788947444
540,12000474000000038,함양군,HE0000146183,함양 벽송사 삼층석탑,함양 벽송사 삼층석탑(보물 제474호),12,0004740000000,ADDR480000,ADD1488700,3.48,,,,,3.456591,,,,127.7038498124375,35.39465026695935
543,12000430000000037,포항시,HE0000145536,포항 보경사 승탑,포항 보경사 승탑(보물 제430호),12,0004300000000,ADDR470000,ADD1471100,1.59,,,,,1.576683,,,,129.3189936404572,36.2543049357072
544,12000252000000037,포항시,HE0000148441,포항 보경사 원진국사비,포항 보경사 원진국사비(보물 제252호),12,0002520000000,ADDR470000,ADD1471100,1.84,,,,,1.796629,,,,129.31821259354118,36.25254049439949
545,12000107000000034,부여군,HE0000146150,부여 보광사지 대보광선사비,부여 보광사지 대보광선사비(보물 제107호),12,0001070000000,ADDR440000,ADD1447600,1.39,,,,,1.398611,,,,126.91809828535466,36.27568344437019
546,15000034000000036,완도군,HE0000143411,보길도 윤선도 원림,보길도 윤선도 원림(명승 제34호),15,0000340000000,ADDR460000,ADD1468900,92267.47,,,,,92206.300798,,,,126.54690567388793,34.15173628535479
548,12000361000000011,용산구,HE0000145695,양평 보리사지 대경대사탑비,양평 보리사지 대경대사탑비(보물 제361호),12,0003610000000,ADDR110000,ADD1111700,2.8,,,,,2.761559,,,,126.9810506450009,37.523523940142354
549,12000155000000036,장흥군,HE0000148332,장흥 보림사 동 승탑,장흥 보림사 동 승탑(보물 제155호),12,0001550000000,ADDR460000,ADD1468000,2.73,,,,,2.741625,,,,126.89989574175132,34.80848981531421
550,12000157000000036,장흥군,HE0000148334,장흥 보림사 보조선사탑,장흥 보림사 보조선사탑(보물 제157호),12,0001570000000,ADDR460000,ADD1468000,3.99,,,,,3.98253,,,,126.897488118503,34.80849958272769
551,12000158000000036,장흥군,HE0000146629,장흥 보림사 보조선사탑비,장흥 보림사 보조선사탑비(보물 제158호),12,0001580000000,ADDR460000,ADD1468000,5.36,,,,,5.352612,,,,126.89736471204701,34.80826525561426
552,11000044000000036,장흥군,HE0000148421,장흥 보림사 남·북 삼층석탑 및 석등,장흥 보림사 남·북 삼층석탑 및 석등(국보 제44호),11,0000440000000,ADDR460000,ADD1468000,1.11,,,,,1.121242,,,,126.89626289594307,34.80774323937691
553,12000156000000036,장흥군,HE0000148333,장흥 보림사 서 승탑,장흥 보림사 서 승탑(보물 제156호),12,0001560000000,ADDR460000,ADD1468000,4.46,,,,,4.454846,,,,126.88768682789699,34.81280413264074
554,18000156000000036,보성군,HE0000147934,보성 율어리 고택,보성 율어리 고택(국가민속문화유산 제156호),18,0001560000000,ADDR460000,ADD1467800,1543.58,,,,,1542.236431,,,,127.16703054923735,34.866552912380115
555,12001115000000036,보성군,HE0000148943,보성 봉천리 오층석탑,보성 봉천리 오층석탑(보물 제1115호),12,0011150000000,ADDR460000,ADD1467800,4.27,,,,,4.27239,,,,127.13547063271123,34.90029023364623
813,13000313000000037,영주시,HE0000148726,영주 순흥 벽화 고분,영주 순흥 벽화 고분(사적 제313호),13,0003130000000,ADDR470000,ADD1472100,179267.47,,,,,179081.926945,,,,128.56596404849327,36.91439942100819
814,12000520000000038,창녕군,HE0000145765,창녕 술정리 서 삼층석탑,창녕 술정리 서 삼층석탑(보물 제520호),12,0005200000000,ADDR480000,ADD1487400,10.91,,,,,10.81858,,,,128.48972807611364,35.54047695546813
764,16000403000000037,성주군,HE0000149179,성주 경산리 성밖숲,성주 경산리 성밖숲(천연기념물 제403호),16,0004030000000,ADDR470000,ADD1478400,39051.93,,,,,39010.904761,,,,128.2797069812314,35.915540353278026
765,12001121000000037,성주군,HE0000149189,성주 금봉리 석조비로자나불좌상,성주 금봉리 석조비로자나불좌상(보물 제1121호),12,0011210000000,ADDR470000,ADD1478400,35.48,,,,,35.447777,,,,128.13865826455162,35.886348006621596
766,12000655000000037,칠곡군,HE0000148082,칠곡 노석리 마애불상군,칠곡 노석리 마애불상군(보물 제655호),12,0006550000000,ADDR470000,ADD1478500,20.66,,,,,20.601675,,,,128.37118577767131,35.95116196926816
808,15000041000000036,순천시,HE0000146488,순천만,순천만(명승 제41호),15,0000410000000,ADDR460000,ADD1461500,3015762.0,,,,,3013149.594524,,,,127.50837811088984,34.87293233941915
809,12001311000000036,순천시,HE0000144980,순천 선암사 대웅전,순천 선암사 대웅전(보물 제1311호),12,0013110000000,ADDR460000,ADD1461500,322.63,,,,,322.452497,,,,127.33106852295445,34.99654610775204
826,13000020000000037,경주시,HE0000146921,경주 무열왕릉,경주 무열왕릉(사적 제20호),13,0000200000000,ADDR470000,ADD1471300,28384.85,,,,,28350.790304,,,,129.18763755059507,35.82506570030638
827,13000175000000037,경주시,HE0000148643,경주 미추왕릉,경주 미추왕릉(사적 제175호),13,0001750000000,ADDR470000,ADD1471300,5520.66,,,,,5513.221455,,,,129.21334097819633,35.83666609642017
828,13000176000000037,경주시,HE0000148644,경주 법흥왕릉,경주 법흥왕릉(사적 제176호),13,0001760000000,ADDR470000,ADD1471300,72525.54,,,,,72438.468609,,,,129.1638300257279,35.82432791502132
833,13000172000000037,경주시,HE0000148985,경주 오릉,경주 오릉(사적 제172호),13,0001720000000,ADDR470000,ADD1471300,166093.08,,,,,165889.856072,,,,129.20896612624477,35.82369253758801
834,13000173000000037,경주시,HE0000148641,경주 일성왕릉,경주 일성왕릉(사적 제173호),13,0001730000000,ADDR470000,ADD1471300,1395.25,,,,,1392.248669,,,,129.2217295085192,35.813801175878794
835,13000186000000037,경주시,HE0000147467,경주 정강왕릉,경주 정강왕릉(사적 제186호),13,0001860000000,ADDR470000,ADD1471300,713.5,,,,,712.498913,,,,129.2402638628351,35.79947347057834
838,13000180000000037,경주시,HE0000147461,경주 진평왕릉,경주 진평왕릉(사적 제180호),13,0001800000000,ADDR470000,ADD1471300,27722.86,,,,,27689.790024,,,,129.25061143344905,35.8319106978105
839,13000177000000037,경주시,HE0000148971,경주 진흥왕릉,경주 진흥왕릉(사적 제177호),13,0001770000000,ADDR470000,ADD1471300,448.06,,,,,447.478386,,,,129.18393737952158,35.82916526343952
840,13000174000000037,경주시,HE0000148642,경주 탈해왕릉,경주 탈해왕릉(사적 제174호),13,0001740000000,ADDR470000,ADD1471300,105497.84,,,,,105368.248291,,,,129.23211568432126,35.851751945642384
841,11000025000000037,경주시,HE0000149169,경주 태종무열왕릉비,경주 태종무열왕릉비(국보 제25호),11,0000250000000,ADDR470000,ADD1471300,8.63,,,,,8.625866,,,,129.18855116383799,35.825136617476296
842,13000187000000037,경주시,HE0000147468,경주 헌강왕릉,경주 헌강왕릉(사적 제187호),13,0001870000000,ADDR470000,ADD1471300,774.0,,,,,772.970582,,,,129.24007486156708,35.80223293125851
844,13000179000000037,경주시,HE0000147460,경주 헌안왕릉,경주 헌안왕릉(사적 제179호),13,0001790000000,ADDR470000,ADD1471300,384.63,,,,,384.11475,,,,129.18403896051655,35.8282256882977
846,13000184000000037,경주시,HE0000147465,경주 효소왕릉,경주 효소왕릉(사적 제184호),13,0001840000000,ADDR470000,ADD1471300,20804.25,,,,,20778.800496,,,,129.27963479696498,35.78726799234898
847,13000030000000037,경주시,HE0000147410,경주 흥덕왕릉,경주 흥덕왕릉(사적 제30호),13,0000300000000,ADDR470000,ADD1471300,66287.61,,,,,66205.615458,,,,129.20817977765756,36.01816728507017
848,12000225000000031,여주군,HE0000149080,여주 신륵사 다층석탑,여주 신륵사 다층석탑(보물 제225호),12,0002250000000,ADDR410000,ADD1417300,1.75,,,,,1.719164,,,,127.66168620305974,37.29753925148304
849,12000226000000031,여주군,HE0000149081,여주 신륵사 다층전탑,여주 신륵사 다층전탑(보물 제226호),12,0002260000000,ADDR410000,ADD1417300,17.08,,,,,17.080407,,,,127.66222644469802,37.29712337710286
850,12000230000000031,여주군,HE0000149085,여주 신륵사 대장각기비,여주 신륵사 대장각기비(보물 제230호),12,0002300000000,ADDR410000,ADD1417300,0.83,,,,,0.842995,,,,127.6622198939931,37.29737589302661
851,12000228000000031,여주군,HE0000149083,여주 신륵사 보제존자석종,여주 신륵사 보제존자석종(보물 제228호),12,0002280000000,ADDR410000,ADD1417300,4.5,,,,,4.476704,,,,127.66165960166391,37.29837503393816
852,12000229000000031,여주군,HE0000149084,여주 신륵사 보제존자석종비,여주 신륵사 보제존자석종비(보물 제229호),12,0002290000000,ADDR410000,ADD1417300,1.7,,,,,1.660866,,,,127.66174119306439,37.29834670371656
853,12000231000000031,여주군,HE0000149086,여주 신륵사 보제존자석종 앞 석등,여주 신륵사 보제존자석종 앞 석등(보물 제231호),12,0002310000000,ADDR410000,ADD1417300,0.89,,,,,0.894219,,,,127.66162484405658,37.29834790955514
854,12000180000000031,여주군,HE0000147888,여주 신륵사 조사당,여주 신륵사 조사당(보물 제180호),12,0001800000000,ADDR410000,ADD1417300,79.19,,,,,79.133004,,,,127.66137927129547,37.29792012099326
855,12000087000000032,강릉시,HE0000146440,강릉 신복사지 삼층석탑,강릉 신복사지 삼층석탑(보물 제87호),12,0000870000000,ADDR510000,ADD1511500,6.0,,,,,5.99714,,,,128.88559218964207,37.74278864885653
856,12000084000000032,강릉시,HE0000146174,강릉 신복사지 석조보살좌상,강릉 신복사지 석조보살좌상(보물 제84호),12,0000840000000,ADDR510000,ADD1511500,0.73,,,,,0.717452,,,,128.88555610889344,37.74280511552601
857,16000341000000036,신안군,HE0000147751,"신안 구굴도 바닷새류(뿔쇠오리, 바다제비, 슴새) 번식지","신안 구굴도 바닷새류(뿔쇠오리, 바다제비, 슴새) 번식지(천연기념물 제341호)",16,0003410000000,ADDR460000,ADD1469100,26282.23,,,,,26272.620628,,,,125.08170392951594,34.1177264389053
815,12000521000000037,영천시,HE0000145766,영천 숭렬당,영천 숭렬당(보물 제521호),12,0005210000000,ADDR470000,ADD1472300,205.55,,,,,205.470536,,,,128.92898936262696,35.96642959304883
816,12000825000000035,익산시,HE0000149145,익산 숭림사 보광전,익산 숭림사 보광전(보물 제825호),12,0008250000000,ADDR520000,ADD1521400,146.06,,,,,145.744586,,,,126.91558728890136,36.081797449415745
819,12000294000000038,함양군,HE0000148294,함양 승안사지 삼층석탑,함양 승안사지 삼층석탑(보물 제294호),12,0002940000000,ADDR480000,ADD1488700,2.84,,,,,2.837712,,,,127.79720668291449,35.57263500855038
821,12001324000000031,시흥시,HE0000146272,시흥 소래산 마애보살입상,시흥 소래산 마애보살입상(보물 제1324호),12,0013240000000,ADDR410000,ADD1413900,67.14,,,,,67.110184,,,,126.78097258772287,37.454138479408265
822,13000441000000031,시흥시,HE0000146419,시흥 오이도 유적,시흥 오이도 유적(사적 제441호),13,0004410000000,ADDR410000,ADD1413900,444781.47,,,,,444463.908274,,,,126.69424331756069,37.341969982456476
1584,13000322000000038,함양군,HE0000148846,함양 황석산성,함양 황석산성(사적 제322호),13,0003220000000,ADDR480000,ADD1488700,443893.56,,,,,443489.199643,,,,127.75170463982461,35.652007396757355
1586,12000209000000025,대덕구,HE0000147969,대전 회덕 동춘당,대전 회덕 동춘당(보물 제209호),12,0002090000000,ADDR300000,ADD1302300,88.19,,,,,88.111922,,,,127.4414620884259,36.36498664669875
1587,12000388000000031,양주시,HE0000145531,양주 회암사지 무학대사탑,양주 회암사지 무학대사탑(보물 제388호),12,0003880000000,ADDR410000,ADD1416300,9.99,,,,,10.014548,,,,127.10803572998192,37.849817838768615
1588,12000389000000031,양주시,HE0000146341,양주 회암사지 무학대사탑 앞 쌍사자 석등,양주 회암사지 무학대사탑 앞 쌍사자 석등(보물 제389호),12,0003890000000,ADDR410000,ADD1416300,0.99,,,,,0.962618,,,,127.10803225418157,37.849773877069396
1685,13000517000000037,경주시,HE0000148343,경주 진지왕릉,경주 진지왕릉(사적 제517호),13,0005170000000,ADDR470000,ADD1471300,740.68,,,,,740.683447,,,,129.18402711867517,35.82888018188479
1407,13000105000000034,금산군,HE0000147300,금산 칠백의총,금산 칠백의총(사적 제105호),13,0001050000000,ADDR440000,ADD1447100,104886.26,,,,,104797.706277,,,,127.49253258202806,36.13042019906818
1409,12001288000000036,여수시,HE0000148873,여수 타루비,여수 타루비(보물 제1288호),12,0012880000000,ADDR460000,ADD1461300,0.45,,,,,0.476128,,,,127.73892690834558,34.74002314558529
1412,12000749000000031,고양시,HE0000145959,고양 태고사 원증국사탑,고양 태고사 원증국사탑(보물 제749호),12,0007490000000,ADDR410000,ADD1412800,8.94,,,,,8.970676,,,,126.9791027057236,37.64580666335919
1413,12000611000000031,고양시,HE0000147993,고양 태고사 원증국사탑비,고양 태고사 원증국사탑비(보물 제611호),12,0006110000000,ADDR410000,ADD1412800,4.05,,,,,4.066957,,,,126.97864493978317,37.64556285513483
1414,12000554000000022,달성군,HE0000146631,달성 태고정,달성 태고정(보물 제554호),12,0005540000000,ADDR270000,ADD1277100,113.13,,,,,113.082802,,,,128.41738553398565,35.91168758650145
1492,13000152000000038,함양군,HE0000147765,함양 사근산성,함양 사근산성(사적 제152호),13,0001520000000,ADDR480000,ADD1488700,95811.63,,,,,95722.19734,,,,127.79334758335224,35.533820960403915
995,18000132000000033,영동군,HE0000148547,영동 소석고택,영동 소석고택(국가민속문화유산 제132호),18,0001320000000,ADDR430000,ADD1437400,3685.46,,,,,3682.038274,,,,127.71264611118774,36.21821493417385
999,12000564000000038,창녕군,HE0000148707,창녕 영산 만년교,창녕 영산 만년교(보물 제564호),12,0005640000000,ADDR480000,ADD1487400,67.89,,,,,68.151598,,,,128.5298253123016,35.453600560449495
1000,12001739000000038,창녕군,HE0000148982,창녕 영산 석빙고,창녕 영산 석빙고(보물 제1739호),12,0017390000000,ADDR480000,ADD1487400,3504.0,,,,,3537.782327,,,,128.53830892804336,35.45687264004862
1001,13000338000000036,영암군,HE0000148715,영암 구림리 요지,영암 구림리 요지(사적 제338호),13,0003380000000,ADDR460000,ADD1468300,3698.78,,,,,3695.822427,,,,126.62405805463524,34.75847891867433
1002,12000489000000038,합천군,HE0000146178,합천 영암사지 귀부,합천 영암사지 귀부(보물 제489호),12,0004890000000,ADDR480000,ADD1488900,11.53,,,,,11.514284,,,,128.0019551297303,35.47403293494438
1095,12000678000000037,청도군,HE0000145474,청도 운문사 동·서 삼층석탑,청도 운문사 동·서 삼층석탑(보물 제678호),12,0006780000000,ADDR470000,ADD1478200,19.83,,,,,19.805945,,,,128.95972803006953,35.66116592758171
1096,12000317000000037,청도군,HE0000145467,청도 운문사 석조여래좌상,청도 운문사 석조여래좌상(보물 제317호),12,0003170000000,ADDR470000,ADD1478200,0.33,,,,,0.329941,,,,128.96014896381965,35.66114562349387
1097,12000316000000037,청도군,HE0000145466,청도 운문사 원응국사비,청도 운문사 원응국사비(보물 제316호),12,0003160000000,ADDR470000,ADD1478200,1.97,,,,,1.99525,,,,128.96090764508483,35.66097439665032
1098,12000796000000036,화순군,HE0000148393,화순 운주사 구층석탑,화순 운주사 구층석탑(보물 제796호),12,0007960000000,ADDR460000,ADD1467900,23.81,,,,,23.76096,,,,126.879202933015,34.923295542067436
1099,12000797000000036,화순군,HE0000148394,화순 운주사 석조불감,화순 운주사 석조불감(보물 제797호),12,0007970000000,ADDR460000,ADD1467900,13.22,,,,,13.161701,,,,126.87994652801812,34.924782086307516
1183,13000189000000033,충주시,HE0000147470,충주 임충민공 충렬사,충주 임충민공 충렬사(사적 제189호),13,0001890000000,ADDR430000,ADD1431300,28842.44,,,,,28815.862061,,,,127.90456133786921,36.94616344063384
1184,12000162000000034,청양군,HE0000146624,청양 장곡사 상 대웅전,청양 장곡사 상 대웅전(보물 제162호),12,0001620000000,ADDR440000,ADD1447900,198.75,,,,,198.529814,,,,126.86028486841532,36.417638849442966
1185,12000181000000034,청양군,HE0000147889,청양 장곡사 하 대웅전,청양 장곡사 하 대웅전(보물 제181호),12,0001810000000,ADDR440000,ADD1447900,125.75,,,,,125.767343,,,,126.8597001289899,36.41742520047441
919,13000252000000011,중구,HE0000147079,서울 약현성당,서울 약현성당(사적 제252호),13,0002520000000,ADDR110000,ADD1111400,1308.75,,,,,1307.245809,,,,126.96743017249149,37.55917874967076
920,16000372000000032,양구군,HE0000147746,양구 개느삼 자생지,양구 개느삼 자생지(천연기념물 제372호),16,0003720000000,ADDR510000,ADD1518000,13200.76,,,,,13188.029821,,,,128.03262205230072,38.187576609680406
921,18000083000000037,경주시,HE0000147758,경주 양동마을 강학당,경주 양동마을 강학당(국가민속문화유산 제83호),18,0000830000000,ADDR470000,ADD1471300,785.03,,,,,783.868664,,,,129.2550228332432,35.99960934720447
1830,13000452000000023,인천광역시,,강화 외성,강화 외성(사적 제452호),13,0004520000000,ADDR280000,ADD1287100,249841.0,,,,,,,,,126.52029161873146,37.69142691574097
337,18000149000000035,남원시,HE0000147942,남원 몽심재 고택,남원 몽심재 고택(국가민속문화유산 제149호),18,0001490000000,ADDR520000,ADD1521900,2393.47,,,,,2391.542563,,,,127.37472494319478,35.337995447955095
410,12001347000000036,해남군,HE0000145004,해남 대흥사 서산대사탑,해남 대흥사 서산대사탑(보물 제1347호),12,0013470000000,ADDR460000,ADD1468200,1.52,,,,,1.51545,,,,126.61388572225647,34.4764974293062
1602,15000076000000032,영월군,HE0000148339,영월 선돌,영월 선돌(명승 제76호),15,0000760000000,ADDR510000,ADD1517500,244055.0,,,,,244054.998378,,,,128.4317845302427,37.203707021793726
1106,16000051000000037,울릉군,HE0000148589,울릉 도동 섬개야광나무와 섬댕강나무 군락,울릉 도동 섬개야광나무와 섬댕강나무 군락(천연기념물 제51호),16,0000510000000,ADDR470000,ADD1479400,49698.2,,,,,49625.209764,,,,130.90739682955567,37.48638823918739
1189,13000377000000036,장성군,HE0000149118,장성 대도리 백자 요지,장성 대도리 백자 요지(사적 제377호),13,0003770000000,ADDR460000,ADD1468800,6506.82,,,,,6502.582687,,,,126.59521834613003,35.236917621290175
928,18000080000000037,경주시,HE0000147755,경주 양동마을 수운정,경주 양동마을 수운정(국가민속문화유산 제80호),18,0000800000000,ADDR470000,ADD1471300,680.75,,,,,680.298307,,,,129.24970975594977,36.00410827100975
929,18000078000000037,경주시,HE0000148762,경주 양동마을 수졸당 고택,경주 양동마을 수졸당 고택(국가민속문화유산 제78호),18,0000780000000,ADDR470000,ADD1471300,4574.59,,,,,4568.712403,,,,129.25444559669702,36.00222340374848
1117,15000006000000037,울진군,HE0000147280,울진 불영사계곡 일원,울진 불영사계곡 일원(명승 제6호),15,0000060000000,ADDR470000,ADD1479300,18299064.0,,,,,17910879.470824,,,,129.29839939276363,36.95555772661386
924,18000077000000037,경주시,HE0000148761,경주 양동마을 두곡고택,경주 양동마을 두곡고택(국가민속문화유산 제77호),18,0000770000000,ADDR470000,ADD1471300,1873.91,,,,,1871.765494,,,,129.2561433668932,36.00133158382445
925,18000074000000037,경주시,HE0000148758,경주 양동마을 사호당 고택,경주 양동마을 사호당 고택(국가민속문화유산 제74호),18,0000740000000,ADDR470000,ADD1471300,1244.78,,,,,1243.412216,,,,129.25475962868765,36.00300900092259
926,18000075000000037,경주시,HE0000148759,경주 양동마을 상춘헌 고택,경주 양동마을 상춘헌 고택(국가민속문화유산 제75호),18,0000750000000,ADDR470000,ADD1471300,2478.09,,,,,2475.000691,,,,129.25511222361288,36.00276292244006
927,18000023000000037,경주시,HE0000148387,경주 양동마을 송첨종택,경주 양동마을 송첨종택(국가민속문화유산 제23호),18,0000230000000,ADDR470000,ADD1471300,4595.66,,,,,4590.066084,,,,129.2536004877225,36.003839549845445
930,18000081000000037,경주시,HE0000147756,경주 양동마을 심수정,경주 양동마을 심수정(국가민속문화유산 제81호),18,0000810000000,ADDR470000,ADD1471300,1280.81,,,,,1279.74451,,,,129.25500152645515,36.000176706925785
931,18000082000000037,경주시,HE0000147757,경주 양동마을 안락정,경주 양동마을 안락정(국가민속문화유산 제82호),18,0000820000000,ADDR470000,ADD1471300,655.5,,,,,654.667004,,,,129.25524112257656,35.99732770420381
1010,16000219000000032,영월군,HE0000147311,영월 고씨굴,영월 고씨굴(천연기념물 제219호),16,0002190000000,ADDR510000,ADD1517500,288687.5,,,,,288381.509174,,,,128.53155189032722,37.1260301176516
1012,12000822000000031,이천시,HE0000149142,이천 영월암 마애여래입상,이천 영월암 마애여래입상(보물 제822호),12,0008220000000,ADDR410000,ADD1415000,29.52,,,,,29.520135,,,,127.41525373030912,37.2817428438219
1013,15000014000000032,영월군,HE0000145507,영월 어라연 일원,영월 어라연 일원(명승 제14호),15,0000140000000,ADDR510000,ADD1517500,1696908.0,,,,,1695094.915756,,,,128.53716881158584,37.24162589490655
1015,15000050000000032,영월군,HE0000146693,영월 청령포,영월 청령포(명승 제50호),15,0000500000000,ADDR510000,ADD1517500,204602.0,,,,,204393.213929,,,,128.4440269452318,37.17513026136555
1016,12000612000000032,영월군,HE0000147994,영월 흥녕사지 징효대사탑비,영월 흥녕사지 징효대사탑비(보물 제612호),12,0006120000000,ADDR510000,ADD1517500,2.98,,,,,2.967216,,,,128.26041591304082,37.37242845613063
1017,13000033000000011,서대문구,HE0000147413,서울 영은문 주초,서울 영은문 주초(사적 제33호),13,0000330000000,ADDR110000,ADD1114100,1097.85,,,,,1096.870966,,,,126.95955749436112,37.57220415436919
1107,16000237000000037,울릉군,HE0000148813,울릉 사동 흑비둘기 서식지,울릉 사동 흑비둘기 서식지(천연기념물 제237호),16,0002370000000,ADDR470000,ADD1479400,2831.03,,,,,2826.746251,,,,130.89275762932033,37.47887006957897
1109,16000050000000037,울릉군,HE0000148588,울릉 태하동 솔송나무·섬잣나무·너도밤나무 군락,울릉 태하동 솔송나무·섬잣나무·너도밤나무 군락(천연기념물 제50호),16,0000500000000,ADDR470000,ADD1479400,172164.78,,,,,171906.539286,,,,130.82675507722274,37.49832211761578
1111,11000285000000026,울주군,HE0000145814,울주 대곡리 반구대 암각화,울주 대곡리 반구대 암각화(국보 제285호),11,0002850000000,ADDR310000,ADD1317100,427.47,,,,,426.892274,,,,129.17784791378912,35.60386377317833
1192,13000384000000036,장성군,HE0000148737,장성 입암산성,장성 입암산성(사적 제384호),13,0003840000000,ADDR460000,ADD1468800,1367103.2,,,,,1366115.543058,,,,126.82742117105374,35.47936057950089
1193,12000272000000035,장수군,HE0000146897,장수향교 대성전,장수향교 대성전(보물 제272호),12,0002720000000,ADDR520000,ADD1527400,199.25,,,,,199.235756,,,,127.52323770769556,35.64850013146843
1194,12000677000000037,청도군,HE0000145473,청도 장연사지 동·서 삼층석탑,청도 장연사지 동·서 삼층석탑(보물 제677호),12,0006770000000,ADDR470000,ADD1478200,15.33,,,,,15.31171,,,,128.85440436670598,35.63438315192286
1195,12000235000000011,종로구,HE0000149127,서울 장의사지 당간지주,서울 장의사지 당간지주(보물 제235호),12,0002350000000,ADDR110000,ADD1111100,0.78,,,,,0.779192,,,,126.96121899453762,37.60269958143621
932,18000079000000037,경주시,HE0000147754,경주 양동마을 이향정 고택,경주 양동마을 이향정 고택(국가민속문화유산 제79호),18,0000790000000,ADDR470000,ADD1471300,3453.69,,,,,3449.465608,,,,129.25444851904737,35.999102693894734
933,12000998000000038,양산시,HE0000147269,양산 미타암 석조아미타여래입상,양산 미타암 석조아미타여래입상(보물 제998호),12,0009980000000,ADDR480000,ADD1483300,0.29,,,,,0.314078,,,,129.13172493591952,35.40585867682189
934,13000100000000038,양산시,HE0000147253,양산 법기리 요지,양산 법기리 요지(사적 제100호),13,0001000000000,ADDR480000,ADD1483300,2148.98,,,,,2146.722548,,,,129.1208705507857,35.33669971209219
1020,12000358000000011,용산구,HE0000145694,원주 영전사지 보제존자탑,원주 영전사지 보제존자탑(보물 제358호),12,0003580000000,ADDR110000,ADD1111700,9.22,,,,,9.213653,,,,126.98149050963639,37.5221369743359
1022,12000221000000037,영주시,HE0000148444,영주 가흥동 마애여래삼존상 및 여래좌상,영주 가흥동 마애여래삼존상 및 여래좌상(보물 제221호),12,0002210000000,ADDR470000,ADD1472100,4.92,,,,,4.90973,,,,128.61292156746845,36.809945428537645
1023,12000060000000037,영주시,HE0000144964,영주 영주동 석조여래입상,영주 영주동 석조여래입상(보물 제60호),12,0000600000000,ADDR470000,ADD1472100,1.44,,,,,1.439848,,,,128.61711092619254,36.81914820194266
1025,12000116000000037,영주시,HE0000146620,영주 석교리 석조여래입상,영주 석교리 석조여래입상(보물 제116호),12,0001160000000,ADDR470000,ADD1472100,1.01,,,,,1.013559,,,,128.58194661917946,36.911878007591916
1026,12000680000000037,영주시,HE0000145476,영주 신암리 마애여래삼존상,영주 신암리 마애여래삼존상(보물 제680호),12,0006800000000,ADDR470000,ADD1472100,4.21,,,,,4.21511,,,,128.68543188237945,36.84324562024925
1113,13000332000000026,울주군,HE0000148639,울주 검단리 유적,울주 검단리 유적(사적 제332호),13,0003320000000,ADDR310000,ADD1317100,6344.56,,,,,6337.393994,,,,129.18167751685974,35.448469947344826
1114,16000065000000026,울주군,HE0000149193,울주 목도 상록수림,울주 목도 상록수림(천연기념물 제65호),16,0000650000000,ADDR310000,ADD1317100,14988.81,,,,,14969.358189,,,,129.3520191629964,35.4490554500755
1116,12000498000000037,울진군,HE0000145770,울진 구산리 삼층석탑,울진 구산리 삼층석탑(보물 제498호),12,0004980000000,ADDR470000,ADD1479300,4.09,,,,,4.067777,,,,129.34710244397345,36.92946682950582
1119,11000002000000011,종로구,HE0000145807,서울 원각사지 십층석탑,서울 원각사지 십층석탑(국보 제2호),11,0000020000000,ADDR110000,ADD1111100,19.63,,,,,19.649976,,,,126.98820440479012,37.571547300192684
1120,16000093000000032,원주시,HE0000148676,원성 성남리 성황림,원성 성남리 성황림(천연기념물 제93호),16,0000930000000,ADDR510000,ADD1511300,63928.19,,,,,63865.805723,,,,128.0838888690245,37.26609313029872
1197,18000161000000036,장흥군,HE0000144885,장흥 존재고택,장흥 존재고택(국가민속문화유산 제161호),18,0001610000000,ADDR460000,ADD1468000,2373.01,,,,,2370.969706,,,,126.9501502569846,34.54951648628926
1199,13000146000000035,무주군,HE0000148651,무주 적상산성,무주 적상산성(사적 제146호),13,0001460000000,ADDR520000,ADD1527300,216303.47,,,,,216108.572305,,,,127.69157101569337,35.95210067345099
1200,13000268000000031,연천군,HE0000147529,연천 전곡리 유적,연천 전곡리 유적(사적 제268호),13,0002680000000,ADDR410000,ADD1418000,797866.06,,,,,797237.620817,,,,127.05915978208475,38.01556161301074
1680,13000511000000033,진천군,HE0000148338,진천 산수리와 삼용리 요지,진천 산수리와 삼용리 요지(사적 제511호),13,0005110000000,ADDR430000,ADD1437500,4233.85,,,,,4233.850397,,,,127.47452335319684,36.90194193620027
937,13000094000000038,양산시,HE0000147247,양산 신기리 고분군,양산 신기리 고분군(사적 제94호),13,0000940000000,ADDR480000,ADD1483300,102397.95,,,,,102275.811139,,,,129.05230873798308,35.35397316403919
938,13000097000000038,양산시,HE0000147250,양산 신기리 산성,양산 신기리 산성(사적 제97호),13,0000970000000,ADDR480000,ADD1483300,173194.95,,,,,172990.101165,,,,129.05775950866374,35.352336596298755
1027,18000175000000037,영천시,HE0000147870,영천 만취당 고택,영천 만취당 고택(국가민속문화유산 제175호),18,0001750000000,ADDR470000,ADD1472300,2893.03,,,,,2889.081274,,,,128.89098432193563,35.906825765332485
1028,18000024000000037,영천시,HE0000148388,영천 매산고택과 산수정,영천 매산고택과 산수정(국가민속문화유산 제24호),18,0000240000000,ADDR470000,ADD1472300,6279.32,,,,,6272.063859,,,,128.9746551668332,36.073800577686335
1029,12000465000000037,영천시,HE0000145844,영천 신월리 삼층석탑,영천 신월리 삼층석탑(보물 제465호),12,0004650000000,ADDR470000,ADD1472300,7.22,,,,,7.180271,,,,128.89875989714008,35.937498113426365
1030,16000404000000037,영천시,HE0000149180,영천 자천리 오리장림,영천 자천리 오리장림(천연기념물 제404호),16,0004040000000,ADDR470000,ADD1472300,68734.24,,,,,68655.661723,,,,128.9140887542732,36.10358240149189
1032,12000517000000037,영천시,HE0000145762,영천 청제비,영천 청제비(보물 제517호),12,0005170000000,ADDR470000,ADD1472300,0.5,,,,,0.502839,,,,128.94097583192072,35.92516009888614
1100,12000798000000036,화순군,HE0000148395,화순 운주사 원형 다층석탑,화순 운주사 원형 다층석탑(보물 제798호),12,0007980000000,ADDR460000,ADD1467900,5.49,,,,,5.499981,,,,126.87999359553964,34.92489864632966
941,15000068000000032,양양군,HE0000151712,양양 하조대,양양 하조대(명승 제68호),15,0000680000000,ADDR510000,ADD1518300,134175.38,,,,,134028.597862,,,,128.7349870897405,38.02153728832879
1539,18000231000000034,홍성군,HE0000143660,홍성 노은리 고택,홍성 노은리 고택(국가민속문화유산 제231호),18,0002310000000,ADDR440000,ADD1448000,3076.69,,,,,3074.583292,,,,126.73495724111656,36.64445520539815
1542,13000431000000034,홍성군,HE0000146225,홍성 홍주의사총,홍성 홍주의사총(사적 제431호),13,0004310000000,ADDR440000,ADD1448000,14694.98,,,,,14684.676413,,,,126.67108240991166,36.605713945839845
1277,13000125000000011,종로구,HE0000147542,종묘,종묘(사적 제125호),13,0001250000000,ADDR110000,ADD1111100,186751.67,,,,,186607.942843,,,,126.99389093175512,37.57453330751968
1186,13000196000000032,영월군,HE0000147848,영월 장릉,영월 장릉(사적 제196호),13,0001960000000,ADDR510000,ADD1517500,50351.28,,,,,50295.331107,,,,128.4545408682955,37.19565799085931
1209,13000288000000035,전주시,HE0000148692,전주 전동성당,전주 전동성당(사적 제288호),13,0002880000000,ADDR520000,ADD1521100,625.44,,,,,624.904718,,,,127.14921291084347,35.813344140551884
1384,13000415000000033,청주시,HE0000148367,청주 정북동 토성,청주 정북동 토성(사적 제415호),13,0004150000000,ADDR430000,ADD1431100,35391.07,,,,,35360.324696,,,,127.45528971236192,36.688642889416286
1459,13000422000000031,하남시,HE0000148656,하남 이성산성,하남 이성산성(사적 제422호),13,0004220000000,ADDR410000,ADD1414500,229333.98,,,,,229150.509251,,,,127.18381282184822,37.525582546582605
1279,11000227000000011,종로구,HE0000146340,종묘 정전,종묘 정전(국보 제227호),11,0002270000000,ADDR110000,ADD1111100,2421.05,,,,,2419.65884,,,,126.99392433073932,37.57483979648832
1553,13000318000000035,익산시,HE0000148842,익산 나바위성당,익산 나바위성당(사적 제318호),13,0003180000000,ADDR520000,ADD1521400,27776.5,,,,,27755.892831,,,,126.99964495562602,36.138930271882224
1282,15000030000000037,영주시,HE0000144807,죽령 옛길,죽령 옛길(명승 제30호),15,0000300000000,ADDR470000,ADD1472100,122334.19,,,,,122212.627356,,,,128.4429600366573,36.89635115459456
1287,13000317000000033,충주시,HE0000148841,충주 미륵대원지,충주 미륵대원지(사적 제317호),13,0003170000000,ADDR430000,ADD1431300,80556.94,,,,,80477.446259,,,,128.09527886389262,36.82166034316964
1393,15000070000000032,춘천시,HE0000151924,춘천 청평사 고려선원,춘천 청평사 고려선원(명승 제70호),15,0000700000000,ADDR510000,ADD1511100,1091230.5,,,,,1090226.810123,,,,127.80916933324802,37.98892701475502
1650,15000053000000038,거창군,HE0000148338,거창 수승대,거창 수승대(명승 제53호),15,0000530000000,ADDR480000,ADD1488800,34949.33,,,,,34949.331481,,,,127.83024912320408,35.76176288660385
1750,15000108000000032,,,강릉 경포대와 경포호,강릉 경포대와 경포호(명승 제108호),15,0001080000000,ADDR510000,ADD1511500,10389523.0,,,,,,,,,128.9002314516029,37.795800626157444
1474,18000087000000037,안동시,HE0000144011,안동 하회마을 작천고택,안동 하회마을 작천고택(국가민속문화유산 제87호),18,0000870000000,ADDR470000,ADD1471700,384.44,,,,,383.996365,,,,128.51608832903256,36.5384137762655
1288,12001401000000033,충주시,HE0000145246,충주 봉황리 마애불상군,충주 봉황리 마애불상군(보물 제1401호),12,0014010000000,ADDR430000,ADD1431300,31.53,,,,,31.504935,,,,127.83068529225578,37.065619300286194
1289,18000135000000033,충주시,HE0000148550,충주 윤양계 고택,충주 윤양계 고택(국가민속문화유산 제135호),18,0001350000000,ADDR430000,ADD1431300,5753.41,,,,,5748.092535,,,,127.92016012382358,37.08375173746114
1814,13000530000000031,시도선택,,용인 심곡서원,용인 심곡서원(사적 제530호),13,0005300000000,ADDR410000,ADD1414600,1071.0,,,,,,,,,127.07669295164843,37.305781598513946
1813,13000485000000036,전라남도,,화순 쌍산 항일의병 유적,화순 쌍산 항일의병 유적(사적 제485호),13,0004850000000,ADDR460000,ADD1467900,130488.0,,,,,,,,,127.07509724933166,34.88645343243122
1102,18000256000000037,울릉군,HE0000143407,울릉 나리 너와 투막집과 억새 투막집,울릉 나리 너와 투막집과 억새 투막집(국가민속문화유산 제256호),18,0002560000000,ADDR470000,ADD1479400,2513.02,,,,,2509.593505,,,,130.87003319400452,37.52478975169926
1400,13000445000000033,충주시,HE0000145595,충주 숭선사지,충주 숭선사지(사적 제445호),13,0004450000000,ADDR430000,ADD1431300,6458.23,,,,,6452.412753,,,,127.69751075924509,37.02153176544679
1578,12000609000000037,영양군,HE0000147991,영양 화천리 삼층석탑,영양 화천리 삼층석탑(보물 제609호),12,0006090000000,ADDR470000,ADD1477600,16.06,,,,,15.999493,,,,129.17023199166448,36.647010091657776
1961,13000540000000034,충청남도,,논산 노강서원,논산 노강서원(사적제540호),13,0005400000000,ADDR440000,ADD1442300,7379.0,,,,,,,,,127.07319866723735,36.259791253361406
973,13000276000000011,서대문구,HE0000148629,서울 연세대학교 언더우드관,서울 연세대학교 언더우드관(사적 제276호),13,0002760000000,ADDR110000,ADD1114100,776.49,,,,,775.995015,,,,126.93874064474166,37.56639128554128
1666,15000083000000050,서귀포시,HE0000148341,사라오름,사라오름(명승 제83호),15,0000830000000,ADDR500000,ADD1501300,62822.32,,,,,62822.322707,,,,126.57012638295797,33.37097256074674
1960,13000206000000031,경기도,,화성 융릉과 건릉,화성 융릉과 건릉(사적제206호),13,0002060000000,ADDR410000,ADD1415900,842662.0,,,,,,,,,126.98969899986203,37.21089368421347
208,13000407000000036,광양시,HE0000148861,광양 옥룡사지,광양 옥룡사지(사적 제407호),13,0004070000000,ADDR460000,ADD1462300,180928.3,,,,,180769.132125,,,,127.60734413978109,35.04614144629959
1959,13000203000000031,경기도,,파주 장릉,파주 장릉(사적제203호),13,0002030000000,ADDR410000,ADD1414800,,,,,,,,,,126.70981724026763,37.77162774821043
1482,16000436000000031,포천시,HE0000145243,한탄강 대교천 현무암 협곡,한탄강 대교천 현무암 협곡(천연기념물 제436호),16,0004360000000,ADDR410000,ADD1416500,212501.84,,,,,212322.277714,,,,127.28008807430133,38.18194557957579
1064,16000391000000023,옹진군,HE0000148431,옹진 백령도 사곶 사빈,옹진 백령도 사곶 사빈(천연기념물 제391호),16,0003910000000,ADDR280000,ADD1287200,2565902.5,,,,,2565038.729013,,,,124.72065080965183,37.94435835606574
1011,16000413000000032,영월군,HE0000147451,영월 문곡리 건열구조 및 스트로마톨라이트,영월 문곡리 건열구조 및 스트로마톨라이트(천연기념물 제413호),16,0004130000000,ADDR510000,ADD1517500,201471.0,,,,,201261.589249,,,,128.43399391908218,37.25622893231394
1108,16000189000000037,울릉군,HE0000148472,울릉 성인봉 원시림,울릉 성인봉 원시림(천연기념물 제189호),16,0001890000000,ADDR470000,ADD1479400,151896.75,,,,,151672.78365,,,,130.8627325427326,37.50528877784314
1437,16000335000000038,통영시,HE0000148749,통영 홍도 괭이갈매기 번식지,통영 홍도 괭이갈매기 번식지(천연기념물 제335호),16,0003350000000,ADDR480000,ADD1482200,98603.44,,,,,98494.973583,,,,128.73319950637776,34.53602144344275
1487,18000208000000038,함안군,HE0000147120,함안 무기연당,함안 무기연당(국가민속문화유산 제208호),18,0002080000000,ADDR480000,ADD1487300,2603.47,,,,,2601.259565,,,,128.53908889961352,35.29876503331017
1252,16000195000000050,서귀포시,HE0000148614,제주 서귀포층 패류 화석산지,제주 서귀포층 패류 화석산지(천연기념물 제195호),16,0001950000000,ADDR500000,ADD1501300,74304.86,,,,,74256.445872,,,,126.5544610177983,33.24001066001677
917,13000267000000011,강동구,HE0000147528,서울 암사동 유적,서울 암사동 유적(사적 제267호),13,0002670000000,ADDR110000,ADD1117400,97546.14,,,,,97468.42467,,,,127.13077275692918,37.560955739218244
1504,13000131000000038,합천군,HE0000147548,합천 영암사지,합천 영암사지(사적 제131호),13,0001310000000,ADDR480000,ADD1488900,70115.86,,,,,70050.182684,,,,128.0039741039442,35.47404165524756
1640,12001743000000031,구리시,HE0000148344,구리 동구릉 목릉 정자각,구리 동구릉 목릉 정자각(보물 제1743호),12,0017430000000,ADDR410000,ADD1413100,257.95,,,,,257.951179,,,,127.13311849063908,37.625690358571454
905,12000450000000037,안동시,HE0000145854,안동 의성김씨 종택,안동 의성김씨 종택(보물 제450호),12,0004500000000,ADDR470000,ADD1471700,657.2,,,,,656.149801,,,,128.85637653221067,36.53593041488164
1695,16000136000000034,,,보령 외연도 상록수림,보령 외연도 상록수림(천연기념물 제136호),16,0001360000000,ADDR440000,ADD1441800,106.0,,,,,,,,,126.08031343229395,36.22960041404489
1901,18000279000000037,경상북도,,봉화 만산고택,봉화 만산고택(국가민속문화유산 제279호),18,0002790000000,ADDR470000,ADD1479200,3982.0,,,,,,,,,128.91345005404517,36.940742633203655
1190,15000038000000036,장성군,HE0000143864,장성 백양사 백학봉,장성 백양사 백학봉(명승 제38호),15,0000380000000,ADDR460000,ADD1468800,592431.06,,,,,591992.943991,,,,126.88098567429998,35.44396566914441
1748,13000489000000032,,,춘천 신매리 유적,춘천 신매리 유적(사적 제489호),13,0004890000000,ADDR510000,ADD1511100,91236.0,,,,,,,,,127.70987750648725,37.929705340225624
1606,15000077000000050,서귀포시,HE0000148338,제주 서귀포 산방산,제주 서귀포 산방산(명승 제77호),15,0000430000000,ADDR500000,ADD1501300,994610.1,,,,,994610.10299,,,,126.31309264776802,33.24150015464353
975,16000412000000031,연천군,HE0000148454,연천 은대리 물거미 서식지,연천 은대리 물거미 서식지(천연기념물 제412호),16,0004120000000,ADDR410000,ADD1418000,50379.66,,,,,50340.288621,,,,127.06299179089467,38.04188011750062
935,13000098000000038,양산시,HE0000147251,양산 북부동 산성,양산 북부동 산성(사적 제98호),13,0000980000000,ADDR480000,ADD1483300,222895.62,,,,,222625.178658,,,,129.0460379918663,35.341555774038184
1513,18000232000000036,해남군,HE0000143661,해남 공재고택,해남 공재고택(국가민속문화유산 제232호),18,0002320000000,ADDR460000,ADD1468200,2785.99,,,,,2784.200198,,,,126.51837152041718,34.44060108332839
1515,13000167000000036,해남군,HE0000148980,해남윤씨 녹우당 일원,해남윤씨 녹우당 일원(사적 제167호),13,0001670000000,ADDR460000,ADD1468200,7516.28,,,,,7511.192693,,,,126.62260608241314,34.551098600452015
1058,13000210000000031,양주시,HE0000147843,양주 온릉,양주 온릉(사적 제210호),13,0002100000000,ADDR410000,ADD1416300,219542.23,,,,,219382.884384,,,,126.9520976521858,37.718497945581454
1071,15000003000000036,완도군,HE0000147279,완도 정도리 구계등,완도 정도리 구계등(명승 제3호),15,0000030000000,ADDR460000,ADD1468900,152846.95,,,,,152741.862332,,,,126.70531704925423,34.29814838876775
990,18000140000000033,영동군,HE0000147936,영동 규당고택,영동 규당고택(국가민속문화유산 제140호),18,0001400000000,ADDR430000,ADD1437400,2558.61,,,,,2556.410242,,,,127.77652913679601,36.18061998597295
1019,13000386000000037,포항시,HE0000148374,포항 장기읍성,포항 장기읍성(사적 제386호),13,0003860000000,ADDR470000,ADD1471100,121132.75,,,,,120979.229387,,,,129.48698013695048,35.896432163755854
1693,12000459000000033,,,제천 장락동 칠층모전석탑,제천 장락동 칠층모전석탑(보물 제459호),12,0004590000000,ADDR430000,ADD1431500,18.0,,,,,,,,,128.23051832065207,37.14779234083373
1219,16000440000000032,정선군,HE0000144987,정선 백복령 카르스트지대,정선 백복령 카르스트지대(천연기념물 제440호),16,0004400000000,ADDR510000,ADD1517700,541089.9,,,,,540477.71563,,,,128.94413256938003,37.53648263292119
981,18000234000000036,영광군,HE0000142477,영광 매간당 고택,영광 매간당 고택(국가민속문화유산 제234호),18,0002340000000,ADDR460000,ADD1468700,6995.15,,,,,6990.646857,,,,126.47428026402076,35.24100658320779
1118,16000155000000037,울진군,HE0000146940,울진 성류굴,울진 성류굴(천연기념물 제155호),16,0001550000000,ADDR470000,ADD1479300,136033.69,,,,,135864.09303,,,,129.3812690744295,36.95720530766093
1354,16000245000000032,철원군,HE0000148819,철원 철새 도래지,철원 철새 도래지(천연기념물 제245호),16,0002450000000,ADDR510000,ADD1517800,371145.06,,,,,370838.136961,,,,127.24510387860947,38.28237112126676
1865,12000220000010037,경상북도,,영주 북지리 석조여래좌상(1963-1),영주 북지리 석조여래좌상(1963-1)(보물 제220-1호),12,0002200000100,ADDR470000,ADD1472100,,,,,,,,,,128.68740306550404,36.9998425529425
1235,13000412000000050,제주시,HE0000148283,제주 고산리 유적,제주 고산리 유적(사적 제412호),13,0004120000000,ADDR500000,ADD1501100,97383.59,,,,,97327.134584,,,,126.16665874273777,33.304849663167296
1246,16000263000000050,제주시,HE0000147378,제주 산굼부리 분화구,제주 산굼부리 분화구(천연기념물 제263호),16,0002630000000,ADDR500000,ADD1501100,464955.0,,,,,464634.125637,,,,126.69286958222824,33.43242731530956
1247,16000376000000050,서귀포시,HE0000144411,제주 산방산 암벽식물지대,제주 산방산 암벽식물지대(천연기념물 제376호),16,0003760000000,ADDR500000,ADD1501300,247936.52,,,,,247785.274503,,,,126.31351602934608,33.2405864005988
1196,13000498000000036,장흥군,HE0000149219,장흥 석대들 전적,장흥 석대들 전적(사적 제498호),13,0004980000000,ADDR460000,ADD1468000,35765.25,,,,,35738.869353,,,,126.89553484845598,34.6704266888829
1350,12000407000000034,천안시,HE0000145546,천안 삼태리 마애여래입상,천안 삼태리 마애여래입상(보물 제407호),12,0004070000000,ADDR440000,ADD1441300,42.06,,,,,42.160103,,,,127.08595011485565,36.72783477896942
1628,11000316000000035,전북,HE0000148338,완주 화암사 극락전,완주 화암사 극락전(국보 제316호),11,0003160000000,ADDR520000,ADD1527100,151.92,,,,,151.921152,,,,127.28716815414413,36.066403829471845
1673,12001738000000011,성동구,HE0000148348,서울 살곶이 다리,서울 살곶이 다리(보물 제1738호),12,0017380000000,ADDR110000,ADD1112000,10809.91,,,,,10809.90536,,,,127.04597717031612,37.55372747992317
1632,16000534000000038,경남,HE0000148342,진주 충무공동 익룡·새·공룡발자국 화석산지,진주 충무공동 익룡·새·공룡발자국 화석산지(천연기념물 제534호),16,0005340000000,ADDR480000,ADD1481700,6166.75,,,,,6166.748225,,,,128.1391970532615,35.16905705155257
1674,12001740000000011,종로구,HE0000148349,서울 관상감 관천대,서울 관상감 관천대(보물 제1740호),12,0017400000000,ADDR110000,ADD1111100,178.95,,,,,178.95044,,,,126.98798017342796,37.57777091106114
1675,12001763000000011,종로구,HE0000148350,창덕궁 부용정,창덕궁 부용정(보물 제1763호),12,0017630000000,ADDR110000,ADD1111100,72.89,,,,,72.892654,,,,126.99296273257359,37.58156466894981
1676,12001764000000011,종로구,HE0000148351,창덕궁 낙선재,창덕궁 낙선재(보물 제1764호),12,0017630000000,ADDR110000,ADD1111100,194.45,,,,,194.451989,,,,126.99345824590203,37.578742621380925
1642,15000073000000032,태백시,HE0000148346,태백 검룡소,태백 검룡소(명승 제73호),15,0000730000000,ADDR510000,ADD1511900,91774.81,,,,,91774.806021,,,,128.93005899677917,37.229895019273066
1643,12001744000000037,경주시,HE0000148347,경주 불국사 대웅전,경주 불국사 대웅전(보물 제1744호),12,0017440000000,ADDR470000,ADD1471300,426.96,,,,,426.961617,,,,129.3320375203193,35.79016889989933
1644,12001745000000037,경주시,HE0000148348,경주 불국사 가구식 석축,경주 불국사 가구식 석축(보물 제1745호),12,0017450000000,ADDR470000,ADD1471300,493.29,,,,,493.288283,,,,129.33182933113756,35.789872498269794
1651,15000075000000032,영월군,HE0000148339,영월 한반도 지형,영월 한반도 지형(명승 제75호),15,0000750000000,ADDR510000,ADD1517500,344532.44,,,,,344532.437948,,,,128.34406807494415,37.22218138114291
1652,11000015000000037,안동시,HE0000148340,안동 봉정사 극락전,안동 봉정사 극락전(국보 제15호),11,0000150000000,ADDR470000,ADD1471700,171.94,,,,,171.941589,,,,128.66242878611166,36.65349527005529
1653,12000448000000037,안동시,HE0000148341,안동 봉정사 화엄강당,안동 봉정사 화엄강당(보물 제448호),12,0004480000000,ADDR470000,ADD1471700,193.66,,,,,193.663228,,,,128.66251463443808,36.65331618471704
1719,15000101000000032,,,설악산 비선대와 천불동계곡 일원,설악산 비선대와 천불동계곡 일원(명승 제101호),15,0001010000000,ADDR510000,ADD1512100,1495360.0,,,,,,,,,128.4708153906078,38.15218592164985
1724,16000544000000050,,,제주 강정동 담팔수,제주 강정동 담팔수(천연기념물 제544호),16,0005440000000,ADDR500000,ADD1501300,15357.0,,,,,,,,,126.48754376565806,33.238939555758236
1725,13000380000000050,,,제주목 관아,제주목 관아(사적 제380호),13,0003800000000,ADDR500000,ADD1501100,26660.0,,,,,,,,,126.52246028435202,33.51434370066435
1737,18000278000000037,,,영주 무섬마을,영주 무섬마을(국가민속문화유산 제278호),18,0002780000000,ADDR470000,ADD1472100,669193.0,,,,,,,,,128.62438168654694,36.73249692020679
1709,15000098000000032,,,설악산 십이선녀탕 일원,설악산 십이선녀탕 일원(명승 제98호),15,0000980000000,ADDR510000,ADD1518100,2051460.0,,,,,,,,,128.31925545482488,38.16387602808795
1710,15000099000000032,,,설악산 수렴동·구곡담 계곡 일원,설악산 수렴동·구곡담 계곡 일원(명승 제99호),15,0000990000000,ADDR510000,ADD1518100,1394770.0,,,,,,,,,128.4259853500752,38.13542763451429
1711,15000100000000032,,,설악산 울산바위,설악산 울산바위(명승 제100호),15,0001000000000,ADDR510000,ADD1510001,631090.0,,,,,,,,,128.47070422173334,38.19756799936748
1712,15000102000000032,,,설악산 용아장성,설악산 용아장성(명승 제102호),15,0001020000000,ADDR510000,ADD1518100,757090.0,,,,,,,,,128.43534198136734,38.13384652315826
1677,13000519000000036,고흥군,HE0000148352,고흥 운대리 분청사기 요지,고흥 운대리 분청사기 요지(사적 제519호),13,0005190000000,ADDR460000,ADD1467700,49724.11,,,,,49724.107332,,,,127.31278869541464,34.62491150266116
1678,13000520000000011,용산구,HE0000148353,서울 용산신학교,서울 용산신학교(사적 제520호),13,0005200000000,ADDR110000,ADD1111700,688.0,,,,,687.996894,,,,126.95442362893546,37.53463855077789
1679,13000521000000011,용산구,HE0000148354,서울 원효로 예수성심성당,서울 원효로 예수성심성당(사적 제521호),13,0005210000000,ADDR110000,ADD1111700,709.93,,,,,709.927394,,,,126.95414818612306,37.53434274766198
1939,13000329000000031,경기도,,용인 서리 고려백자 요지,용인 서리 고려백자 요지(사적제329호),13,0003290000000,ADDR410000,ADD1414600,18906.0,,,,,,,,,127.17565407841838,37.20440730771242
1698,12000984000000033,,,영동 신항리 석조여래삼존입상,영동 신항리 석조여래삼존입상(보물 제984호),12,0009840000000,ADDR430000,ADD1437400,1697.2,,,,,,,,,127.81766602070121,36.262284170004406
1699,12000289000000035,,,정읍 피향정,정읍 피향정(보물 제289호),12,0002890000000,ADDR520000,ADD1521800,18583.0,,,,,,,,,126.94295206389346,35.651359459926354
1734,16000545000000025,,,대전 괴곡동 느티나무,대전 괴곡동 느티나무(천연기념물 제545호),16,0005450000000,ADDR300000,ADD1301700,389.0,,,,,,,,,127.3544281959027,36.2860972081813
1740,18000271000000037,시도선택,,영덕 난고종택,영덕 난고종택(국가민속문화유산 제271호),18,0002710000000,ADDR470000,ADD1477700,5735.0,,,,,,,,,129.37624648688788,36.541377152266925
1741,18000272000000037,시도선택,,안동 광산김씨 탁청정공파 종택,안동 광산김씨 탁청정공파 종택(국가민속문화유산 제272호),18,0002720000000,ADDR470000,ADD1471700,1159.9,,,,,,,,,128.80322140371723,36.67353805683384
1745,16000434000000036,,,여수 낭도리 공룡발자국 화석산지,여수 낭도리 공룡발자국 화석산지(천연기념물 제434호),16,0004340000000,ADDR460000,ADD1461300,191452.0,,,,,,,,,127.55633050550216,34.59153527927783
1746,12001808000000031,,HE0000153708,남양주 수종사 팔각오층석탑,남양주 수종사 팔각오층석탑(보물 제1808호),12,0018080000000,ADDR410000,ADD1413600,4.0,,,,,,,,,127.30250714884104,37.571153070230096
1942,16000374000000050,,HE0000147748,제주 평대리 비자나무 숲,제주 평대리 비자나무 숲(천연기념물 제374호),16,0003740000000,ADDR500000,ADD1501100,441075.88,,,,,,,,,126.80790168167228,33.487225073551826
1654,12000449000000037,안동시,HE0000148342,안동 봉정사 고금당,안동 봉정사 고금당(보물 제449호),12,0004490000000,ADDR470000,ADD1471700,70.17,,,,,70.171908,,,,128.66232467094792,36.65337047638481
1655,11000311000000037,안동시,HE0000148343,안동 봉정사 대웅전,안동 봉정사 대웅전(국보 제311호),11,0003110000000,ADDR470000,ADD1471700,289.16,,,,,289.159638,,,,128.66269607571314,36.653426830054975
1656,12000049000000036,나주시,HE0000148344,나주 동점문 밖 석당간,나주 동점문 밖 석당간(보물 제49호),12,0000490000000,ADDR460000,ADD1461700,3.64,,,,,3.638869,,,,126.7227357985349,35.03691563083528
1657,13000212000000033,청주시,HE0000148345,청주 상당산성,청주 상당산성(사적 제212호),13,0002120000000,ADDR430000,ADD1431100,696379.61,,,,,696379.605853,,,,127.54155912516394,36.6642457408005
1658,16000536000000037,경주시,HE0000148346,경주 양남 주상절리군,경주 양남 주상절리군(천연기념물 제536호),16,0005360000000,ADDR470000,ADD1471300,130002.62,,,,,130002.619554,,,,129.47280002051156,35.68333787024566
1659,18000273000000034,논산시,HE0000148347,논산 백일헌 종택,논산 백일헌 종택(국가민속문화유산 제273호),18,0002730000000,ADDR440000,ADD1442300,3015.39,,,,,3015.394093,,,,127.15161150729526,36.2790846985843
1517,13000310000000036,해남군,HE0000148166,해남 진산리 청자 요지,해남 진산리 청자 요지(사적 제310호),13,0003100000000,ADDR460000,ADD1468200,13315.41,,,,,13306.882157,,,,126.4241302059716,34.646466534934724
1237,16000375000000050,제주시,HE0000147749,제주 납읍리 난대림,제주 납읍리 난대림(천연기념물 제375호),16,0003750000000,ADDR500000,ADD1501100,32719.89,,,,,32699.459779,,,,126.33071355250131,33.43367975315206
992,16000364000000033,영동군,HE0000148439,영동 매천리 미선나무 자생지,영동 매천리 미선나무 자생지(천연기념물 제364호),16,0003640000000,ADDR430000,ADD1437400,24595.38,,,,,24572.552168,,,,127.78119775060215,36.17072063058982
994,18000144000000033,영동군,HE0000147940,영동 성장환 고택,영동 성장환 고택(국가민속문화유산 제144호),18,0001440000000,ADDR430000,ADD1437400,4882.33,,,,,4876.970971,,,,127.71043450681826,36.12089872490575
1091,13000213000000011,종로구,HE0000147846,서울 우정총국,서울 우정총국(사적 제213호),13,0002130000000,ADDR110000,ADD1111100,2650.6,,,,,2648.430126,,,,126.98261245258207,37.57443974799202
936,13000093000000038,양산시,HE0000147246,양산 북정리 고분군,양산 북정리 고분군(사적 제93호),13,0000930000000,ADDR480000,ADD1483300,25622.76,,,,,25592.354489,,,,129.049281932273,35.35680445133057
1358,18000106000000037,청도군,HE0000148572,청도 운강고택과 만화정,청도 운강고택과 만화정(국가민속문화유산 제106호),18,0001060000000,ADDR470000,ADD1478200,5040.64,,,,,5034.881073,,,,128.89677115250822,35.67908038837107
1361,12000253000000038,합천군,HE0000148442,합천 청량사 석등,합천 청량사 석등(보물 제253호),12,0002530000000,ADDR480000,ADD1488900,5.33,,,,,5.325318,,,,128.10984464614097,35.772487988412855
1364,12001285000000034,공주시,HE0000148670,공주 청량사지 칠층석탑,공주 청량사지 칠층석탑(보물 제1285호),12,0012850000000,ADDR440000,ADD1441500,5.83,,,,,5.80708,,,,127.21391385236433,36.36263987257654
1366,11000197000000033,충주시,HE0000145598,충주 청룡사지 보각국사탑,충주 청룡사지 보각국사탑(국보 제197호),11,0001970000000,ADDR430000,ADD1431300,1.76,,,,,1.752277,,,,127.83811520264022,37.130875250258924
1368,12000656000000033,충주시,HE0000148083,충주 청룡사지 보각국사탑 앞 사자 석등,충주 청룡사지 보각국사탑 앞 사자 석등(보물 제656호),12,0006560000000,ADDR430000,ADD1431300,0.98,,,,,1.005901,,,,127.83811663009139,37.13085016153626
1181,16000388000000035,임실군,HE0000148640,임실 덕천리 산개나리 군락,임실 덕천리 산개나리 군락(천연기념물 제388호),16,0003880000000,ADDR520000,ADD1527500,6036.31,,,,,6031.716025,,,,127.27929470906457,35.67244971361272
914,12000435000000031,안성시,HE0000145540,안성 봉업사지 오층석탑,안성 봉업사지 오층석탑(보물 제435호),12,0004350000000,ADDR410000,ADD1415500,8.09,,,,,8.088578,,,,127.43075940169625,37.0784525040025
916,12000664000000033,청원군,HE0000148303,청주 안심사 대웅전,청주 안심사 대웅전(보물 제664호),12,0006640000000,ADDR430000,ADD1437100,136.06,,,,,135.733932,,,,127.41329529184624,36.55256215009504
1031,18000107000000037,영천시,HE0000148465,영천 연정고택,영천 연정고택(국가민속문화유산 제107호),18,0001070000000,ADDR470000,ADD1472300,5930.17,,,,,5923.315304,,,,128.97761280376773,36.05043653338773
1607,15000078000000050,서귀포시,HE0000148339,제주 서귀포 쇠소깍,제주 서귀포 쇠소깍(명승 제78호),15,0000430000000,ADDR500000,ADD1501300,50610.62,,,,,50610.617007,,,,126.62363215848195,33.253743058501634
1608,15000079000000050,서귀포시,HE0000148340,제주 서귀포 외돌개,제주 서귀포 외돌개(명승 제79호),15,0000430000000,ADDR500000,ADD1501300,97671.46,,,,,97671.461687,,,,126.54478124130596,33.23989487196905
1609,13000509000000038,거제시,HE0000148338,거제 둔덕기성,거제 둔덕기성(사적 제509호),13,0005090000000,ADDR480000,ADD1483100,19394.8,,,,,19394.804042,,,,128.49849082611664,34.868059323422166
1610,12001656000000037,성주군,HE0000148339,성주 법수사지 삼층석탑,성주 법수사지 삼층석탑(보물 제1656호),12,0016560000000,ADDR470000,ADD1478400,12.96,,,,,12.95889,,,,128.14668084709845,35.80329348736441
1668,15000088000000038,거창군,HE0000148343,거창 용암정 일원,거창 용암정 일원(명승 제88호),15,0000880000000,ADDR480000,ADD1488800,11414.44,,,,,11414.443945,,,,127.82152873797108,35.767620582785426
1669,12001759000000011,종로구,HE0000148344,경복궁 사정전,경복궁 사정전(보물 제1759호),12,0017590000000,ADDR110000,ADD1111100,498.73,,,,,498.731907,,,,126.97696016387285,37.57912862305676
1670,12001760000000011,종로구,HE0000148345,경복궁 수정전,경복궁 수정전(보물 제1760호),12,0017600000000,ADDR110000,ADD1111100,607.36,,,,,607.355075,,,,126.97592500999146,37.579015889116285
1671,12001761000000011,종로구,HE0000148346,경복궁 향원정,경복궁 향원정(보물 제1761호),12,0017610000000,ADDR110000,ADD1111100,629.54,,,,,629.535677,,,,126.97701606735025,37.58236786409767
1672,12001762000000011,종로구,HE0000148347,창덕궁 금천교,창덕궁 금천교(보물 제1762호),12,0017620000000,ADDR110000,ADD1111100,154.83,,,,,154.834774,,,,126.99001920272956,37.5784945493229
1122,13000466000000032,원주시,HE0000146868,원주 법천사지,원주 법천사지(사적 제466호),13,0004660000000,ADDR510000,ADD1511300,148392.17,,,,,148254.976817,,,,127.76321277201718,37.207892126125664
1635,15000072000000038,함양군,HE0000148339,지리산 한신계곡 일원,지리산 한신계곡 일원(명승 제72호),15,0000720000000,ADDR480000,ADD1488700,14483231.98,,,,,14483231.981301,,,,127.68869808253544,35.335773093644285
1637,12001746000000034,논산시,HE0000148341,논산 노강서원 강당,논산 노강서원 강당(보물 제1746호),12,0017460000000,ADDR440000,ADD1442300,2317.74,,,,,2317.744899,,,,127.07320165419284,36.2597264307739
1638,12001741000000031,구리시,HE0000148342,구리 동구릉 건원릉 정자각,구리 동구릉 건원릉 정자각(보물 제1741호),12,0017410000000,ADDR410000,ADD1413100,253.66,,,,,253.664826,,,,127.13108110177073,37.62427210850134
1639,12001742000000031,구리시,HE0000148343,구리 동구릉 숭릉 정자각,구리 동구릉 숭릉 정자각(보물 제1742호),12,0017420000000,ADDR410000,ADD1413100,455.61,,,,,455.605567,,,,127.12826300864783,37.6159578000536
1697,13000525000000031,,,파주 이이 유적,파주 이이 유적(사적 제525호),13,0005250000000,ADDR410000,ADD1414800,316854.0,,,,,,,,,126.87226685475993,37.866526388699505
1700,15000095000000032,,,설악산 비룡폭포 계곡 일원,설악산 비룡폭포 계곡 일원(명승 제95호),15,0000950000000,ADDR510000,ADD1512100,215000.0,,,,,,,,,128.50146166954954,38.162696204393704
1904,18000290000000025,대전광역시,,대전 소대헌·호연재 고택,대전 소대헌·호연재 고택(국가민속문화유산 제290호),18,0002900000000,ADDR300000,ADD1302300,2813.0,,,,,,,,,127.44259450697602,36.365137048084755
1906,12001917000000037,,HE0000153714,예천 야옹정,예천 야옹정(보물 제1917호),12,0019170000000,ADDR470000,ADD1479000,,,,,,,,,,128.4387440064247,36.70533472878809
1909,13000535000000036,전라남도,,해남 전라우수영,해남 전라우수영(사적 제535호),13,0005350000000,ADDR460000,ADD1468200,166622.0,,,,,,,,,126.31577916444908,34.590493010473196
1033,12000616000000037,영천시,HE0000147997,영천향교 대성전,영천향교 대성전(보물 제616호),12,0006160000000,ADDR470000,ADD1472300,222.0,,,,,221.594143,,,,128.92823234994432,35.96999163245137
1034,12000675000000037,영천시,HE0000145471,영천 화남리 삼층석탑,영천 화남리 삼층석탑(보물 제675호),12,0006750000000,ADDR470000,ADD1472300,4.69,,,,,4.628626,,,,128.76620806290768,36.084106629303015
1035,12000676000000037,영천시,HE0000145472,영천 화남리 석조여래좌상,영천 화남리 석조여래좌상(보물 제676호),12,0006760000000,ADDR470000,ADD1472300,50.0,,,,,49.775531,,,,128.7663638079884,36.084261067467274
1121,13000439000000032,원주시,HE0000146379,원주 강원감영,원주 강원감영(사적 제439호),13,0004390000000,ADDR510000,ADD1511300,9588.44,,,,,9577.684497,,,,127.9504431183107,37.34803511390849
1123,13000447000000032,원주시,HE0000145591,원주 영원산성,원주 영원산성(사적 제447호),13,0004470000000,ADDR510000,ADD1511300,221647.05,,,,,221431.065579,,,,128.0365269377284,37.30993273452269
1124,12000129000000038,합천군,HE0000146455,합천 월광사지 동·서 삼층석탑,합천 월광사지 동·서 삼층석탑(보물 제129호),12,0001290000000,ADDR480000,ADD1488900,22.5,,,,,22.473748,,,,128.15261920238012,35.734343533567
1126,12000313000000036,강진군,HE0000145465,강진 월남사지 진각국사비,강진 월남사지 진각국사비(보물 제313호),12,0003130000000,ADDR460000,ADD1468100,5.94,,,,,5.932368,,,,126.71070259791503,34.74272959844475
1127,12000581000000037,경주시,HE0000147977,경주 골굴암 마애여래좌상,경주 골굴암 마애여래좌상(보물 제581호),12,0005810000000,ADDR470000,ADD1471300,0.89,,,,,0.915852,,,,129.40537642055625,35.803359466852925
1128,11000039000000037,경주시,HE0000148418,경주 나원리 오층석탑,경주 나원리 오층석탑(국보 제39호),11,0000390000000,ADDR470000,ADD1471300,29.88,,,,,29.850726,,,,129.2122621971069,35.893597524134385
1129,12000907000000037,경주시,HE0000148822,경주 남사리 삼층석탑,경주 남사리 삼층석탑(보물 제907호),12,0009070000000,ADDR470000,ADD1471300,5.53,,,,,5.53443,,,,129.13327139244936,35.89926397109214
947,18000128000000031,양주시,HE0000148543,양주 매곡리 고택,양주 매곡리 고택(국가민속문화유산 제128호),18,0001280000000,ADDR410000,ADD1416300,2593.0,,,,,2590.799902,,,,126.95691744789585,37.89445170423378
1202,13000214000000038,산청군,HE0000147847,산청 전 구형왕릉,산청 전 구형왕릉(사적 제214호),13,0002140000000,ADDR480000,ADD1488600,813.88,,,,,813.135475,,,,127.8003894746957,35.44934754868265
1203,12000178000000023,강화군,HE0000147886,강화 전등사 대웅전,강화 전등사 대웅전(보물 제178호),12,0001780000000,ADDR280000,ADD1287100,183.5,,,,,183.528754,,,,126.48502347284892,37.633036103417425
1204,12000179000000023,강화군,HE0000147887,강화 전등사 약사전,강화 전등사 약사전(보물 제179호),12,0001790000000,ADDR280000,ADD1287100,90.25,,,,,89.955294,,,,126.48464318799145,37.63303956243076
1206,13000190000000037,경주시,HE0000147471,경주 전 민애왕릉,경주 전 민애왕릉(사적 제190호),13,0001900000000,ADDR470000,ADD1471300,8417.63,,,,,8406.855441,,,,129.17427005033437,35.79210220490963
1207,13000293000000035,정읍시,HE0000148168,정읍 전봉준 유적,정읍 전봉준 유적(사적 제293호),13,0002930000000,ADDR520000,ADD1521800,803.59,,,,,802.903712,,,,126.81458879589961,35.670916654085296
1208,12000583000000035,전주시,HE0000147978,전주 풍패지관,전주 풍패지관(보물 제583호),12,0005830000000,ADDR520000,ADD1521100,1075.34,,,,,1074.490465,,,,127.1452607470631,35.81840603876755
1040,18000191000000034,예산군,HE0000147359,예산 오추리 고택,예산 오추리 고택(국가민속문화유산 제191호),18,0001910000000,ADDR440000,ADD1448100,815.78,,,,,815.342409,,,,126.71983132410101,36.76376729090847
1043,12000457000000037,예천군,HE0000145852,예천권씨 초간종택 별당,예천권씨 초간종택 별당(보물 제457호),12,0004570000000,ADDR470000,ADD1479000,127.13,,,,,126.864682,,,,128.3976056541492,36.692309464578074
1046,12000426000000037,예천군,HE0000145838,예천 동본리 삼층석탑,예천 동본리 삼층석탑(보물 제426호),12,0004260000000,ADDR470000,ADD1479000,3.48,,,,,3.516319,,,,128.46175795389365,36.65893578045509
939,12001120000000038,양산시,HE0000149188,양산 신흥사 대광전,양산 신흥사 대광전(보물 제1120호),12,0011200000000,ADDR480000,ADD1483300,286.88,,,,,286.37361,,,,128.95087808353193,35.42647317873701
940,13000095000000038,양산시,HE0000147248,양산 중부동 고분군,양산 중부동 고분군(사적 제95호),13,0000950000000,ADDR480000,ADD1483300,142283.28,,,,,142116.234691,,,,129.04587218504778,35.3413956434764
942,15000027000000032,양양군,HE0000144656,양양 낙산사 의상대와 홍련암,양양 낙산사 의상대와 홍련암(명승 제27호),15,0000270000000,ADDR510000,ADD1518300,72871.5,,,,,72789.823242,,,,128.6285520192774,38.1247728394684
1050,15000051000000037,예천군,HE0000146694,예천 초간정 원림,예천 초간정 원림(명승 제51호),15,0000510000000,ADDR470000,ADD1479000,12971.6,,,,,12958.63385,,,,128.3819248336416,36.70127175886634
1037,13000357000000031,광명시,HE0000149173,광명 영회원,광명 영회원(사적 제357호),13,0003570000000,ADDR410000,ADD1412100,34951.84,,,,,34925.930822,,,,126.86028942944759,37.439056396935825
1038,13000361000000011,동대문구,HE0000149177,서울 영휘원과 숭인원,서울 영휘원과 숭인원(사적 제361호),13,0003610000000,ADDR110000,ADD1112300,54836.76,,,,,54797.726304,,,,127.04412611161257,37.58864484952055
1039,12000508000000034,예산군,HE0000145778,예산 삽교읍 석조보살입상,예산 삽교읍 석조보살입상(보물 제508호),12,0005080000000,ADDR440000,ADD1448100,1.34,,,,,1.319387,,,,126.669452365846,36.683943635525374
1041,12000794000000034,예산군,HE0000148391,예산 화전리 석조사면불상,예산 화전리 석조사면불상(보물 제794호),12,0007940000000,ADDR440000,ADD1448100,3.36,,,,,3.349451,,,,126.67817067482441,36.7544016897592
1045,16000469000000037,예천군,HE0000144863,예천 금당실 송림,예천 금당실 송림(천연기념물 제469호),16,0004690000000,ADDR470000,ADD1479000,21862.26,,,,,21839.514406,,,,128.40678514033547,36.69183289644098
1047,12000427000000037,예천군,HE0000145533,예천 동본리 석조여래입상,예천 동본리 석조여래입상(보물 제427호),12,0004270000000,ADDR470000,ADD1479000,2.58,,,,,2.555904,,,,128.46170771770656,36.659021132017216
1130,12000908000000037,경주시,HE0000148823,경주 용명리 삼층석탑,경주 용명리 삼층석탑(보물 제908호),12,0009080000000,ADDR470000,ADD1471300,13.28,,,,,13.275247,,,,129.1217610903571,35.86948410759249
1131,11000236000000037,경주시,HE0000145744,경주 장항리 서 오층석탑,경주 장항리 서 오층석탑(국보 제236호),11,0002360000000,ADDR470000,ADD1471300,23.0,,,,,23.079072,,,,129.37298512848182,35.774865521793664
1132,13000241000000037,경주시,HE0000147474,경주 화산리 회유토기 요지,경주 화산리 회유토기 요지(사적 제241호),13,0002410000000,ADDR470000,ADD1471300,10817.78,,,,,10805.291483,,,,129.27477967027997,35.92445961588857
1134,11000144000000036,영암군,HE0000146891,영암 월출산 마애여래좌상,영암 월출산 마애여래좌상(국보 제144호),11,0001440000000,ADDR460000,ADD1468300,33.97,,,,,33.853988,,,,126.69050871639058,34.76385474747047
1135,12001283000000036,영암군,HE0000148904,영암 월출산 용암사지 삼층석탑,영암 월출산 용암사지 삼층석탑(보물 제1283호),12,0012830000000,ADDR460000,ADD1468300,4.17,,,,,4.174827,,,,126.69039390050183,34.76281417217043
1136,12000608000000035,완주군,HE0000147990,완주 위봉사 보광명전,완주 위봉사 보광명전(보물 제608호),12,0006080000000,ADDR520000,ADD1527100,255.88,,,,,255.503692,,,,127.25692747767158,35.91057186687457
1137,13000230000000034,천안시,HE0000148502,천안 유관순 열사 유적,천안 유관순 열사 유적(사적 제230호),13,0002300000000,ADDR440000,ADD1441300,3584.21,,,,,3581.245431,,,,127.31081692274532,36.757348851596866
1138,12000674000000037,영덕군,HE0000145319,영덕 유금사 삼층석탑,영덕 유금사 삼층석탑(보물 제674호),12,0006740000000,ADDR470000,ADD1477700,5.31,,,,,5.323044,,,,129.36567421983227,36.645799177225605
1139,12001116000000036,화순군,HE0000148944,화순 유마사 해련탑,화순 유마사 해련탑(보물 제1116호),12,0011160000000,ADDR460000,ADD1467900,2.85,,,,,2.845392,,,,127.17179880470559,35.01794696474333
954,15000007000000036,여수시,HE0000148655,여수 상백도·하백도 일원,여수 상백도·하백도 일원(명승 제7호),15,0000070000000,ADDR460000,ADD1461300,3224764.8,,,,,3221923.002377,,,,127.59520924964954,34.04709129411806
1210,13000379000000035,전주시,HE0000149119,전주향교,전주향교(사적 제379호),13,0003790000000,ADDR520000,ADD1521100,10592.18,,,,,10583.381512,,,,127.15710437481697,35.81274455077852
1211,11000104000000011,용산구,HE0000149073,전 원주 흥법사지 염거화상탑,전 원주 흥법사지 염거화상탑(국보 제104호),11,0001040000000,ADDR110000,ADD1111700,1.44,,,,,1.472506,,,,126.98061720489228,37.52351561450548
1212,13000107000000036,강진군,HE0000147302,강진 정약용 유적,강진 정약용 유적(사적 제107호),13,0001070000000,ADDR460000,ADD1468100,23169.32,,,,,23152.171562,,,,126.74498741492901,34.5806903442577
943,13000495000000032,양양군,HE0000146791,양양 낙산사 일원,양양 낙산사 일원(사적 제495호),13,0004950000000,ADDR510000,ADD1518300,92628.38,,,,,92528.704754,,,,128.62804599619446,38.125018800825295
944,13000394000000032,양양군,HE0000148779,양양 오산리 유적,양양 오산리 유적(사적 제394호),13,0003940000000,ADDR510000,ADD1518300,16132.81,,,,,16114.459339,,,,128.66209596209882,38.0873750547658
945,12000497000000032,양양군,HE0000145769,양양 오색리 삼층석탑,양양 오색리 삼층석탑(보물 제497호),12,0004970000000,ADDR510000,ADD1518300,7.09,,,,,7.100024,,,,128.4398432037055,38.07658330814715
946,16000229000000032,양양군,HE0000147307,양양 포매리 백로와 왜가리 번식지,양양 포매리 백로와 왜가리 번식지(천연기념물 제229호),16,0002290000000,ADDR510000,ADD1518300,263894.34,,,,,263603.02795,,,,128.76915851291227,37.94876598374661
948,13000372000000011,강서구,HE0000147447,서울 양천고성지,서울 양천고성지(사적 제372호),13,0003720000000,ADDR110000,ADD1115000,29757.28,,,,,29732.263308,,,,126.84076726604447,37.5750309592314
1048,15000019000000037,예천군,HE0000143404,예천 선몽대 일원,예천 선몽대 일원(명승 제19호),15,0000190000000,ADDR470000,ADD1479000,257692.81,,,,,257420.790874,,,,128.46020009048934,36.59921499386659
1049,18000248000000037,예천군,HE0000143896,예천 남악종택,예천 남악종택(국가민속문화유산 제248호),18,0002480000000,ADDR470000,ADD1479000,2321.29,,,,,2319.714793,,,,128.38435710504984,36.687553870416
1051,15000016000000037,예천군,HE0000146851,예천 회룡포,예천 회룡포(명승 제16호),15,0000160000000,ADDR470000,ADD1479000,791178.44,,,,,790372.381974,,,,128.32383576481996,36.57569964538127
1052,13000037000000032,평창군,HE0000147415,평창 오대산사고,평창 오대산사고(사적 제37호),13,0000370000000,ADDR510000,ADD1517600,8057.15,,,,,8049.057902,,,,128.57244731749253,37.75628996054901
1053,12000245000000037,김천시,HE0000148360,김천 갈항사지 석조여래좌상,김천 갈항사지 석조여래좌상(보물 제245호),12,0002450000000,ADDR470000,ADD1471500,49.88,,,,,49.704327,,,,128.27203784630805,36.08816219016783
1054,12000234000000035,군산시,HE0000149126,군산 발산리 석등,군산 발산리 석등(보물 제234호),12,0002340000000,ADDR520000,ADD1521300,1.4,,,,,1.396939,,,,126.79652725739818,35.959446140693224
1056,12000386000000011,종로구,HE0000145894,창경궁 옥천교,창경궁 옥천교(보물 제386호),12,0003860000000,ADDR110000,ADD1111100,63.13,,,,,62.960673,,,,126.99610733230885,37.57883657548692
1140,13000149000000011,종로구,HE0000148766,서울 육상궁,서울 육상궁(사적 제149호),13,0001490000000,ADDR110000,ADD1111100,24345.06,,,,,24327.2788,,,,126.97343471435134,37.585280445112865
1141,13000323000000031,파주시,HE0000148847,파주 윤관장군묘,파주 윤관장군묘(사적 제323호),13,0003230000000,ADDR410000,ADD1414800,21734.0,,,,,21718.079082,,,,126.85583763129385,37.76790248377096
1142,12000584000000036,구례군,HE0000148267,구례 윤문효공 신도비,구례 윤문효공 신도비(보물 제584호),12,0005840000000,ADDR460000,ADD1467300,3.21,,,,,3.214565,,,,127.41664220968369,35.285485514614514
1213,12000357000000022,수성구,HE0000146484,칠곡 정도사지 오층석탑,칠곡 정도사지 오층석탑(보물 제357호),12,0003570000000,ADDR270000,ADD1272600,5.5,,,,,5.49937,,,,128.63838876410864,35.845587632574514
1214,13000256000000011,중구,HE0000148697,서울 정동교회,서울 정동교회(사적 제256호),13,0002560000000,ADDR110000,ADD1111400,1133.95,,,,,1133.858072,,,,126.9726431089768,37.565371905922085
1215,13000208000000011,성북구,HE0000147841,서울 정릉,서울 정릉(사적 제208호),13,0002080000000,ADDR110000,ADD1112900,294396.6,,,,,294170.332544,,,,127.00463077461386,37.60159199023116
1216,12000018000000034,청양군,HE0000146096,청양 서정리 구층석탑,청양 서정리 구층석탑(보물 제18호),12,0000180000000,ADDR440000,ADD1447900,8.5,,,,,8.511632,,,,126.95304744722459,36.4107099971532
1217,16000509000000032,정선군,HE0000153702,정선 산호동굴,정선 산호동굴(천연기념물 제509호),16,0005090000000,ADDR510000,ADD1517700,117688.0,,,,,117563.326863,,,,128.74991141183068,37.44436616009385
1218,16000348000000032,정선군,HE0000149112,정선 반론산 철쭉나무 및 분취류 자생지,정선 반론산 철쭉나무 및 분취류 자생지(천연기념물 제348호),16,0003480000000,ADDR510000,ADD1517700,95185.16,,,,,95087.065336,,,,128.75373811997912,37.44469499857857
949,13000399000000011,마포구,HE0000148784,서울 양화나루와 잠두봉 유적,서울 양화나루와 잠두봉 유적(사적 제399호),13,0003990000000,ADDR110000,ADD1114400,36055.05,,,,,36024.818977,,,,126.91155272244907,37.54443566143063
951,12000016000000033,충주시,HE0000146094,충주 억정사지 대지국사탑비,충주 억정사지 대지국사탑비(보물 제16호),12,0000160000000,ADDR430000,ADD1431300,6.94,,,,,6.927522,,,,127.92734189356928,37.103576065336064
956,11000304000000036,여수시,HE0000145398,여수 진남관,여수 진남관(국보 제304호),11,0003040000000,ADDR460000,ADD1461300,1360.0,,,,,1358.907566,,,,127.73652793056122,34.742023467955974
1495,18000186000000038,함양군,HE0000147117,함양 일두고택,함양 일두고택(국가민속문화유산 제186호),18,0001860000000,ADDR480000,ADD1488700,4863.76,,,,,4859.177071,,,,127.76819493901961,35.56636229092869
330,18000098000000036,순천시,HE0000148751,순천 낙안읍성 주막집,순천 낙안읍성 주막집(국가민속문화유산 제98호),18,0000980000000,ADDR460000,ADD1461500,139.08,,,,,138.869128,,,,127.33928905107167,34.9057441920881
417,13000226000000023,강화군,HE0000148498,강화 덕진진,강화 덕진진(사적 제226호),13,0002260000000,ADDR280000,ADD1287100,15042.06,,,,,15032.851672,,,,126.52482837222118,37.6489369285995
671,15000010000000031,고양시,HE0000145645,삼각산,삼각산(명승 제10호),15,0000100000000,ADDR410000,ADD1412800,276283.0,,,,,276069.574003,,,,126.9792808966418,37.65885407659093
521,13000409000000035,부안군,HE0000148863,부안 백산성,부안 백산성(사적 제409호),13,0004090000000,ADDR520000,ADD1528000,80424.95,,,,,80364.890939,,,,126.80643575816464,35.71924880056639
811,15000025000000036,순천시,HE0000144654,순천 초연정 원림,순천 초연정 원림(명승 제25호),15,0000250000000,ADDR460000,ADD1461500,64250.31,,,,,64198.129379,,,,127.20326428646621,35.03191507180643
1592,13000330000000011,용산구,HE0000148637,서울 효창공원,서울 효창공원(사적 제330호),13,0003300000000,ADDR110000,ADD1111700,123716.7,,,,,123624.642697,,,,126.9606743568344,37.54478829964686
327,18000093000000036,순천시,HE0000148161,순천 낙안읍성 들마루집,순천 낙안읍성 들마루집(국가민속문화유산 제93호),18,0000930000000,ADDR460000,ADD1461500,470.64,,,,,470.292328,,,,127.33920323120978,34.90674117962391
365,16000262000000033,단양군,HE0000147377,단양 노동동굴,단양 노동동굴(천연기념물 제262호),16,0002620000000,ADDR430000,ADD1438000,361488.16,,,,,361116.604813,,,,128.38129625429372,36.952659101573325
615,18000018000000035,부안군,HE0000147490,부안 서문안 당산,부안 서문안 당산(국가민속문화유산 제18호),18,0000180000000,ADDR520000,ADD1528000,3.65,,,,,3.649999,,,,126.73166877033394,35.73047069763278
618,13000070000000035,부안군,HE0000147109,부안 진서리 요지,부안 진서리 요지(사적 제70호),13,0000700000000,ADDR520000,ADD1528000,181634.31,,,,,181510.456069,,,,126.60417480360192,35.59822228921309
784,12000312000000038,밀양시,HE0000145464,밀양 소태리 오층석탑,밀양 소태리 오층석탑(보물 제312호),12,0003120000000,ADDR480000,ADD1482700,10.19,,,,,10.22713,,,,128.6267302059814,35.561522164099124
786,13000376000000032,속초시,HE0000149117,속초 조양동 유적,속초 조양동 유적(사적 제376호),13,0003760000000,ADDR510000,ADD1512100,23145.91,,,,,23120.859817,,,,128.5908418555386,38.188178431048584
796,11000049000000034,예산군,HE0000148424,예산 수덕사 대웅전,예산 수덕사 대웅전(국보 제49호),11,0000490000000,ADDR440000,ADD1448100,306.81,,,,,306.634207,,,,126.62265415714522,36.663301404797586
1306,15000012000000035,진안군,HE0000145647,진안 마이산,진안 마이산(명승 제12호),15,0000120000000,ADDR520000,ADD1527200,205036.92,,,,,204862.212421,,,,127.41321643306301,35.75958216248503
1424,16000138000000034,태안군,HE0000148511,태안 안면도 모감주나무 군락,태안 안면도 모감주나무 군락(천연기념물 제138호),16,0001380000000,ADDR440000,ADD1448250,3953.7,,,,,3952.702455,,,,126.33525589556776,36.50485435644677
1429,11000290000000038,양산시,HE0000145813,양산 통도사 대웅전 및 금강계단,양산 통도사 대웅전 및 금강계단(국보 제290호),11,0002900000000,ADDR480000,ADD1483300,782.12,,,,,781.195918,,,,129.06371170976695,35.48803665530428
368,15000045000000033,단양군,HE0000146518,단양 석문,단양 석문(명승 제45호),15,0000450000000,ADDR430000,ADD1438000,5054.62,,,,,5050.241216,,,,128.34299700651724,37.002347999071446
376,12000405000000033,단양군,HE0000145544,단양 향산리 삼층석탑,단양 향산리 삼층석탑(보물 제405호),12,0004050000000,ADDR430000,ADD1438000,5.09,,,,,5.096739,,,,128.41776524543482,37.05423636536125
377,16000435000000022,달성군,HE0000145654,달성 비슬산 암괴류,달성 비슬산 암괴류(천연기념물 제435호),16,0004350000000,ADDR270000,ADD1277100,993543.44,,,,,992476.833702,,,,128.5215452616849,35.6908861299782
379,18000200000000022,달성군,HE0000147003,달성 조길방 고택,달성 조길방 고택(국가민속문화유산 제200호),18,0002000000000,ADDR270000,ADD1277100,1416.75,,,,,1414.770924,,,,128.58150917040874,35.75542110468128
718,16000169000000034,서천군,HE0000147769,서천 마량리 동백나무 숲,서천 마량리 동백나무 숲(천연기념물 제169호),16,0001690000000,ADDR440000,ADD1447700,20186.7,,,,,20172.419557,,,,126.49391752650338,36.13673170748279
1500,16000108000000036,함평군,HE0000148594,함평 향교리 느티나무·팽나무·개서어나무 숲,함평 향교리 느티나무·팽나무·개서어나무 숲(천연기념물 제108호),16,0001080000000,ADDR460000,ADD1468600,15041.18,,,,,15031.570941,,,,126.53280970829542,35.066529754523934
380,15000058000000036,담양군,HE0000149217,담양 명옥헌 원림,담양 명옥헌 원림(명승 제58호),15,0000580000000,ADDR460000,ADD1467100,13603.86,,,,,13594.774606,,,,126.99639417910035,35.2195738628478
354,16000091000000035,정읍시,HE0000148684,내장산 굴거리나무 군락,내장산 굴거리나무 군락(천연기념물 제91호),16,0000910000000,ADDR520000,ADD1521800,534414.9,,,,,534018.746158,,,,126.89775543815975,35.49003241814872
625,13000014000000034,부여군,HE0000146915,부여 왕릉원,부여 왕릉원(사적 제14호),13,0000140000000,ADDR440000,ADD1447600,330230.38,,,,,329982.268638,,,,126.94424883345462,36.277286463222005
729,13000106000000036,구례군,HE0000147301,구례 석주관 칠의사묘,구례 석주관 칠의사묘(사적 제106호),13,0001060000000,ADDR460000,ADD1467300,10337.72,,,,,10328.426133,,,,127.5661582055453,35.197144222225724
802,13000356000000031,남양주시,HE0000148748,남양주 순강원,남양주 순강원(사적 제356호),13,0003560000000,ADDR410000,ADD1413600,425673.75,,,,,425330.769985,,,,127.15917795786471,37.71246662995876
1597,12000563000000036,여수시,HE0000148706,여수 흥국사 홍교,여수 흥국사 홍교(보물 제563호),12,0005630000000,ADDR460000,ADD1461300,202.04,,,,,201.909195,,,,127.69695943174872,34.82274301994038
1623,16000525000000036,신안군,HE0000148347,신안 작은대섬 응회암과 화산성구조,신안 작은대섬 응회암과 화산성구조(천연기념물 제525호),16,0005250000000,ADDR460000,ADD1469100,8329.54,,,,,8329.535559,,,,125.88967577270598,34.71592522601148
1622,16000527000000037,의성군,HE0000148346,의성 빙계리 얼음골,의성 빙계리 얼음골(천연기념물 제527호),16,0005270000000,ADDR470000,ADD1477300,96175.78,,,,,96175.779007,,,,128.7555281127184,36.23089988736888
1681,13000523000000036,여수시,HE0000148339,여수 석보,여수 석보(사적 제523호),13,0005230000000,ADDR460000,ADD1461300,77082.55,,,,,77082.551976,,,,127.66149530019912,34.78325082162912
641,13000059000000034,부여군,HE0000147166,부여 청산성,부여 청산성(사적 제59호),13,0000590000000,ADDR440000,ADD1447600,80091.39,,,,,80031.697744,,,,126.92745717836786,36.29425246510596
806,13000506000000036,순천시,HE0000151716,순천 송광사,순천 송광사(사적 제506호),13,0005060000000,ADDR460000,ADD1461500,45282.91,,,,,45245.934445,,,,127.27737527052396,35.001041321437405
1316,16000013000000033,진천군,HE0000148540,진천 노원리 왜가리 번식지,진천 노원리 왜가리 번식지(천연기념물 제13호),16,0000130000000,ADDR430000,ADD1437500,69648.76,,,,,69589.512452,,,,127.41502923326496,36.923912898974514
1434,13000335000000038,통영시,HE0000148947,통영 연대도 패총,통영 연대도 패총(사적 제335호),13,0003350000000,ADDR480000,ADD1482200,5873.88,,,,,5867.543176,,,,128.4009057216064,34.73860487997135
1326,11000226000000011,종로구,HE0000146339,창경궁 명정전,창경궁 명정전(국보 제226호),11,0002260000000,ADDR110000,ADD1111100,789.27,,,,,788.61465,,,,126.99497859350468,37.57875526788208
1683,13000510000000037,고령군,HE0000148341,고령 사부동과 기산동 요지,고령 사부동과 기산동 요지(사적 제510호),13,0005100000000,ADDR470000,ADD1478300,10819.54,,,,,10819.542052,,,,128.32018708000442,35.74378657739334
391,13000062000000022,중구,HE0000148671,대구 달성,대구 달성(사적 제62호),13,0000620000000,ADDR270000,ADD1271100,127405.17,,,,,127268.159283,,,,128.57741200443743,35.874045929127
700,13000475000000034,서산시,HE0000144227,서산 부장리 고분군,서산 부장리 고분군(사적 제475호),13,0004750000000,ADDR440000,ADD1442100,14201.4,,,,,14192.716264,,,,126.5203449276476,36.78642719041232
825,13000188000000037,경주시,HE0000147469,경주 내물왕릉,경주 내물왕릉(사적 제188호),13,0001880000000,ADDR470000,ADD1471300,22706.65,,,,,22680.618888,,,,129.21590124499585,35.8321568400302
836,13000024000000037,경주시,HE0000146909,경주 진덕여왕릉,경주 진덕여왕릉(사적 제24호),13,0000240000000,ADDR470000,ADD1471300,151604.22,,,,,151421.465056,,,,129.2011196325078,35.88891047242235
209,16000235000000036,광양시,HE0000147384,광양읍수와 이팝나무,광양읍수와 이팝나무(천연기념물 제235호),16,0002350000000,ADDR460000,ADD1462300,31520.18,,,,,31492.412938,,,,127.59072672676675,34.97033068982583
1919,18000266000000037,경상북도,,경산 상엿집과 관련 문서,경산 상엿집과 관련 문서(국가민속문화유산 제266호),18,0002660000000,ADDR470000,ADD1472900,,,,,,,,,,128.79440404657245,35.94233082626791
664,13000209000000031,남양주시,HE0000147842,남양주 사릉,남양주 사릉(사적 제209호),13,0002090000000,ADDR410000,ADD1413600,164366.0,,,,,164235.868195,,,,127.19728361980177,37.64587907083223
1921,13000345000000035,전라북도,,고창 용계리 청자 요지,고창 용계리 청자 요지(사적 제345호),13,0003450000000,ADDR520000,ADD1527900,53123.0,,,,,,,,,126.6334001590087,35.477556034285044
867,13000309000000035,남원시,HE0000148265,남원 실상사,남원 실상사(사적 제309호),13,0003090000000,ADDR520000,ADD1521900,89557.8,,,,,89478.556329,,,,127.63436404079286,35.4162718059004
221,15000033000000035,남원시,HE0000143410,광한루원,광한루원(명승 제33호),15,0000330000000,ADDR520000,ADD1521900,70442.25,,,,,70381.881881,,,,127.3795355840744,35.40238492723059
679,16000178000000032,삼척시,HE0000147829,삼척 대이리 동굴지대,삼척 대이리 동굴지대(천연기념물 제178호),16,0001780000000,ADDR510000,ADD1512300,6606470.5,,,,,6598822.58723,,,,129.02828644632254,37.32651126958777
476,13000297000000011,송파구,HE0000148255,서울 몽촌토성,서울 몽촌토성(사적 제297호),13,0002970000000,ADDR110000,ADD1117100,482170.5,,,,,481782.0756,,,,127.12182527306753,37.52074820678605
565,16000480000000036,보성군,HE0000146820,보성 전일리 팽나무 숲,보성 전일리 팽나무 숲(천연기념물 제480호),16,0004800000000,ADDR460000,ADD1467800,735.31,,,,,734.686958,,,,127.05839696641671,34.66777055475971
708,13000143000000011,종로구,HE0000148648,서울 문묘와 성균관,서울 문묘와 성균관(사적 제143호),13,0001430000000,ADDR110000,ADD1111100,39929.2,,,,,39898.277986,,,,126.99549561215056,37.585857953497026
484,18000167000000036,무안군,HE0000147859,무안 유교리 고택,무안 유교리 고택(국가민속문화유산 제167호),18,0001670000000,ADDR460000,ADD1468400,4592.49,,,,,4589.404793,,,,126.43831249970147,34.84692787713478
569,12000102000000034,서산시,HE0000146437,서산 보원사지 석조,서산 보원사지 석조(보물 제102호),12,0001020000000,ADDR440000,ADD1442100,6.09,,,,,6.088093,,,,126.60234215067845,36.76229261092014
608,11000019000000037,영주시,HE0000148234,영주 부석사 조사당,영주 부석사 조사당(국보 제19호),11,0000190000000,ADDR470000,ADD1472100,106.63,,,,,106.369858,,,,128.68852789279015,36.99959260223554
730,13000243000000011,송파구,HE0000147066,서울 석촌동 고분군,서울 석촌동 고분군(사적 제243호),13,0002430000000,ADDR110000,ADD1117100,49837.84,,,,,49796.279816,,,,127.10220588091764,37.50228980335833
740,11000130000000037,구미시,HE0000147064,구미 죽장리 오층석탑,구미 죽장리 오층석탑(국보 제130호),11,0001300000000,ADDR470000,ADD1471900,49.94,,,,,49.872057,,,,128.2816900912454,36.248562500012795
742,12001117000000036,순천시,HE0000148939,순천 선암사 대각암 승탑,순천 선암사 대각암 승탑(보물 제1117호),12,0011170000000,ADDR460000,ADD1461500,2.69,,,,,2.701256,,,,127.32691499606445,34.996250508827124
744,12001184000000036,순천시,HE0000148288,순천 선암사 북 승탑,순천 선암사 북 승탑(보물 제1184호),12,0011840000000,ADDR460000,ADD1461500,1.38,,,,,1.37557,,,,127.32787889263591,34.99818281025651
1585,13000295000000035,정읍시,HE0000148170,정읍 황토현 전적,정읍 황토현 전적(사적 제295호),13,0002950000000,ADDR520000,ADD1521800,100140.2,,,,,100066.480681,,,,126.82799262413121,35.63336780403754
347,16000150000000038,남해군,HE0000146935,남해 물건리 방조어부림,남해 물건리 방조어부림(천연기념물 제150호),16,0001500000000,ADDR480000,ADD1488400,25398.24,,,,,25372.766633,,,,128.05085817111393,34.79742287297144
487,16000082000000036,무안군,HE0000148680,무안 청천리 팽나무와 개서어나무 숲,무안 청천리 팽나무와 개서어나무 숲(천연기념물 제82호),16,0000820000000,ADDR460000,ADD1468400,11685.72,,,,,11678.134675,,,,126.45685971050624,34.96777368068379
609,16000123000000035,부안군,HE0000146928,부안 격포리 후박나무 군락,부안 격포리 후박나무 군락(천연기념물 제123호),16,0001230000000,ADDR520000,ADD1528000,1983.64,,,,,1982.344222,,,,126.46152134622788,35.634984087412356
657,11000023000000037,경주시,HE0000149167,경주 불국사 청운교 및 백운교,경주 불국사 청운교 및 백운교(국보 제23호),11,0000230000000,ADDR470000,ADD1471300,48.67,,,,,48.497691,,,,129.33216101927061,35.78972012360501
492,13000346000000035,고창군,HE0000148282,고창 무장현 관아와 읍성,고창 무장현 관아와 읍성(사적 제346호),13,0003460000000,ADDR520000,ADD1527900,121372.35,,,,,121290.803723,,,,126.55465400686404,35.422012541966616
660,12000730000000037,울진군,HE0000145855,울진 불영사 응진전,울진 불영사 응진전(보물 제730호),12,0007300000000,ADDR470000,ADD1479300,100.0,,,,,100.060665,,,,129.27300657447873,36.94114065594827
1295,15000064000000036,구례군,HE0000151700,지리산 화엄사 일원,지리산 화엄사 일원(명승 제64호),15,0000640000000,ADDR460000,ADD1467300,2585476.0,,,,,2583258.851364,,,,127.49400178596811,35.26256619781943
1591,16000248000000032,횡성군,HE0000148728,횡성 압곡리 백로와 왜가리 번식지,횡성 압곡리 백로와 왜가리 번식지(천연기념물 제248호),16,0002480000000,ADDR510000,ADD1517300,22790.78,,,,,22769.408871,,,,127.8867643489763,37.49326187286878
1102304,12001727000000037,경상북도,,경주향교 대성전,경주향교 대성전(보물제1727호),12,0017270000000,ADDR470000,ADD1471300,10958.0,,,,,,,,,129.21694573585265,35.83128912004277
1493,16000154000000038,함양군,HE0000146939,함양 상림,함양 상림(천연기념물 제154호),16,0001540000000,ADDR480000,ADD1488700,169457.03,,,,,169298.685427,,,,127.71695675656963,35.52747972417549
1829,13000417000000033,충청북도,,괴산 송시열 유적,괴산 송시열 유적(사적 제417호),13,0004170000000,ADDR430000,ADD1437600,24806.0,,,,,,,,,127.79495079694634,36.66747657317942
858,18000251000000036,신안군,HE0000144062,신안 김환기 고택,신안 김환기 고택(국가민속문화유산 제251호),18,0002510000000,ADDR460000,ADD1469100,2233.93,,,,,2232.634604,,,,126.12178139893838,34.75266479315536
258,13000374000000022,군위군,HE0000147449,군위 인각사지,군위 인각사지(사적 제374호),13,0003740000000,ADDR270000,ADD1277200,13547.64,,,,,13531.685912,,,,128.77917757236702,36.12782894596113
280,12000029000000035,김제시,HE0000146169,김제 금산사 심원암 삼층석탑,김제 금산사 심원암 삼층석탑(보물 제29호),12,0000290000000,ADDR520000,ADD1522100,3.73,,,,,3.718791,,,,127.0681765874617,35.729343488468416
282,12000027000000035,김제시,HE0000146167,김제 금산사 육각 다층석탑,김제 금산사 육각 다층석탑(보물 제27호),12,0000270000000,ADDR520000,ADD1522100,1.7,,,,,1.705833,,,,127.0534709177669,35.72326860402695
284,18000258000000011,은평구,HE0000146493,서울 금성당,서울 금성당(국가민속문화유산 제258호),18,0002580000000,ADDR110000,ADD1113800,823.81,,,,,823.367787,,,,126.92531912135567,37.635077425375776
286,12000490000000037,구미시,HE0000146179,구미 금오산 마애여래입상,구미 금오산 마애여래입상(보물 제490호),12,0004900000000,ADDR470000,ADD1471900,19.98,,,,,19.969805,,,,128.30171907954355,36.09664148559842
1102311,12002093000000038,경상남도,,산청 단성향교 명륜당,산청 단성향교 명륜당(보물제2093호),12,0020930000000,ADDR480000,ADD1488600,3498.0,,,,,,,,,127.95516080447129,35.30898211231383
823,13000023000000037,경주시,HE0000149153,경주 경덕왕릉,경주 경덕왕릉(사적 제23호),13,0000230000000,ADDR470000,ADD1471300,32357.5,,,,,32314.065062,,,,129.18764086309335,35.76246981994096
1102320,12002106000000037,경상북도,,안동 도산서원 농운정사,안동 도산서원 농운정사(보물제2106호),12,0021060000000,ADDR470000,ADD1471700,109.4,,,,,,,,,128.84338635652688,36.72693343297275
1410,18000226000000037,안동시,HE0000148212,안동 탁청정,안동 탁청정(국가민속문화유산 제226호),18,0002260000000,ADDR470000,ADD1471700,637.75,,,,,637.706189,,,,128.80308737574467,36.67329525607424
1411,13000354000000011,종로구,HE0000148746,서울 탑골공원,서울 탑골공원(사적 제354호),13,0003540000000,ADDR110000,ADD1111100,15060.74,,,,,15047.131251,,,,126.9882681437405,37.571429767789525
267,16000238000000033,옥천군,HE0000148814,금강의 어름치,금강의 어름치(천연기념물 제238호),16,0002380000000,ADDR430000,ADD1437300,471796.53,,,,,471375.276685,,,,127.65986836788413,36.25846622906122
830,13000028000000037,경주시,HE0000148810,경주 성덕왕릉,경주 성덕왕릉(사적 제28호),13,0000280000000,ADDR470000,ADD1471300,97632.78,,,,,97514.81297,,,,129.28133186602426,35.78729183761958
289,13000021000000037,경주시,HE0000149151,경주 김유신묘,경주 김유신묘(사적 제21호),13,0000210000000,ADDR470000,ADD1471300,130781.01,,,,,130625.777549,,,,129.1913570413601,35.84492068913544
1667,15000084000000050,서귀포시,HE0000148342,영실기암과 오백나한,영실기암과 오백나한(명승 제84호),15,0000840000000,ADDR500000,ADD1501300,969284.61,,,,,969284.605271,,,,126.50107021310791,33.35398575438632
437,13000273000000021,동래구,HE0000148695,부산 복천동 고분군,부산 복천동 고분군(사적 제273호),13,0002730000000,ADDR260000,ADD1262600,46622.92,,,,,46568.262263,,,,129.0903986862728,35.206470963956654
672,13000235000000033,보은군,HE0000147081,보은 삼년산성,보은 삼년산성(사적 제235호),13,0002350000000,ADDR430000,ADD1437200,228241.56,,,,,228033.961085,,,,127.74185117363054,36.48819957701716
1686,13000518000000037,경주시,HE0000148344,경주 문성왕릉,경주 문성왕릉(사적 제518호),13,0005180000000,ADDR470000,ADD1471300,408.51,,,,,408.506533,,,,129.18438875837325,35.82836044892932
843,13000029000000037,경주시,HE0000148811,경주 헌덕왕릉,경주 헌덕왕릉(사적 제29호),13,0000290000000,ADDR470000,ADD1471300,18138.47,,,,,18117.889252,,,,129.24453849741775,35.84390315247772
845,13000183000000037,경주시,HE0000147464,경주 효공왕릉,경주 효공왕릉(사적 제183호),13,0001830000000,ADDR470000,ADD1471300,33817.97,,,,,33777.174283,,,,129.24976412407034,35.82142402474312
245,13000385000000036,구례군,HE0000148536,구례 석주관성,구례 석주관성(사적 제385호),13,0003850000000,ADDR460000,ADD1467300,76983.11,,,,,76915.514279,,,,127.56693808438139,35.199398064580166
463,13000272000000035,남원시,HE0000147533,남원 만인의총,남원 만인의총(사적 제272호),13,0002720000000,ADDR520000,ADD1521900,72961.17,,,,,72900.353752,,,,127.3774784053406,35.42045865103268
1761,13000527000000033,충청북도,,증평 추성산성,증평 추성산성(사적 제527호),13,0005270000000,ADDR430000,ADD1437450,98501.0,,,,,,,,,127.59785698664164,36.807693163151384
1102303,12002097000000037,경상북도,,경주향교 명륜당,경주향교 명륜당(보물제2097호),12,0020970000000,ADDR470000,ADD1471300,10144.0,,,,,,,,,129.21684109031946,35.83159200014169
1728,18000269000000036,,HE0000153705,장흥 신와고택,장흥 신와고택(국가민속문화유산 제269호),18,0002690000000,ADDR460000,ADD1468000,,,,,,,,,,126.95032849482511,34.54775118990777
1102345,13000216000000037,경상북도,,칠곡 가산산성,칠곡 가산산성(사적제216호),13,0002160000000,ADDR470000,ADD1478500,1006171.0,,,,,,,,,128.58817904717966,36.03001992425812
1110,16000048000000037,울릉군,HE0000149199,울릉 통구미 향나무 자생지,울릉 통구미 향나무 자생지(천연기념물 제48호),16,0000480000000,ADDR470000,ADD1479400,24183.0,,,,,24146.659502,,,,130.85366057474513,37.46536693375386
703,13000198000000031,고양시,HE0000148769,고양 서오릉,고양 서오릉(사적 제198호),13,0001980000000,ADDR410000,ADD1412800,1883765.2,,,,,1882353.652467,,,,126.89709935400181,37.630396226956385
1415,13000201000000011,노원구,HE0000147834,서울 태릉과 강릉,서울 태릉과 강릉(사적 제201호),13,0002010000000,ADDR110000,ADD1113500,1645234.5,,,,,1643941.142915,,,,127.09755731124123,37.63317818924851
1781,13000472000000038,경상남도,,창원 진동리 유적,창원 진동리 유적(사적 제472호),13,0004720000000,ADDR480000,ADD1481100,103761.0,,,,,,,,,128.49145594668826,35.115019921274126
1810,13000469000000031,경기도,,연천 은대리성,연천 은대리성(사적 제469호),13,0004690000000,ADDR410000,ADD1418000,90877.0,,,,,,,,,127.0575827846899,38.024087114706404
1205,13000397000000036,강진군,HE0000148782,강진 전라병영성,강진 전라병영성(사적 제397호),13,0003970000000,ADDR460000,ADD1468100,92021.47,,,,,91955.103459,,,,126.81616772620687,34.72000628685934
1823,12001849000000038,경상남도,,남해 용문사 대웅전,남해 용문사 대웅전(보물 제1849호),12,0018490000000,ADDR480000,ADD1488400,16375.0,,,,,,,,,127.92311174081105,34.788100783350004
1835,16000437000000032,시도선택,,강릉 정동진 해안단구,강릉 정동진 해안단구(천연기념물 제437호),16,0004370000000,ADDR510000,ADD1511500,45426.0,,,,,,,,,129.04768190722143,37.68001561077668
1258,16000342000000050,제주시,HE0000147752,제주 어음리 빌레못동굴,제주 어음리 빌레못동굴(천연기념물 제342호),16,0003420000000,ADDR500000,ADD1501100,227293.55,,,,,227153.203624,,,,126.34661908160493,33.404783307112424
998,13000367000000031,남양주시,HE0000148537,남양주 영빈묘,남양주 영빈묘(사적 제367호),13,0003670000000,ADDR410000,ADD1413600,36198.34,,,,,36172.329034,,,,127.1838922036973,37.725226906244714
1571,12000299000000036,구례군,HE0000148299,구례 화엄사 대웅전,구례 화엄사 대웅전(보물 제299호),12,0002990000000,ADDR460000,ADD1467300,479.0,,,,,478.155398,,,,127.49793985453454,35.25724129553408
1572,12000132000000036,구례군,HE0000146456,구례 화엄사 동 오층석탑,구례 화엄사 동 오층석탑(보물 제132호),12,0001320000000,ADDR460000,ADD1467300,7.66,,,,,7.630015,,,,127.49784610028338,35.25697533760222
1573,11000035000000036,구례군,HE0000145884,구례 화엄사 사사자 삼층석탑,구례 화엄사 사사자 삼층석탑(국보 제35호),11,0000350000000,ADDR460000,ADD1467300,17.38,,,,,17.397595,,,,127.49653288645821,35.2569794497809
1574,12000133000000036,구례군,HE0000146457,구례 화엄사 서 오층석탑,구례 화엄사 서 오층석탑(보물 제133호),12,0001330000000,ADDR460000,ADD1467300,12.31,,,,,12.28457,,,,127.4975820082949,35.25705616001929
1575,12000300000000036,구례군,HE0000148300,구례 화엄사 원통전 앞 사자탑,구례 화엄사 원통전 앞 사자탑(보물 제300호),12,0003000000000,ADDR460000,ADD1467300,2.51,,,,,2.49004,,,,127.49747910009421,35.25726583090874
1576,13000064000000038,창녕군,HE0000147255,창녕 화왕산성,창녕 화왕산성(사적 제64호),13,0000640000000,ADDR480000,ADD1487400,242722.39,,,,,242461.815592,,,,128.53491831415533,35.545043678863244
1577,12000496000000032,화천군,HE0000145768,화천 계성리 석등,화천 계성리 석등(보물 제496호),12,0004960000000,ADDR510000,ADD1517900,0.97,,,,,0.996436,,,,127.58993725427406,38.096377223375036
147,13000286000000011,성북구,HE0000148690,서울 고려대학교 중앙도서관,서울 고려대학교 중앙도서관(사적 제286호),13,0002860000000,ADDR110000,ADD1112900,1827.78,,,,,1826.574944,,,,127.03338674908088,37.590030696023284
165,15000054000000035,고창군,HE0000149040,고창 선운산 도솔계곡 일원,고창 선운산 도솔계곡 일원(명승 제54호),15,0000540000000,ADDR520000,ADD1527900,954047.4,,,,,953409.289686,,,,126.56457614271321,35.48672896830308
1682,13000522000000050,제주시,HE0000148340,제주 용담동 유적,제주 용담동 유적(사적 제522호),13,0005220000000,ADDR500000,ADD1501100,10311.0,,,,,10310.996035,,,,126.50975941673369,33.5032639536764
922,18000076000000037,경주시,HE0000148760,경주 양동마을 근암고택,경주 양동마을 근암고택(국가민속문화유산 제76호),18,0000760000000,ADDR470000,ADD1471300,3466.98,,,,,3462.972866,,,,129.25568024781532,36.00262212953445
923,18000073000000037,경주시,HE0000148571,경주 양동마을 낙선당 고택,경주 양동마을 낙선당 고택(국가민속문화유산 제73호),18,0000730000000,ADDR470000,ADD1471300,2733.84,,,,,2730.345716,,,,129.25333441324568,36.00451102693565
1003,12000480000000038,합천군,HE0000146185,합천 영암사지 삼층석탑,합천 영암사지 삼층석탑(보물 제480호),12,0004800000000,ADDR480000,ADD1488900,5.97,,,,,5.95568,,,,128.0028716496031,35.474301308174255
1004,12000353000000038,합천군,HE0000145690,합천 영암사지 쌍사자 석등,합천 영암사지 쌍사자 석등(보물 제353호),12,0003530000000,ADDR480000,ADD1488900,0.93,,,,,0.916596,,,,128.00273577108217,35.47430734086268
1005,12001309000000036,영암군,HE0000145399,영암 엄길리 암각 매향명,영암 엄길리 암각 매향명(보물 제1309호),12,0013090000000,ADDR460000,ADD1468300,32.31,,,,,32.23094,,,,126.58494913108377,34.76129647198312
1006,18000164000000036,영암군,HE0000148046,영암 삼성당 고택,영암 삼성당 고택(국가민속문화유산 제164호),18,0001640000000,ADDR460000,ADD1468300,985.99,,,,,985.511478,,,,126.73292287329132,34.82971946510966
1007,16000114000000037,영양군,HE0000146925,영양 감천리 측백나무 숲,영양 감천리 측백나무 숲(천연기념물 제114호),16,0001140000000,ADDR470000,ADD1477600,9924.88,,,,,9914.572163,,,,129.09123175657774,36.62775992596262
1008,18000108000000037,영양군,HE0000148938,영양 서석지,영양 서석지(국가민속문화유산 제108호),18,0001080000000,ADDR470000,ADD1477600,1511.21,,,,,1509.291312,,,,129.06965171503725,36.61183807549505
1103,16000052000000037,울릉군,HE0000148590,울릉 나리동 울릉국화와 섬백리향 군락,울릉 나리동 울릉국화와 섬백리향 군락(천연기념물 제52호),16,0000520000000,ADDR470000,ADD1479400,5747.25,,,,,5738.862537,,,,130.8597919855725,37.51515472081526
1104,18000257000000037,울릉군,HE0000143408,울릉 나리 억새 투막집,울릉 나리 억새 투막집(국가민속문화유산 제257호),18,0002570000000,ADDR470000,ADD1479400,1752.5,,,,,1750.237569,,,,130.85848742985522,37.51428504613899
1105,16000049000000037,울릉군,HE0000149200,울릉 대풍감 향나무 자생지,울릉 대풍감 향나무 자생지(천연기념물 제49호),16,0000490000000,ADDR470000,ADD1479400,8602.25,,,,,8588.584741,,,,130.7937935021375,37.52781599131803
871,12000408000000034,논산시,HE0000145547,논산 쌍계사 대웅전,논산 쌍계사 대웅전(보물 제408호),12,0004080000000,ADDR440000,ADD1442300,392.24,,,,,391.998831,,,,127.20591617689088,36.105487292883865
872,12000500000000038,하동군,HE0000145772,하동 쌍계사 대웅전,하동 쌍계사 대웅전(보물 제500호),12,0005000000000,ADDR480000,ADD1488500,441.31,,,,,440.860528,,,,127.65083672256819,35.23259668040442
873,12000380000000038,하동군,HE0000145746,하동 쌍계사 승탑,하동 쌍계사 승탑(보물 제380호),12,0003800000000,ADDR480000,ADD1488500,0.72,,,,,0.725426,,,,127.65236712544018,35.23500678566414
874,11000047000000038,하동군,HE0000148422,하동 쌍계사 진감선사탑비,하동 쌍계사 진감선사탑비(국보 제47호),11,0000470000000,ADDR480000,ADD1488500,4.22,,,,,4.217789,,,,127.65050284437585,35.23247639333614
875,11000057000000036,화순군,HE0000147882,화순 쌍봉사 철감선사탑,화순 쌍봉사 철감선사탑(국보 제57호),11,0000570000000,ADDR460000,ADD1467900,4.2,,,,,4.193416,,,,127.05922085936965,34.8882937143975
876,12000170000000036,화순군,HE0000148701,화순 쌍봉사 철감선사탑비,화순 쌍봉사 철감선사탑비(보물 제170호),12,0001700000000,ADDR460000,ADD1467900,5.36,,,,,5.361093,,,,127.0591161477445,34.888227154813436
878,18000233000000034,아산시,HE0000143662,아산 외암마을 건재고택,아산 외암마을 건재고택(국가민속문화유산 제233호),18,0002330000000,ADDR440000,ADD1442000,7004.47,,,,,6999.563609,,,,127.01572100554047,36.730468638083195
964,11000053000000036,구례군,HE0000148428,구례 연곡사 동 승탑,구례 연곡사 동 승탑(국보 제53호),11,0000530000000,ADDR460000,ADD1467300,2.44,,,,,2.439257,,,,127.58843136128148,35.255226119667704
965,12000153000000036,구례군,HE0000148330,구례 연곡사 동 승탑비,구례 연곡사 동 승탑비(보물 제153호),12,0001530000000,ADDR460000,ADD1467300,2.78,,,,,2.760873,,,,127.58833381353774,35.25518907516173
966,11000054000000036,구례군,HE0000148526,구례 연곡사 북 승탑,구례 연곡사 북 승탑(국보 제54호),11,0000540000000,ADDR460000,ADD1467300,3.25,,,,,3.238602,,,,127.58825959906443,35.256102589070984
967,12000151000000036,구례군,HE0000148245,구례 연곡사 삼층석탑,구례 연곡사 삼층석탑(보물 제151호),12,0001510000000,ADDR460000,ADD1467300,7.69,,,,,7.674149,,,,127.58740479480157,35.25450766923551
968,12000154000000036,구례군,HE0000148331,구례 연곡사 소요대사탑,구례 연곡사 소요대사탑(보물 제154호),12,0001540000000,ADDR460000,ADD1467300,2.57,,,,,2.543536,,,,127.58688025186973,35.25516493240821
969,12000152000000036,구례군,HE0000148329,구례 연곡사 현각선사탑비,구례 연곡사 현각선사탑비(보물 제152호),12,0001520000000,ADDR460000,ADD1467300,4.19,,,,,4.186254,,,,127.58730733080144,35.25486864267815
1060,16000508000000023,옹진군,HE0000149678,옹진 소청도 선캄브리아 스트로마톨라이트와 분바위,옹진 소청도 선캄브리아 스트로마톨라이트와 분바위(천연기념물 제508호),16,0005080000000,ADDR280000,ADD1287200,29945.44,,,,,29939.827833,,,,124.7680825713352,37.767392352161984
1061,16000066000000023,옹진군,HE0000149194,옹진 대청도 동백나무 자생북한지,옹진 대청도 동백나무 자생북한지(천연기념물 제66호),16,0000660000000,ADDR280000,ADD1287200,157119.28,,,,,157069.76013,,,,124.68555273412187,37.81792964939298
1062,16000392000000023,옹진군,HE0000148432,옹진 백령도 남포리 콩돌해안,옹진 백령도 남포리 콩돌해안(천연기념물 제392호),16,0003920000000,ADDR280000,ADD1287200,1039094.2,,,,,1038743.990199,,,,124.70586241153003,37.92844259845539
1063,15000008000000023,옹진군,HE0000148963,옹진 백령도 두무진,옹진 백령도 두무진(명승 제8호),15,0000080000000,ADDR280000,ADD1287200,1924885.8,,,,,1924271.192836,,,,124.61804375303,37.974895670687154
1147,11000014000000037,영천시,HE0000146405,영천 거조사 영산전,영천 거조사 영산전(국보 제14호),11,0000140000000,ADDR470000,ADD1472300,519.5,,,,,518.69679,,,,128.76449944947046,36.02009748962649
1148,12000790000000037,영천시,HE0000147491,영천 은해사 백흥암 극락전,영천 은해사 백흥암 극락전(보물 제790호),12,0007900000000,ADDR470000,ADD1472300,219.25,,,,,219.193785,,,,128.76803376204737,35.99661326787903
1149,18000143000000033,음성군,HE0000147939,음성 공산정 고택,음성 공산정 고택(국가민속문화유산 제143호),18,0001430000000,ADDR430000,ADD1437700,1064.72,,,,,1064.170172,,,,127.63878907382728,37.0772797992301
1150,18000141000000033,음성군,HE0000147937,음성 잿말 고택,음성 잿말 고택(국가민속문화유산 제141호),18,0001410000000,ADDR430000,ADD1437700,5449.41,,,,,5444.949629,,,,127.65749671667275,37.08084893425222
1151,16000196000000038,의령군,HE0000148615,의령 서동리 백악기 빗방울자국,의령 서동리 백악기 빗방울자국(천연기념물 제196호),16,0001960000000,ADDR480000,ADD1487200,414.63,,,,,414.255572,,,,128.2576933902372,35.31937916165211
1152,13000204000000011,성북구,HE0000147837,서울 의릉,서울 의릉(사적 제204호),13,0002040000000,ADDR110000,ADD1112900,431924.4,,,,,431586.308827,,,,127.05628026442008,37.6052029121436
1153,12000188000000037,의성군,HE0000148351,의성 관덕리 삼층석탑,의성 관덕리 삼층석탑(보물 제188호),12,0001880000000,ADDR470000,ADD1477300,3.3,,,,,3.31862,,,,128.6913923940024,36.43147463898101
1154,18000182000000037,안동시,HE0000148340,안동 의성김씨 서지재사,안동 의성김씨 서지재사(국가민속문화유산 제182호),18,0001820000000,ADDR470000,ADD1471700,1644.13,,,,,1642.539366,,,,128.74525844887341,36.59514627080833
971,13000275000000011,서대문구,HE0000148628,서울 연세대학교 스팀슨관,서울 연세대학교 스팀슨관(사적 제275호),13,0002750000000,ADDR110000,ADD1114100,484.21,,,,,483.840763,,,,126.93820646665678,37.56600494808662
879,13000109000000034,아산시,HE0000147169,아산 맹씨 행단,아산 맹씨 행단(사적 제109호),13,0001090000000,ADDR440000,ADD1442000,8097.31,,,,,8091.040635,,,,127.04203955494042,36.746006698565765
880,18000194000000034,아산시,HE0000147362,아산 용궁댁,아산 용궁댁(국가민속문화유산 제194호),18,0001940000000,ADDR440000,ADD1442000,9544.11,,,,,9537.495762,,,,126.89218457284329,36.74039029415332
881,18000195000000034,아산시,HE0000147687,아산 외암마을 참판댁,아산 외암마을 참판댁(국가민속문화유산 제195호),18,0001950000000,ADDR440000,ADD1442000,7167.96,,,,,7161.536294,,,,127.01858786049878,36.730179948762114
882,18000236000000034,아산시,HE0000147292,아산 외암마을,아산 외암마을(국가민속문화유산 제236호),18,0002360000000,ADDR440000,ADD1442000,196253.03,,,,,196100.498524,,,,127.0171905632854,36.731208343936686
883,12000537000000034,아산시,HE0000146196,아산 읍내동 당간지주,아산 읍내동 당간지주(보물 제537호),12,0005370000000,ADDR440000,ADD1442000,0.54,,,,,0.535233,,,,127.01637447755894,36.761275588197705
970,13000362000000011,도봉구,HE0000148278,서울 연산군묘,서울 연산군묘(사적 제362호),13,0003620000000,ADDR110000,ADD1113200,14441.57,,,,,14431.050102,,,,127.02218180411461,37.66159214921692
972,13000277000000011,서대문구,HE0000148630,서울 연세대학교 아펜젤러관,서울 연세대학교 아펜젤러관(사적 제277호),13,0002770000000,ADDR110000,ADD1114100,506.23,,,,,505.774772,,,,126.93898048730337,37.56590720565843
1065,16000393000000023,옹진군,HE0000148433,옹진 백령도 진촌리 맨틀포획암 분포지,옹진 백령도 진촌리 맨틀포획암 분포지(천연기념물 제393호),16,0003930000000,ADDR280000,ADD1287200,6059.11,,,,,6058.548553,,,,124.73336854279917,37.97546288908559
1067,16000428000000036,완도군,HE0000145402,완도 대문리 모감주나무 군락,완도 대문리 모감주나무 군락(천연기념물 제428호),16,0004280000000,ADDR460000,ADD1468900,21886.1,,,,,21871.131812,,,,126.64244543294637,34.36408942566441
893,18000202000000037,안동시,HE0000144886,안동 권성백 고택,안동 권성백 고택(국가민속문화유산 제202호),18,0002020000000,ADDR470000,ADD1471700,3946.31,,,,,3941.973123,,,,128.52724891514794,36.57450912971106
1155,18000181000000037,안동시,HE0000148051,안동 도암종택,안동 도암종택(국가민속문화유산 제181호),18,0001810000000,ADDR470000,ADD1471700,1372.38,,,,,1371.314999,,,,128.66893860919112,36.57774320000912
1156,12000327000000037,의성군,HE0000145470,의성 빙산사지 오층석탑,의성 빙산사지 오층석탑(보물 제327호),12,0003270000000,ADDR470000,ADD1477300,16.75,,,,,16.806986,,,,128.75565116845263,36.23079887765815
1158,18000237000000037,의성군,HE0000147293,의성 소우당 고택,의성 소우당 고택(국가민속문화유산 제237호),18,0002370000000,ADDR470000,ADD1477300,4797.11,,,,,4791.402775,,,,128.70131758067495,36.245828543319796
1159,16000373000000037,의성군,HE0000147747,의성 제오리 공룡발자국 화석산지,의성 제오리 공룡발자국 화석산지(천연기념물 제373호),16,0003730000000,ADDR470000,ADD1477300,1658.88,,,,,1656.670468,,,,128.69662640661983,36.285129963291894
1160,11000077000000037,의성군,HE0000149074,의성 탑리리 오층석탑,의성 탑리리 오층석탑(국보 제77호),11,0000770000000,ADDR470000,ADD1477300,20.5,,,,,20.447273,,,,128.68382488135612,36.25520260778926
1069,16000339000000036,완도군,HE0000148326,완도 미라리 상록수림,완도 미라리 상록수림(천연기념물 제339호),16,0003390000000,ADDR460000,ADD1468900,26098.17,,,,,26079.82718,,,,126.66980088966295,34.144548725732015
1170,11000289000000035,익산시,HE0000145815,익산 왕궁리 오층석탑,익산 왕궁리 오층석탑(국보 제289호),11,0002890000000,ADDR520000,ADD1521400,24.06,,,,,24.034115,,,,127.05457842427808,35.97312980906528
891,18000179000000037,안동시,HE0000148049,안동 학암고택,안동 학암고택(국가민속문화유산 제179호),18,0001790000000,ADDR470000,ADD1471700,2445.03,,,,,2442.609712,,,,128.52221777721624,36.597491172596484
885,12000536000000034,아산시,HE0000146195,아산 평촌리 석조약사여래입상,아산 평촌리 석조약사여래입상(보물 제536호),12,0005360000000,ADDR440000,ADD1442000,0.7,,,,,0.69112,,,,127.00824596104324,36.74438269067609
886,13000234000000011,광진구,HE0000148506,아차산성,아차산성(사적 제234호),13,0002340000000,ADDR110000,ADD1112150,112789.33,,,,,112701.330275,,,,127.10641320737234,37.554752459796845
887,13000455000000011,광진구,HE0000145501,아차산 일대 보루군,아차산 일대 보루군(사적 제455호),13,0004550000000,ADDR110000,ADD1112150,986447.3,,,,,985670.92523,,,,127.09777725097658,37.58121741384519
1951,13000467000000031,경기도,,연천 호로고루,연천 호로고루(사적제467호),13,0004670000000,ADDR410000,ADD1418000,107258.0,,,,,,,,,126.85981584136987,37.985598800456316
978,15000022000000036,영광군,HE0000143895,영광 법성진 숲쟁이,영광 법성진 숲쟁이(명승 제22호),15,0000220000000,ADDR460000,ADD1468700,28375.59,,,,,28357.191598,,,,126.44071854204587,35.3640083824021
979,16000112000000036,영광군,HE0000148801,영광 불갑사 참식나무 자생북한지,영광 불갑사 참식나무 자생북한지(천연기념물 제112호),16,0001120000000,ADDR460000,ADD1468700,3066622.5,,,,,3064569.385971,,,,126.54630392275823,35.19906240700619
980,12000504000000036,영광군,HE0000145774,영광 신천리 삼층석탑,영광 신천리 삼층석탑(보물 제504호),12,0005040000000,ADDR460000,ADD1468700,4.75,,,,,4.767334,,,,126.52787777128555,35.252297357492715
895,18000204000000037,안동시,HE0000148210,안동 안동권씨 소등재사,안동 안동권씨 소등재사(국가민속문화유산 제204호),18,0002040000000,ADDR470000,ADD1471700,803.07,,,,,801.848619,,,,128.75488636585712,36.613636708665545
1068,16000340000000036,완도군,HE0000149159,완도 맹선리 상록수림,완도 맹선리 상록수림(천연기념물 제340호),16,0003400000000,ADDR460000,ADD1468900,9714.69,,,,,9708.067178,,,,126.63677266693043,34.15140509507574
1070,16000040000000036,완도군,HE0000149198,완도 예송리 상록수림,완도 예송리 상록수림(천연기념물 제40호),16,0000400000000,ADDR460000,ADD1468900,59483.67,,,,,59444.025738,,,,126.56340054029064,34.13973822959166
1072,16000028000000036,완도군,HE0000148960,완도 주도 상록수림,완도 주도 상록수림(천연기념물 제28호),16,0000280000000,ADDR460000,ADD1468900,16798.75,,,,,16786.921601,,,,126.756402760986,34.316825732514395
1073,12001243000000035,완주군,HE0000148870,완주 송광사 대웅전,완주 송광사 대웅전(보물 제1243호),12,0012430000000,ADDR520000,ADD1527100,385.38,,,,,384.88284,,,,127.2416985889868,35.885760224233145
1074,12001244000000035,완주군,HE0000149150,완주 송광사 종루,완주 송광사 종루(보물 제1244호),12,0012440000000,ADDR520000,ADD1527100,117.83,,,,,117.666673,,,,127.24197655029016,35.88537055943096
1161,13000327000000038,창원시,HE0000149107,창원 다호리 고분군,창원 다호리 고분군(사적 제327호),13,0003270000000,ADDR480000,ADD1481100,104677.85,,,,,104562.74399,,,,128.67114195059762,35.298844106024426
1162,13000159000000037,경주시,HE0000148972,경주 이견대,경주 이견대(사적 제159호),13,0001590000000,ADDR470000,ADD1471300,4116.97,,,,,4112.098602,,,,129.4838642799624,35.74431107584834
1163,13000423000000031,이천시,HE0000148657,이천 설봉산성,이천 설봉산성(사적 제423호),13,0004230000000,ADDR410000,ADD1415000,142226.89,,,,,142106.349083,,,,127.4156421219998,37.28446328553365
1164,13000112000000034,아산시,HE0000148618,아산 이충무공묘,아산 이충무공묘(사적 제112호),13,0001120000000,ADDR440000,ADD1442000,9604.0,,,,,9596.620923,,,,127.01174677122209,36.857191874804805
1165,13000497000000011,종로구,HE0000149206,서울 이화장,서울 이화장(사적 제497호),13,0004970000000,ADDR110000,ADD1111100,4856.43,,,,,4852.03839,,,,127.00648464191624,37.57805337131424
1166,12000046000000035,익산시,HE0000146066,익산 고도리 석조여래입상,익산 고도리 석조여래입상(보물 제46호),12,0000460000000,ADDR520000,ADD1521400,1.39,,,,,1.387842,,,,127.05078566123898,35.979418106628835
1167,13000150000000035,익산시,HE0000148767,익산 미륵사지,익산 미륵사지(사적 제150호),13,0001500000000,ADDR520000,ADD1521400,14387291.0,,,,,13186472.953028,,,,127.04608719671174,36.02704803480971
1169,12000045000000035,익산시,HE0000146065,익산 연동리 석조여래좌상,익산 연동리 석조여래좌상(보물 제45호),12,0000450000000,ADDR520000,ADD1521400,6.03,,,,,6.021269,,,,127.00760807880935,36.02987970013069
888,13000438000000011,종로구,HE0000145112,안국동 윤보선가,안국동 윤보선가(사적 제438호),13,0004380000000,ADDR110000,ADD1111100,4646.68,,,,,4643.307037,,,,126.98365329744658,37.57886119250617
889,12000100000000034,당진군,HE0000146435,당진 안국사지 석조여래삼존입상,당진 안국사지 석조여래삼존입상(보물 제100호),12,0001000000000,ADDR440000,ADD1448300,5.45,,,,,5.446002,,,,126.55745972636059,36.83201441842371
890,12000101000000034,당진군,HE0000146436,당진 안국사지 석탑,당진 안국사지 석탑(보물 제101호),12,0001010000000,ADDR440000,ADD1448300,3.21,,,,,3.181918,,,,126.55743148642583,36.83193388725497
892,16000252000000037,안동시,HE0000148771,안동 구리 측백나무 숲,안동 구리 측백나무 숲(천연기념물 제252호),16,0002520000000,ADDR470000,ADD1471700,10518.5,,,,,10507.423818,,,,128.67943211523408,36.50344454192134
894,18000183000000037,안동시,HE0000147689,안동 안동권씨 능동재사,안동 안동권씨 능동재사(국가민속문화유산 제183호),18,0001830000000,ADDR470000,ADD1471700,3858.41,,,,,3853.934424,,,,128.66080251195694,36.63224106489227
896,12000056000000037,안동시,HE0000144960,안동 운흥동 오층전탑,안동 운흥동 오층전탑(보물 제56호),12,0000560000000,ADDR470000,ADD1471700,13.31,,,,,13.303648,,,,128.7313915593822,36.56254567620686
982,16000389000000036,영광군,HE0000148429,영광 칠산도 괭이갈매기·노랑부리백로·저어새 번식지,영광 칠산도 괭이갈매기·노랑부리백로·저어새 번식지(천연기념물 제389호),16,0003890000000,ADDR460000,ADD1468700,9585357.0,,,,,9579473.340959,,,,126.27009528567648,35.31711968599792
983,12000535000000033,영동군,HE0000146194,영동 영국사 망탑봉 삼층석탑,영동 영국사 망탑봉 삼층석탑(보물 제535호),12,0005350000000,ADDR430000,ADD1437400,2.66,,,,,2.657313,,,,127.61314232207216,36.15709832117619
984,12000532000000033,영동군,HE0000146191,영동 영국사 승탑,영동 영국사 승탑(보물 제532호),12,0005320000000,ADDR430000,ADD1437400,0.8,,,,,0.79739,,,,127.6098477471178,36.156097042256995
985,12000533000000033,영동군,HE0000146192,영동 영국사 삼층석탑,영동 영국사 삼층석탑(보물 제533호),12,0005330000000,ADDR430000,ADD1437400,3.61,,,,,3.640819,,,,127.61071222734232,36.15833559264096
986,12000534000000033,영동군,HE0000146193,영동 영국사 원각국사비,영동 영국사 원각국사비(보물 제534호),12,0005340000000,ADDR430000,ADD1437400,7.28,,,,,7.274077,,,,127.60975661970399,36.156804684701974
1171,13000347000000035,익산시,HE0000148739,익산 입점리 고분,익산 입점리 고분(사적 제347호),13,0003470000000,ADDR520000,ADD1521400,77659.66,,,,,77602.415572,,,,126.87158237073336,36.046603378234195
1077,13000427000000034,부여군,HE0000146036,부여 왕흥사지,부여 왕흥사지(사적 제427호),13,0004270000000,ADDR440000,ADD1447600,553259.6,,,,,552849.748082,,,,126.90743430981381,36.29706480180564
1078,12000042000000035,남원시,HE0000146063,남원 용담사지 석조여래입상,남원 용담사지 석조여래입상(보물 제42호),12,0000420000000,ADDR520000,ADD1521900,5.94,,,,,5.906627,,,,127.41262879264619,35.410391565114125
1079,11000041000000033,청주시,HE0000148420,청주 용두사지 철당간,청주 용두사지 철당간(국보 제41호),11,0000410000000,ADDR430000,ADD1431100,2.33,,,,,2.351245,,,,127.4897542386732,36.63308886437082
1081,12000531000000031,양평군,HE0000146190,양평 용문사 정지국사탑 및 비,양평 용문사 정지국사탑 및 비(보물 제531호),12,0005310000000,ADDR410000,ADD1418300,3.1,,,,,3.10006,,,,127.57351564632893,37.55065435924874
1749,13000405000000035,,,익산 제석사지,익산 제석사지(사적 제405호),13,0004050000000,ADDR520000,ADD1521400,47881.0,,,,,,,,,127.06972314656063,35.97410011113584
1173,16000177000000035,익산시,HE0000147828,익산 천호동굴,익산 천호동굴(천연기념물 제177호),16,0001770000000,ADDR520000,ADD1521400,44955.66,,,,,44918.975156,,,,127.1211150254686,36.052484860265025
1175,12000428000000022,군위군,HE0000145534,군위 인각사 보각국사탑 및 비,군위 인각사 보각국사탑 및 비(보물 제428호),12,0004280000000,ADDR270000,ADD1277200,6.7,,,,,6.69564,,,,128.77967696114186,36.12746184634205
897,15000026000000037,안동시,HE0000144655,안동 백운정 및 개호송 숲 일원,안동 백운정 및 개호송 숲 일원(명승 제26호),15,0000260000000,ADDR470000,ADD1471700,245280.39,,,,,245003.655561,,,,128.85402515291804,36.528929106939984
898,12000305000000037,안동시,HE0000148206,안동 석빙고,안동 석빙고(보물 제305호),12,0003050000000,ADDR470000,ADD1471700,457.41,,,,,457.030901,,,,128.76266344668176,36.57510522645446
899,12000475000000037,안동시,HE0000146184,안동 소호헌,안동 소호헌(보물 제475호),12,0004750000000,ADDR470000,ADD1471700,155.56,,,,,155.437035,,,,128.66374286553273,36.463803944516926
900,18000203000000037,안동시,HE0000148209,안동 송소종택,안동 송소종택(국가민속문화유산 제203호),18,0002030000000,ADDR470000,ADD1471700,950.49,,,,,949.440696,,,,128.73654662229742,36.62336315370168
901,11000016000000037,안동시,HE0000146407,안동 법흥사지 칠층전탑,안동 법흥사지 칠층전탑(국보 제16호),11,0000160000000,ADDR470000,ADD1471700,40.69,,,,,40.728281,,,,128.74639460826157,36.565983001695855
903,12000306000000037,안동시,HE0000146903,안동 하회 양진당,안동 하회 양진당(보물 제306호),12,0003060000000,ADDR470000,ADD1471700,433.97,,,,,433.175456,,,,128.5166389774232,36.53901230897293
904,12000114000000037,안동시,HE0000146157,안동 평화동 삼층석탑,안동 평화동 삼층석탑(보물 제114호),12,0001140000000,ADDR470000,ADD1471700,7.63,,,,,7.634646,,,,128.71672340248134,36.56789083438536
906,12000115000000037,안동시,HE0000146619,안동 이천동 마애여래입상,안동 이천동 마애여래입상(보물 제115호),12,0001150000000,ADDR470000,ADD1471700,1.91,,,,,1.904155,,,,128.7052476120733,36.60655413945058
907,12000182000000037,안동시,HE0000147890,안동 임청각,안동 임청각(보물 제182호),12,0001820000000,ADDR470000,ADD1471700,727.92,,,,,727.737812,,,,128.74469987189931,36.56513841299153
908,12000057000000037,안동시,HE0000144961,안동 조탑리 오층전탑,안동 조탑리 오층전탑(보물 제57호),12,0000570000000,ADDR470000,ADD1471700,7.28,,,,,7.296753,,,,128.63539744221143,36.48204107191061
987,16000514000000037,영덕군,HE0000151709,영덕 도천리 도천숲,영덕 도천리 도천숲(천연기념물 제514호),16,0005140000000,ADDR470000,ADD1477700,19042.92,,,,,19018.778635,,,,129.3524765191339,36.306738308903356
988,18000168000000037,영덕군,HE0000147860,영덕 충효당 종택,영덕 충효당 종택(국가민속문화유산 제168호),18,0001680000000,ADDR470000,ADD1477700,2211.72,,,,,2209.236131,,,,129.3654477804933,36.55368067954682
989,18000260000000037,영덕군,HE0000149221,영덕 안동권씨 옥천재사,영덕 안동권씨 옥천재사(국가민속문화유산 제260호),18,0002600000000,ADDR470000,ADD1477700,2442.3,,,,,2440.33732,,,,129.3219518731948,36.59721872956671
991,18000142000000033,영동군,HE0000147938,영동 김참판댁,영동 김참판댁(국가민속문화유산 제142호),18,0001420000000,ADDR430000,ADD1437400,2073.55,,,,,2071.78856,,,,127.7546767457106,36.15300316289681
993,12001371000000033,영동군,HE0000145413,영동 반야사 삼층석탑,영동 반야사 삼층석탑(보물 제1371호),12,0013710000000,ADDR430000,ADD1437400,2.83,,,,,2.818627,,,,127.90884909240022,36.28032590952952
1083,12000372000000038,진주시,HE0000146463,진주 용암사지 승탑,진주 용암사지 승탑(보물 제372호),12,0003720000000,ADDR480000,ADD1481700,3.45,,,,,3.421274,,,,128.33015633336075,35.16283712348596
1084,12000539000000022,달성군,HE0000145601,달성 용연사 금강계단,달성 용연사 금강계단(보물 제539호),12,0005390000000,ADDR270000,ADD1277100,33.24,,,,,33.206731,,,,128.51879190488884,35.74938537540398
1940,13000207000000031,경기도,,남양주 홍릉과 유릉,남양주 홍릉과 유릉(사적제207호),13,0002070000000,ADDR410000,ADD1413600,1279454.0,,,,,,,,,127.2122615931691,37.63075206872077
1087,12000913000000037,경주시,HE0000148617,경주 남산 용장사지 마애여래좌상,경주 남산 용장사지 마애여래좌상(보물 제913호),12,0009130000000,ADDR470000,ADD1471300,9.0,,,,,8.997912,,,,129.22289536225588,35.78085606007774
1088,13000126000000036,진도군,HE0000147543,진도 용장성,진도 용장성(사적 제126호),13,0001260000000,ADDR460000,ADD1469000,535131.7,,,,,534798.713558,,,,126.33841995363117,34.525737193416475
1089,12000491000000038,양산시,HE0000146180,양산 용화사 석조여래좌상,양산 용화사 석조여래좌상(보물 제491호),12,0004910000000,ADDR480000,ADD1483300,1.7,,,,,1.710414,,,,128.97492877049987,35.31624694252012
1090,13000387000000034,공주시,HE0000148375,공주 우금치 전적,공주 우금치 전적(사적 제387호),13,0003870000000,ADDR440000,ADD1441500,742265.06,,,,,741688.66857,,,,127.10992636018048,36.43038970762922
1092,12000193000000037,청도군,HE0000148356,청도 운문사 금당 앞 석등,청도 운문사 금당 앞 석등(보물 제193호),12,0001930000000,ADDR470000,ADD1478200,0.87,,,,,0.852042,,,,128.95972249335156,35.66095053361623
1093,12000835000000037,청도군,HE0000148483,청도 운문사 대웅보전,청도 운문사 대웅보전(보물 제835호),12,0008350000000,ADDR470000,ADD1478200,446.75,,,,,446.572749,,,,128.95972546358968,35.66134340338353
1094,12000318000000037,청도군,HE0000145468,청도 운문사 석조사천왕상,청도 운문사 석조사천왕상(보물 제318호),12,0003180000000,ADDR470000,ADD1478200,0.31,,,,,0.31409,,,,128.96014633498075,35.661134665892995
1176,18000028000000011,종로구,HE0000147105,인왕산 국사당,인왕산 국사당(국가민속문화유산 제28호),18,0000280000000,ADDR110000,ADD1111100,110.22,,,,,110.184936,,,,126.95950706519567,37.578868289103276
1177,12001462000000011,은평구,HE0000144860,서울 인조별서 유기비,서울 인조별서 유기비(보물 제1462호),12,0014620000000,ADDR110000,ADD1113800,4.26,,,,,4.240459,,,,126.91661575769865,37.60872910270362
1178,13000211000000023,서구,HE0000147844,인천 경서동 녹청자 요지,인천 경서동 녹청자 요지(사적 제211호),13,0002110000000,ADDR280000,ADD1282600,6079.19,,,,,6075.781227,,,,126.66150324372524,37.56070404046274
1179,13000287000000023,중구,HE0000148691,인천 답동성당,인천 답동성당(사적 제287호),13,0002870000000,ADDR280000,ADD1281100,939.24,,,,,937.96898,,,,126.62989163687713,37.471081254292706
1180,16000387000000035,임실군,HE0000148464,임실 덕천리 가침박달 군락,임실 덕천리 가침박달 군락(천연기념물 제387호),16,0003870000000,ADDR520000,ADD1527500,7157.75,,,,,7152.209081,,,,127.27771382450057,35.67121545470589
1182,12000267000000035,임실군,HE0000148201,임실 진구사지 석등,임실 진구사지 석등(보물 제267호),12,0002670000000,ADDR520000,ADD1527500,8.42,,,,,8.41449,,,,127.21044616017318,35.63418027909331
911,15000069000000034,태안군,HE0000151714,안면도 꽃지 할미 할아비 바위,안면도 꽃지 할미 할아비 바위(명승 제69호),15,0000690000000,ADDR440000,ADD1448250,10408.47,,,,,10401.878483,,,,126.33107908503172,36.50153890403603
915,12001434000000035,완주군,HE0000142872,완주 안심사 금강계단,완주 안심사 금강계단(보물 제1434호),12,0014340000000,ADDR520000,ADD1527100,92.69,,,,,92.801896,,,,127.30353534449361,36.10890650153101
1102368,13000393000000034,충청남도,,논산 노성산성,논산 노성산성(사적제393호),13,0003930000000,ADDR440000,ADD1442300,90496.0,,,,,,,,,127.1239323496604,36.29502166064419
1102371,16000564000000034,충청남도,,부여 가림성 느티나무,부여 가림성 느티나무(천연기념물제564호),16,0005640000000,ADDR440000,ADD1447600,1920.0,,,,,,,,,126.90020842552548,36.19617682469076
1102395,15000129000000032,,HE0000153738,백운산 칠족령,백운산 칠족령(명승 제129호),15,0001290000000,ADDR510000,ADD1517600,,,,,,,,,,128.58195266880935,37.2701029548852
1730,15000043000000050,,,제주 서귀포 정방폭포,제주 서귀포 정방폭포(명승 제43호),15,0000430000000,ADDR500000,ADD1501300,301972.0,,,,,,,,,126.5750751462446,33.24456388318718
1731,13000526000000031,,,양주 대모산성,양주 대모산성(사적 제526호),13,0005260000000,ADDR410000,ADD1416300,57742.0,,,,,,,,,127.0106576639652,37.78679985736548
1742,13000121000000011,,,사직단,사직단(사적 제121호),13,0001210000000,ADDR110000,ADD1111100,43587.0,,,,,,,,,126.9677782537172,37.575708061209724
1743,15000087000000038,,,밀양 월연대 일원,밀양 월연대 일원(명승 제87호),15,0000870000000,ADDR480000,ADD1482700,72796.0,,,,,,,,,128.78052619820096,35.49887276646825
1713,15000103000000032,,,설악산 공룡능선,설악산 공룡능선(명승 제103호),15,0001030000000,ADDR510000,ADD1510001,1313080.0,,,,,,,,,128.44918262809196,38.148190465626286
1714,15000105000000037,,,청송 주산지 일원,청송 주산지 일원(명승 제105호),15,0001050000000,ADDR470000,ADD1477500,2417996.0,,,,,,,,,129.19702603648312,36.36182825102553
1715,15000106000000032,,,강릉 용연계곡 일원,강릉 용연계곡 일원(명승 제106호),15,0001060000000,ADDR510000,ADD1511500,9258692.0,,,,,,,,,128.74814576963982,37.769333014288485
1701,15000096000000032,,,설악산 토왕성폭포,설악산 토왕성폭포(명승 제96호),15,0000960000000,ADDR510000,ADD1512100,338740.0,,,,,,,,,128.49641234474174,38.15819646770297
1769,15000107000000024,광주광역시,,광주 환벽당 일원,광주 환벽당 일원(명승 제107호),15,0001070000000,ADDR290000,ADD1291700,26832.0,,,,,,,,,127.00312888656948,35.18577551588159
1770,15000109000000031,경기도,,남양주 운길산 수종사 일원,남양주 운길산 수종사 일원(명승 제109호),15,0001090000000,ADDR410000,ADD1413600,502980.67,,,,,,,,,127.29728073520175,37.572209875583134
1660,16000537000000031,포천시,HE0000148348,포천 한탄강 현무암 협곡과 비둘기낭폭포,포천 한탄강 현무암 협곡과 비둘기낭폭포(천연기념물 제537호),16,0005370000000,ADDR410000,ADD1416500,30538.48,,,,,30538.482993,,,,127.21749937901212,38.078827147083814
1661,16000539000000024,북구,HE0000148349,광주 충효동 왕버들 군,광주 충효동 왕버들 군(천연기념물 제539호),16,0005390000000,ADDR290000,ADD1291700,2467.14,,,,,2467.142203,,,,127.0009814854975,35.18471601320036
1687,13000524000000032,삼척시,HE0000148345,삼척 준경묘·영경묘,삼척 준경묘·영경묘(사적 제524호),13,0005240000000,ADDR510000,ADD1512300,64047.46,,,,,64047.461711,,,,129.06782905573627,37.37477862768651
1688,16000524000000038,창녕군,HE0000148346,창녕 우포늪 천연보호구역,창녕 우포늪 천연보호구역(천연기념물 제524호),16,0005240000000,ADDR480000,ADD1487400,3402468.62,,,,,3402468.615374,,,,128.41628297016032,35.557527307380774
1689,12001769000000011,종로구,HE0000148347,창덕궁 주합루,창덕궁 주합루(보물 제1769호),12,0017690000000,ADDR110000,ADD1111100,280.73,,,,,280.733492,,,,126.99268153853681,37.58207850016546
1744,18000197000000034,,,서천 이하복 고택,서천 이하복 고택(국가민속문화유산 제197호),18,0001970000000,ADDR440000,ADD1447700,3603.0,,,,,,,,,126.75920543248047,36.0810006313279
1747,16000547000000037,,,포항 뇌성산 뇌록산지,포항 뇌성산 뇌록산지(천연기념물 제547호),16,0005470000000,ADDR470000,ADD1471100,2841.0,,,,,,,,,129.51028259186523,35.933079478400806
1759,13000003000000031,,,수원 화성,수원 화성(사적 제3호),13,0000030000000,ADDR410000,ADD1411100,384665.0,,,,,,,,,127.01764942257522,37.283390355724976
1760,16000468000000037,경상북도,,포항 북송리 북천수,포항 북송리 북천수(천연기념물 제468호),16,0004680000000,ADDR470000,ADD1471100,191229.0,,,,,,,,,129.32272774549932,36.11683826142072
1794,15000110000000033,충청북도,,괴산 화양구곡,괴산 화양구곡(명승 제110호),15,0001100000000,ADDR430000,ADD1437600,30282.0,,,,,,,,,127.81415946285735,36.66855840255501
1802,13000529000000034,충청남도,,당진 솔뫼마을 김대건신부 유적,당진 솔뫼마을 김대건신부 유적(사적 제529호),13,0005290000000,ADDR440000,ADD1448300,13121.0,,,,,,,,,126.78557268919681,36.82013102653478
1807,12001825000000037,경상북도,,의성 만취당,의성 만취당(보물 제1825호),12,0018250000000,ADDR470000,ADD1477300,3547.0,,,,,,,,,128.76208162625878,36.42422066319822
1934,12001935000000037,경상북도,,경주 남산 용장계 지곡 제3사지 삼층석탑,경주 남산 용장계 지곡 제3사지 삼층석탑(보물 제1935호),12,0019350000000,ADDR470000,ADD1471300,5.88,,,,,,,,,129.23279885543846,35.77059303449668
1836,13000426000000032,강원도,,고성 문암리 유적,고성 문암리 유적(사적 제426호),13,0004260000000,ADDR510000,ADD1518200,66722.0,,,,,,,,,128.5443150773239,38.304942682557034
1863,13000437000000031,경기도,,파주 칠중성,파주 칠중성(사적 제437호),13,0004370000000,ADDR410000,ADD1414800,55223.0,,,,,,,,,126.91981679145643,37.96433398814947
1941,13000127000000036,전라남도,,진도 남도진성,진도 남도진성(사적제127호),13,0001270000000,ADDR460000,ADD1469000,41368.0,,,,,,,,,126.16383590223577,34.363659056213876
1837,16000517000000050,제주특별자치도,,제주 물장오리 오름,제주 물장오리 오름(천연기념물 제517호),16,0005170000000,ADDR500000,ADD1501100,53813.0,,,,,,,,,126.606496906549,33.408135115867566
1839,13000483000000036,전라남도,,나주목 관아와 향교,나주목 관아와 향교(사적 제483호),13,0004830000000,ADDR460000,ADD1461700,73799.0,,,,,,,,,126.71436194028338,35.03290391504526
1864,13000195000000031,경기도,,여주 영릉과 영릉,여주 영릉과 영릉(사적 제195호),13,0001950000000,ADDR410000,ADD1417300,2133134.0,,,,,,,,,127.60977671129203,37.31126830497088
1928,13000122000000011,서울특별시,,창덕궁,창덕궁(사적 제122호),13,0001220000000,ADDR110000,ADD1111100,542574.4,,,,,,,,,126.99071842089128,37.583460770166496
1967,13000541000000035,전라북도,,부안 죽막동 유적,부안 죽막동 유적(사적제541호),13,0005410000000,ADDR520000,ADD1528000,21284.0,,,,,,,,,126.46010110684263,35.63547832866969
1878,16000236000000050,제주특별자치도,,"제주 한림 용암동굴지대(소천굴, 황금굴, 협재굴)","제주 한림 용암동굴지대(소천굴, 황금굴, 협재굴)(천연기념물 제236호)",16,0002360000000,ADDR500000,ADD1501100,651740.0,,,,,,,,,126.2452239550162,33.37204080617364
1822,12001336000000032,시도선택,,고성 건봉사 능파교,고성 건봉사 능파교(보물 제1336호),12,0013360000000,ADDR510000,ADD1518200,36229.0,,,,,,,,,128.37837102928745,38.402587964735766
1924,13000537000000031,경기도,,파주 덕진산성,파주 덕진산성(사적 제537호),13,0005370000000,ADDR410000,ADD1414800,171775.0,,,,,,,,,126.77289663786681,37.915537690557464
1821,12001868000000037,시도선택,,포항 보경사 적광전,포항 보경사 적광전(보물 제1868호),12,0018680000000,ADDR470000,ADD1471100,61.56,,,,,,,,,129.3177950482051,36.25223557041461
1827,13000257000000011,서울특별시,,서울 운현궁,서울 운현궁(사적 제257호),13,0002570000000,ADDR110000,ADD1111100,16646.0,,,,,,,,,126.98751757474045,37.57603955738246
1828,13000371000000023,인천광역시,,강화 곤릉,강화 곤릉(사적 제371호),13,0003710000000,ADDR280000,ADD1287100,1572.0,,,,,,,,,126.46336344941592,37.66904617354947
1848,15000090000000050,제주특별자치도,,한라산 백록담,한라산 백록담(명승 제90호),15,0000900000000,ADDR500000,ADD1501300,210230.0,,,,,,,,,126.53218651863614,33.36111710515905
1849,15000091000000050,제주특별자치도,,한라산 선작지왓,한라산 선작지왓(명승 제91호),15,0000910000000,ADDR500000,ADD1501300,632485.0,,,,,,,,,126.51922302466467,33.35952014058651
1850,15000092000000050,제주특별자치도,,제주 방선문,제주 방선문(명승 제92호),15,0000920000000,ADDR500000,ADD1501100,15353.0,,,,,,,,,126.51798808942608,33.45197328534005
1851,15000104000000032,강원도,,설악산 내설악 만경대,설악산 내설악 만경대(명승 제104호),15,0001040000000,ADDR510000,ADD1518100,134640.0,,,,,,,,,128.42638143849896,38.14770681065471
1846,12001710000000031,경기도,,수원 서북공심돈,수원 서북공심돈(보물 제1710호),12,0017100000000,ADDR410000,ADD1411100,,,,,,,,,,127.00956803558466,37.28582718598837
1847,13000513000000036,전라남도,,나주 반남 고분군,나주 반남 고분군(사적 제513호),13,0005130000000,ADDR460000,ADD1461700,121397.0,,,,,,,,,126.65603461476506,34.91159171668414
1871,13000533000000037,경상북도,,경주 인왕동 사지,경주 인왕동 사지(사적 제533호),13,0005330000000,ADDR470000,ADD1471300,35282.0,,,,,,,,,129.2226433275989,35.82874803582082
1877,16000529000000032,강원도,,양양 오색리 오색약수,양양 오색리 오색약수(천연기념물 제529호),16,0005290000000,ADDR510000,ADD1518300,400.0,,,,,,,,,128.4460452600133,38.0782142299335
1884,13000154000000037,경상북도,,경주 옥산서원,경주 옥산서원(사적 제154호),13,0001540000000,ADDR470000,ADD1471300,95681.0,,,,,,,,,129.16280676560208,36.011406975660066
1885,13000260000000037,경상북도,,안동 병산서원,안동 병산서원(사적 제260호),13,0002600000000,ADDR470000,ADD1471700,27251.0,,,,,,,,,128.5526298686514,36.54060911785881
1867,12001723000000032,강원도,,양양 낙산사 해수관음공중사리탑·비 및 사리장엄구 일괄,양양 낙산사 해수관음공중사리탑·비 및 사리장엄구 일괄(보물 제1723호),12,0017230000000,ADDR510000,ADD1518300,241.0,,,,,,,,,128.62925708477147,38.12587546936591
1892,13000261000000038,,,김해 예안리 고분군,김해 예안리 고분군(사적 제261호),13,0002610000000,ADDR480000,ADD1482500,14411.0,,,,,,,,,128.9651497896223,35.23858768312109
1903,18000289000000025,대전광역시,,대전 동춘당 종택,대전 동춘당 종택(국가민속문화유산 제289호),18,0002890000000,ADDR300000,ADD1302300,7676.0,,,,,,,,,127.4413940104695,36.36511804392838
1931,13000343000000011,서울특별시,,서울 호암산성,서울 호암산성(사적 제343호),13,0003430000000,ADDR110000,ADD1115450,133790.0,,,,,,,,,126.92159422694239,37.444657252566365
1938,13000132000000023,인천광역시,,강화산성,강화산성(사적제132호),13,0001320000000,ADDR280000,ADD1287100,791738.0,,,,,,,,,126.48107196233087,37.747658385001415
1945,12001826000000038,경상남도,,양산 통도사 영산전,양산 통도사 영산전(보물제1826호),12,0018260000000,ADDR480000,ADD1483300,35841.1,,,,,,,,,129.0649389559917,35.488024748681774
1946,12001827000000038,경상남도,,양산 통도사 대광명전,양산 통도사 대광명전(보물제1827호),12,0018270000000,ADDR480000,ADD1483300,35841.1,,,,,,,,,129.06423971391533,35.48828252471935
1950,13000536000000031,경기도,,안성 도기동 산성,안성 도기동 산성(사적제536호),13,0005360000000,ADDR410000,ADD1415500,169475.0,,,,,,,,,127.25861294955044,36.999801956261614
1958,12001942000000031,경기도,,화성 용주사 대웅보전,화성 용주사 대웅보전(보물제1942호),12,0019420000000,ADDR410000,ADD1415900,25664.0,,,,,,,,,127.00496138928999,37.21244450051175
1966,18000291000000037,,,안동 진성이씨 종택,안동 진성이씨 종택(국가민속문화유산 제291호),18,0002910000000,ADDR470000,ADD1471700,2329.73,,,,,,,,,128.7414630002281,36.639684493996036
1879,18000138000000045,세종특별자치시,,세종 홍판서댁,세종 홍판서댁(국가민속문화유산 제138호),18,0001380000000,ADDR360000,ADD1361100,3261.0,,,,,,,,,127.36510140663339,36.53421426947784
1922,16000552000000050,제주특별자치도,,"거문오름 용암동굴계 상류동굴군(웃산전굴, 북오름굴, 대림굴)","거문오름 용암동굴계 상류동굴군(웃산전굴, 북오름굴, 대림굴)(천연기념물 제552호)",16,0005520000000,ADDR500000,ADD1501100,446189.0,,,,,,,,,126.74175375148812,33.48553613413982
1949,18000282000030037,경상북도,,사남고택,사남고택(국가민속문화유산 제282-3호),18,0002820000300,ADDR470000,ADD1477500,846.0,,,,,,,,,129.02163878087617,36.45828758085453
1858,13000532000000037,경상북도,,상주 옥동서원,상주 옥동서원(사적 제532호),13,0005320000000,ADDR470000,ADD1472500,4545.0,,,,,,,,,127.94152897846973,36.28997899420638
1874,12001896000000021,부산광역시,,부산 운수사 대웅전,부산 운수사 대웅전(보물 제1896호),12,0018960000000,ADDR260000,ADD1265300,4151.0,,,,,,,,,129.01268337193014,35.183563499547446
1824,12001850000000022,대구광역시,,대구 파계사 원통전,대구 파계사 원통전(보물 제1850호),12,0018500000000,ADDR270000,ADD1271400,157.2,,,,,,,,,128.64043188910514,36.00159542265207
1861,12001881000000011,서울특별시,,서울 창의문,서울 창의문(보물 제1881호),12,0018810000000,ADDR110000,ADD1111100,247.22,,,,,,,,,126.9665208399207,37.592590299134585
1970,13000067000000038,경상남도,,함안 성산산성,함안 성산산성(사적제67호),13,0000670000000,ADDR480000,ADD1487300,227821.0,,,,,,,,,128.41503548031937,35.257722388850546
1972,12001945000000037,경상북도,,구미 대둔사 대웅전,구미 대둔사 대웅전(보물제1945호),12,0019450000000,ADDR470000,ADD1471900,65.97,,,,,,,,,128.24189376213138,36.336025820370025
1974,12000071000000038,,HE0000146442,함안 대산리 석조삼존상,함안 대산리 석조삼존상(보물 제71호),12,0000710000000,ADDR480000,ADD1487300,2.42,,,,,,,,,128.42865036729714,35.25521479913238
1815,16000549000000032,강원도,,정선 용소동굴,정선 용소동굴(천연기념물 제549호),16,0005490000000,ADDR510000,ADD1517700,,,,,,,,,,128.8983600140706,37.24299433162241
1817,12001867000000037,시도선택,,경주 남산 창림사지 삼층석탑,경주 남산 창림사지 삼층석탑(보물 제1867호),12,0018670000000,ADDR470000,ADD1471300,20.49,,,,,,,,,129.21601938979606,35.81028065682475
1948,18000282000020037,경상북도,,서벽고택,서벽고택(국가민속문화유산 제282-2호),18,0002820000200,ADDR470000,ADD1477500,512.0,,,,,,,,,129.0221085765278,36.45843055505423
1887,13000166000000035,전라북도,,정읍 무성서원,정읍 무성서원(사적 제166호),13,0001660000000,ADDR520000,ADD1521800,8015.0,,,,,,,,,126.98371226042609,35.60187204507397
1889,13000383000000034,충청남도,,논산 돈암서원,논산 돈암서원(사적 제383호),13,0003830000000,ADDR440000,ADD1442300,64699.0,,,,,,,,,127.18049734657708,36.20912775816835
1944,11000233000010038,산청군,HE0000147266,산청 석남암사지 석조비로자나불좌상,산청 석남암사지 석조비로자나불좌상(국보 제233-1호),11,0002330000100,ADDR480000,ADD1488600,941.03,,,,,940.64486,,,,127.81002691586832,35.30029430126494
1965,18000292000000037,,,봉화 선성김씨 빈동재사,봉화 선성김씨 빈동재사(국가민속문화유산 제292호),18,0002920000000,ADDR470000,ADD1479200,565.0,,,,,,,,,128.65217386005892,36.879015011610356
1842,18000284000000037,경상북도,,안동 허백당 종택,안동 허백당 종택(국가민속문화유산 제284호),18,0002840000000,ADDR470000,ADD1471700,3160.0,,,,,,,,,128.52236928456526,36.59816446800255
1843,18000285000000037,경상북도,,예천 함양박씨 희이재사,예천 함양박씨 희이재사(국가민속문화유산 제285호),18,0002850000000,ADDR470000,ADD1479000,1445.0,,,,,,,,,128.3908429693461,36.7138997153685
1102208,11000332000000032,,HE0000145548,정선 정암사 수마노탑,정선 정암사 수마노탑(국보 제332호),11,0003320000000,ADDR510000,ADD1517700,8.81,,,,,,,,,128.8931587229031,37.182288654411096
1102353,16000062000000033,충청북도,,단양 영천리 측백나무 숲,단양 영천리 측백나무 숲(천연기념물제62호),16,0000620000000,ADDR430000,ADD1438000,,,,,,,,,,128.30249949942905,37.0631560918639
1102361,12002132000000022,대구광역시,,대구 동화사 극락전,대구 동화사 극락전(보물제2132호),12,0021320000000,ADDR270000,ADD1271400,180.7,,,,,,,,,128.70468009648204,35.9927297008737
2020,13000545000000035,전라북도,,구 군산세관 본관,구 군산세관 본관(사적제545호),13,0005450000000,ADDR520000,ADD1521300,7807.0,,,,,,,,,126.71127292882298,35.99107905934152
1978,12001524000000011,,HE0000153718,서울 이윤탁 한글영비,서울 이윤탁 한글영비(보물 제1524호),12,0015240000000,ADDR110000,ADD1113500,257.0,,,,,,,,,127.07679071406955,37.64542744134344
2023,18000296000000037,경상북도,,상주 우복 종택,상주 우복 종택(국가민속문화유산 제296호),18,0002960000000,ADDR470000,ADD1472500,19048.0,,,,,,,,,128.06168026397773,36.47586614311649
2013,12000110000000024,광주광역시,,광주 지산동 오층석탑,광주 지산동 오층석탑(보물제110호),12,0001100000000,ADDR290000,ADD1291100,594.0,,,,,,,,,126.93308356209708,35.14890886690506
2022,18000295000000037,경상북도,,안동 진성이씨 온혜파 종택,안동 진성이씨 온혜파 종택(국가민속문화유산 제295호),18,0002950000000,ADDR470000,ADD1471700,3715.5,,,,,,,,,128.8283430916381,36.74984675449677
2040,12002013000000031,경기도,,남양주 수종사 사리탑,남양주 수종사 사리탑(보물제2013호),12,0020130000000,ADDR410000,ADD1413600,,,,,,,,,,127.3024714219264,37.57115734838986
1997,13000249000000034,충청남도,,부여 송국리 유적,부여 송국리 유적(사적제249호),13,0002490000000,ADDR440000,ADD1447600,527414.0,,,,,,,,,127.03229701531896,36.26661840011418
2034,15000063000000034,충청남도,,부여 구드래 일원,부여 구드래 일원(명승제63호),15,0000630000000,ADDR440000,ADD1447600,215906267.0,,,,,,,,,126.9005267574168,36.2835285755958
1994,13000446000000032,강원도,,영월 정양산성,영월 정양산성(사적제446호),13,0004460000000,ADDR510000,ADD1517500,173814.0,,,,,,,,,128.5048677357495,37.15604623175945
2038,18000294000000037,경상북도,,영양 한양조씨 사월종택,영양 한양조씨 사월종택(국가민속문화유산 제294호),18,0002940000000,ADDR470000,ADD1477600,3514.0,,,,,,,,,129.14035684091263,36.66611320076293
2029,13000087000000035,전라북도,,익산 쌍릉,익산 쌍릉(사적제87호),13,0000870000000,ADDR520000,ADD1521400,246827.0,,,,,,,,,127.03193503191646,35.97974428148248
2031,13000425000000034,충청남도,,부여 화지산 유적,부여 화지산 유적(사적제425호),13,0004250000000,ADDR440000,ADD1447600,171879.0,,,,,,,,,126.91677532258727,36.271179896193786
2037,18000147000000033,충청북도,,괴산 송병일 고택,괴산 송병일 고택(국가민속문화유산 제147호),18,0001470000000,ADDR430000,ADD1437600,5815.0,,,,,,,,,127.73812888252624,36.66181094360732
1102280,13000202000000031,김포시,HE0000147835,김포 장릉,김포 장릉(사적 제202호),13,0002020000000,ADDR410000,ADD1415700,516651.2,,,,,,,,,126.71251106094468,37.61045815044262
1102384,12002120000000034,충청남도,,공주 갑사 대웅전,공주 갑사 대웅전(보물제2120호),12,0021200000000,ADDR440000,ADD1441500,293.9,,,,,,,,,127.18764538111465,36.36539237688687
1102396,13000562000000032,,HE0000153739,삼척도호부 관아지,삼척도호부 관아지(사적 제562호),13,0005620000000,ADDR510000,ADD1512300,,,,,,,,,,129.16131877649894,37.441051470982366
1102236,15000094000000031,,HE0000153704,포천 한탄강 멍우리 협곡,포천 한탄강 멍우리 협곡(명승 제94호),15,0000940000000,ADDR410000,ADD1416500,744559.0,,,,,,,,,127.2438946853678,38.098752075684146
1102198,18000032000020050,,,제주 당거리동네 말방아,제주 당거리동네 말방아(국가민속문화유산 제32-2호),18,0000320000002,ADDR500000,ADD1501100,69.0,,,,,,,,,126.36651667972455,33.47505693555018
1102243,13000366000000031,남양주시,HE0000148738,남양주 안빈묘,남양주 안빈묘(사적 제366호),13,0003660000000,ADDR410000,ADD1413600,1761.13,,,,,,,,,127.20707044016767,37.65114725017798
1102244,13000365000000031,남양주시,HE0000148281,남양주 성묘,남양주 성묘(사적 제365호),13,0003650000000,ADDR410000,ADD1413600,1917.63,,,,,,,,,127.21226825919437,37.65898427579981
1102245,16000153000000036,장성군,HE0000146938,장성 백양사 비자나무 숲,장성 백양사 비자나무 숲(천연기념물 제153호),16,0001530000000,ADDR460000,ADD1468800,710688.56,,,,,,,,,126.8806741867201,35.438335010438074
2009,13000140000000031,경기도,,오산 독산성과 세마대지,오산 독산성과 세마대지(사적제140호),13,0001400000000,ADDR410000,ADD1413700,75254.0,,,,,,,,,127.0192884232988,37.18281207243121
2059,13000413000000031,경기도,,시흥 방산동 청자와 백자 요지,시흥 방산동 청자와 백자 요지(사적제413호),13,0004130000000,ADDR410000,ADD1413900,4569.0,,,,,,,,,126.77409570803258,37.41459986212901
2051,12002021000000034,충청남도,,보령 성주사지 동 삼층석탑,보령 성주사지 동 삼층석탑(보물제2021호),12,0020210000000,ADDR440000,ADD1441800,4.1,,,,,,,,,126.65613284059319,36.34469883873076
1102160,12000068000000037,경상북도,,경주 황남동 효자 손시양 정려비,경주 황남동 효자 손시양 정려비(보물제68호),12,0000680000000,ADDR470000,ADD1471300,629.0,,,,,,,,,129.21098285808847,35.83626920221852
1102168,12002048000000037,경상북도,,봉화 한수정,봉화 한수정(보물제2048호),12,0020480000000,ADDR470000,ADD1479200,1868.0,,,,,,,,,128.9165157278742,36.93873949682253
1102162,18000262000000037,경상북도,,영주 괴헌고택,영주 괴헌고택(국가민속문화유산제262호),18,0002620000000,ADDR470000,ADD1472100,2030.0,,,,,,,,,128.68102941732695,36.73374588118163
1102167,12002051000000037,경상북도,,안동 체화정,안동 체화정(보물제2051호),12,0020510000000,ADDR470000,ADD1471700,5850.9,,,,,,,,,128.57823966517216,36.579042182505155
1102183,16000559000000037,경상북도,,상주 두곡리 뽕나무,상주 두곡리 뽕나무(천연기념물제559호),16,0005590000000,ADDR470000,ADD1472500,2585.0,,,,,,,,,128.07486206029841,36.569288113340086
1102190,18000122000000037,,,안동 하회마을,안동 하회마을(국가민속문화유산 제122호),18,0001220000000,ADDR470000,ADD1471700,,,,,,,,,,128.5277451968731,36.54384077444012
1102246,16000170000000036,신안군,HE0000147770,홍도 천연보호구역,홍도 천연보호구역(천연기념물 제170호),16,0001700000000,ADDR460000,ADD1469100,6585527.5,,,,,,,,,125.18679449100505,34.685935389196516
1981,15000009000000036,전라남도,,진도의바닷길,진도의바닷길(명승제9호),15,0000090000000,ADDR460000,ADD1469000,3854692.0,,,,,,,,,126.35509170634731,34.417708705106335
2032,15000114000000036,전라남도,,무등산 규봉 주상절리와 지공너덜,무등산 규봉 주상절리와 지공너덜(명승제114호),15,0001140000000,ADDR460000,ADD1467900,350000.0,,,,,,,,,127.01212208998172,35.119511613701434
2044,12001941000000033,충청북도,,청주 비중리 석조여래삼존상 및 석조여래입상,청주 비중리 석조여래삼존상 및 석조여래입상(보물제1941호),12,0019410000000,ADDR430000,ADD1431100,2626.0,,,,,,,,,127.57895043649884,36.716686561114656
1102330,12002119000000045,세종특별자치시,,세종 비암사 극락보전,세종 비암사 극락보전(보물제2119호),12,0021190000000,ADDR360000,ADD1361100,2388.4,,,,,,,,,127.19210255850776,36.61121504945275
1102369,16000563000000035,정읍시,HE0000153727,정읍 내장산 단풍나무,정읍 내장산 단풍나무(천연기념물 제563호),16,0005630000000,ADDR520000,ADD1521800,803.0,,,,,,,,,126.89959501145094,35.487838353238644
1102419,13000451000000031,,HE0000145362,화성 마하리 고분군,화성 마하리 고분군(사적 제451호),13,0004510000000,ADDR410000,ADD1415900,75533.52,,,,,,,,,126.94522027397191,37.180240904732216
1102432,13000120000000038,,HE0000147556,고성 내산리 고분군,고성 내산리 고분군(사적 제120호),13,0001200000000,ADDR480000,ADD1488200,180347.23,,,,,,,,,128.45397333083514,35.04746352301398
1102431,11000323000000034,,HE0000153754,논산 관촉사 석조미륵보살입상,논산 관촉사 석조미륵보살입상(국보 제323호),11,0003230000000,ADDR440000,ADD1442300,39.6,,,,,,,,,127.11273648170041,36.18825501860686
1102434,18000293000000037,,,봉화 서설당 고택,봉화 서설당 고택(국가민속문화유산 제293호),18,0002930000000,ADDR470000,ADD1479200,3345.0,,,,,,,,,128.75436079015157,36.90829957226781
1102449,12000510000000037,,HE0000145603,칠곡 기성리 삼층석탑,칠곡 기성리 삼층석탑(보물 제510호),12,0005100000000,ADDR470000,ADD1478500,2415.05,,,,,,,,,128.59448963425913,36.00140182292009
1984,16000490000000050,,HE0000143420,제주 선흘리 벵뒤굴,제주 선흘리 벵뒤굴(천연기념물 제490호),16,0004900000000,ADDR500000,ADD1501100,231593.27,,,,,,,,,126.71852678988024,33.473482058946345
1102455,13000155000000034,,,아산 이충무공 유허,아산 이충무공 유허(사적 제155호),13,0001550000000,ADDR440000,ADD1442000,587048.0,,,,,,,,,127.03279052310853,36.80857695602115
1102464,12002186000000032,,HE0000153773,영월 창절사,영월 창절사(보물 제2186호),12,0021860000000,ADDR510000,ADD1517500,,,,,,,,,,128.4655504286652,37.18799226978939
1102465,12002187000000033,,HE0000153774,영동 세천재,영동 세천재(보물 제2187호),12,0021870000000,ADDR430000,ADD1437400,,,,,,,,,,127.94236480440998,36.17923424256835
1102466,12002189000000036,,HE0000153775,강진 해남윤씨 추원당,강진 해남윤씨 추원당(보물 제2189호),12,0021890000000,ADDR460000,ADD1468100,,,,,,,,,,126.67948609066872,34.58830711889609
1102480,12002203000000036,,HE0000153787,구례 천은사 일주문,구례 천은사 일주문(보물 제2203호),12,0022030000000,ADDR460000,ADD1467300,,,,,,,,,,127.4762823265727,35.272003165138095
1102488,12000488000000031,,HE0000146177,안성 칠장사 혜소국사비,안성 칠장사 혜소국사비(보물 제488호),12,0004880000000,ADDR410000,ADD1415500,11200.04,,,,,,,,,127.39675539939086,37.02618643273808
1102237,15000093000000031,,,포천 화적연,포천 화적연(명승 제93호),15,0000930000000,ADDR410000,ADD1416500,213.0,,,,,,,,,127.26259250201002,38.11477951090286
1102238,13000403000000031,포천시,HE0000148373,포천 반월성,포천 반월성(사적 제403호),13,0004030000000,ADDR410000,ADD1416500,66016.16,,,,,,,,,127.21831252706158,37.89431977412261
1102239,13000402000000038,경상남도,,통영 삼도수군통제영,통영 삼도수군통제영(사적 제402호),13,0004020000000,ADDR480000,ADD1482200,46640.0,,,,,,,,,128.4233185664305,34.84816424846562
1102241,13000389000000031,파주시,HE0000148377,파주 가월리와 주월리 유적,파주 가월리와 주월리 유적(사적 제389호),13,0003890000000,ADDR410000,ADD1414800,42059.89,,,,,,,,,126.90221940226334,37.98080904334056
2025,13000351000000031,경기도,,파주 오두산성,파주 오두산성(사적제351호),13,0003510000000,ADDR410000,ADD1414800,463890.0,,,,,,,,,126.67747895396569,37.775145048515355
1102240,13000392000000036,여수시,HE0000148777,여수 선소유적,여수 선소유적(사적 제392호),13,0003920000000,ADDR460000,ADD1461300,18489.44,,,,,,,,,127.66363997485767,34.75530825769722
1102260,13000352000000031,하남시,HE0000148744,하남 동사지,하남 동사지(사적 제352호),13,0003520000000,ADDR410000,ADD1414500,44827.87,,,,,,,,,127.18608229914511,37.5175221036552
1102261,12000004000000031,안양시,HE0000145831,안양 중초사지 당간지주,안양 중초사지 당간지주(보물 제4호),12,0000040000000,ADDR410000,ADD1411700,5.38,,,,,,,,,126.9177187119738,37.41789808861859
1102262,12000058000000037,안동시,HE0000144962,안동 안기동 석조여래좌상,안동 안기동 석조여래좌상(보물 제58호),12,0000580000000,ADDR470000,ADD1471700,0.75,,,,,,,,,128.71778228597006,36.572288779735054
1102250,16000528000000038,밀양시,HE0000148345,밀양 만어산 암괴류,밀양 만어산 암괴류(천연기념물 제528호),16,0005280000000,ADDR480000,ADD1482700,118673.22,,,,,,,,,128.8436529725557,35.45203419883191
1102646,13000191000000031,,HE0000147472,고양 공양왕릉,고양 공양왕릉(사적 제191호),13,01910000,ADDR410000,ADD1410001,13015.5,,,,,,,,,126.83918475339514,37.680179599381574
1102281,13000193000000031,구리시,HE0000148338,구리 동구릉,구리 동구릉(사적 제193호),13,0001930000000,ADDR410000,ADD1413100,1975987.4,,,,,,,,,127.13302142124003,37.61896773480809
1102340,13000320000000026,울산광역시,,울산 경상좌도병영성,울산 경상좌도병영성(사적제320호),13,0003200000000,ADDR310000,ADD1311100,856.0,,,,,,,,,129.34589823227495,35.57549080490566
1102335,13000008000000037,경상북도,,경주 사천왕사지,경주 사천왕사지(사적제8호),13,0000080000000,ADDR470000,ADD1471300,40943.0,,,,,,,,,129.24287630611445,35.81966272178101
1102282,13000164000000038,진주시,HE0000148977,진주 평거동 고분군,진주 평거동 고분군(사적 제164호),13,0001640000000,ADDR480000,ADD1481700,46179.8,,,,,,,,,128.0535220747738,35.17703018980148
2061,12002035000000031,경기도,,수원 화령전 운한각·복도각·이안청,수원 화령전 운한각·복도각·이안청(보물제2035호),12,0020350000000,ADDR410000,ADD1411100,521.51,,,,,,,,,127.0124535394581,37.28336735237141
1102291,13000406000000036,장성군,HE0000148860,장성 황룡 전적,장성 황룡 전적(사적 제406호),13,0004060000000,ADDR460000,ADD1468800,21018.49,,,,,,,,,126.75495229786209,35.2956840717637
1102294,11000048000010032,,,평창 월정사 팔각 구층석탑,평창 월정사 팔각 구층석탑(국보 제48-1호),11,0000480000001,ADDR510000,ADD1517600,12096.0,,,,,,,,,128.59206783065625,37.73160325927811
1102460,12002194000000037,,HE0000153769,경주 (전)염불사지 동·서 삼층석탑,경주 (전)염불사지 동·서 삼층석탑(보물 제2194호),12,0021940000000,ADDR470000,ADD1471300,,,,,,,,,,129.2434307892681,35.78781734646285
1102468,12002191000000035,,HE0000153778,전주 조경묘 정묘,전주 조경묘 정묘(보물 제2191호),12,0021910000000,ADDR520000,ADD1521100,,,,,,,,,,127.14993491814342,35.81663742944504
2018,13000162000000031,,HE0000148975,북한산성,북한산성(사적 제162호),13,0001620000000,ADDR410000,ADD1412800,501183.4,,,,,,,,,126.97212778864072,37.64508260406248
1102461,12002193000000035,,HE0000153770,김제 내아,김제 내아(보물 제2193호),12,0021930000000,ADDR520000,ADD1522100,,,,,,,,,,126.88176704523192,35.80101326059588
1102462,12002188000000036,,HE0000153771,고흥 여산송씨 쌍충 정려각,고흥 여산송씨 쌍충 정려각(보물 제2188호),12,0021880000000,ADDR460000,ADD1467700,,,,,,,,,,127.29018891214474,34.78313254644788
1102467,12002190000000036,,HE0000153776,강진 해남윤씨 영모당,강진 해남윤씨 영모당(보물 제2190호),12,0021900000000,ADDR460000,ADD1468100,,,,,,,,,,126.70563236011098,34.57781361042582
1102469,12002192000000037,,HE0000153779,포항 상달암,포항 상달암(보물 제2192호),12,0021920000000,ADDR470000,ADD1471100,,,,,,,,,,129.2879699566558,36.03944136120008
1102484,16000360000000023,,HE0000148436,옹진 신도 노랑부리백로와 괭이갈매기 번식지,옹진 신도 노랑부리백로와 괭이갈매기 번식지(천연기념물 제360호),16,0003600000000,ADDR280000,ADD1287200,3615.94,,,,,,,,,126.04511836959624,37.507583562829566
1102495,13000568000050033,,HE0000153799,제2로 직봉 - 제천 오현 봉수 유적,제2로 직봉 - 제천 오현 봉수 유적(사적 제568-5호),13,0005680000005,ADDR430000,ADD1431500,3672.0,,,,,,,,,128.1465779797169,36.94243262047595
1996,13000058000000034,충청남도,,부여 나성,부여 나성(사적제58호),13,0000580000000,ADDR440000,ADD1447600,687612.3,,,,,,,,,126.92667930588406,36.28277854151255
2004,12001981000000032,강원도,,속초 신흥사 극락보전,속초 신흥사 극락보전(보물제1981호),12,0019810000000,ADDR510000,ADD1512100,315.0,,,,,,,,,128.48418219770167,38.17599648799246
2011,15000112000000036,전라남도,,화순 적벽,화순 적벽(명승제112호),15,0001120000000,ADDR460000,ADD1467900,242119.0,,,,,,,,,127.11000414773476,35.12542740318359
2015,16000554000000032,강원도,,강릉 현내리 고욤나무,강릉 현내리 고욤나무(천연기념물제554호),16,0005540000000,ADDR510000,ADD1511500,3802.0,,,,,,,,,129.0321733369303,37.607719935547685
1989,12001928000000037,경상북도,,경주 미탄사지 삼층석탑,경주 미탄사지 삼층석탑(보물제1928호),12,0019280000000,ADDR470000,ADD1471300,,,,,,,,,,129.23432556496667,35.83360088906971
1993,16000553000000034,충청남도,,서산 송곡서원 향나무,서산 송곡서원 향나무(천연기념물제553호),16,0005530000000,ADDR440000,ADD1442100,2975.0,,,,,,,,,126.41277199898947,36.72694884036133
2036,13000546000000021,부산광역시,,부산 임시수도 대통령관저,부산 임시수도 대통령관저(사적제546호),13,0005460000000,ADDR260000,ADD1261400,4774.2,,,,,,,,,129.0174078359102,35.103472435386074
1985,16000444000000050,,HE0000145036,제주 선흘리 거문오름,제주 선흘리 거문오름(천연기념물 제444호),16,0004440000000,ADDR500000,ADD1501100,620732.06,,,,,,,,,126.7200197988182,33.45949746892877
1987,16000466000000050,,HE0000144857,제주 용천동굴,제주 용천동굴(천연기념물 제466호),16,0004660000000,ADDR500000,ADD1501100,477285.84,,,,,,,,,126.78190134606072,33.554535233093574
2019,12001807000000036,전라남도,,해남 대흥사 천불전,해남 대흥사 천불전(보물제1807호),12,0018070000000,ADDR460000,ADD1468200,206.4,,,,,,,,,126.61670096027787,34.47665668244479
2027,12000824000000031,경기도,,안성 청룡사 대웅전,안성 청룡사 대웅전(보물제824호),12,0008240000000,ADDR410000,ADD1415500,6241.0,,,,,,,,,127.28906311167388,36.913561172764275
2056,12002024000000036,전라남도,,구례 천은사 극락보전,구례 천은사 극락보전(보물제2024호),12,0020240000000,ADDR460000,ADD1467300,201.0,,,,,,,,,127.476309541805,35.27389930350489
2046,18000297000000035,전라북도,,익산 김병순 고택,익산 김병순 고택(국가민속문화유산 제297호),18,0002970000000,ADDR520000,ADD1521400,5655.8,,,,,,,,,126.90947017970778,36.060998330265306
1102545,13000440000000011,,HE0000146417,서울 초안산 분묘군,서울 초안산 분묘군(사적 제440호),13,0004400000000,ADDR110000,ADD1113500,319236.25,,,,,,,,,127.04554900477248,37.63813324933544
1102553,13000515000000038,,,함안 말이산 고분군,함안 말이산 고분군(사적 제515호),13,0005150000000,ADDR480000,ADD1487300,,,,,,,,,,128.40114207917182,35.269547689833374
1102532,12002129000000035,,,무주 한풍루,무주 한풍루(보물 제2129호),12,0021290000000,ADDR520000,ADD1527300,155.0,,,,,,,,,127.66232265080622,36.00399365246044
1102266,12000227000000038,창녕군,HE0000149082,창녕 인양사 조성비,창녕 인양사 조성비(보물 제227호),12,0002270000000,ADDR480000,ADD1487400,24.22,,,,,,,,,128.49409949016652,35.543826253972696
1102267,12000298000000036,강진군,HE0000148298,강진 월남사지 삼층석탑,강진 월남사지 삼층석탑(보물 제298호),12,0002980000000,ADDR460000,ADD1468100,4.53,,,,,,,,,126.71169205926272,34.74254294863481
1102268,12000309000000035,정읍시,HE0000148080,정읍 천곡사지 칠층석탑,정읍 천곡사지 칠층석탑(보물제309호),12,0003090000000,ADDR520000,ADD1521800,5.5,,,,,,,,,126.82586664638772,35.61453051614644
1102521,13000568000130038,,HE0000153807,제2로 직봉 - 양산 위천 봉수 유적,제2로 직봉 - 양산 위천 봉수 유적(사적 제568-13호),13,0005680000013,ADDR480000,ADD1483300,4342.8,,,,,,,,,129.07579403930188,35.42053891993812
1102270,12000528000000033,제천시,HE0000146459,제천 청풍 한벽루,제천 청풍 한벽루(보물 제528호),12,0005280000000,ADDR430000,ADD1431500,167.0,,,,,,,,,128.17169541953132,37.00494919138414
1102271,12000538000000034,홍성군,HE0000146197,홍성 오관리 당간지주,홍성 오관리 당간지주(보물 제538호),12,0005380000000,ADDR440000,ADD1448000,3.22,,,,,,,,,126.66806242809106,36.603691563808525
1102589,13000311000000037,,HE0000148724,경주 남산 일원,경주 남산 일원(사적 제311호),13,0003110000000,ADDR470000,ADD1471300,25387164.0,,,,,,,,,129.22211719476638,35.78888245825929
1102591,12002255000000036,,HE0000153849,구례 화엄사 천왕문,구례 화엄사 천왕문(보물 제2255호),12,0022550000000,ADDR460000,ADD1467300,64.3,,,,,,,,,127.49744643778183,35.25630820237486
1102590,13000573000000011,,HE0000153848,탕춘대성,탕춘대성(사적 제573호),13,0005730000000,ADDR110000,ADD1111100,11055.0,,,,,,,,,126.95485706260465,37.60207075408944
1102229,13000454000000038,김해시,HE0000145284,김해 양동리 고분군,김해 양동리 고분군(사적 제454호),13,0004540000000,ADDR480000,ADD1482500,52457.57,,,,,,,,,128.81203730098056,35.22201182046378
1102272,12000823000000031,안성시,HE0000149143,안성 석남사 영산전,안성 석남사 영산전(보물 제823호),12,0008230000000,ADDR410000,ADD1415500,82.06,,,,,,,,,127.30677552945734,36.93989085286346
1102273,12001338000000033,옥천군,HE0000146378,옥천 용암사 동·서 삼층석탑,옥천 용암사 동·서 삼층석탑(보물 제1338호),12,0013380000000,ADDR430000,ADD1437300,3.56,,,,,,,,,127.56423828366904,36.25979385993907
1102274,12001771000000021,,,기장 장안사 대웅전,기장 장안사 대웅전(보물 제1771호),12,0017710000000,ADDR260000,ADD1267100,1.0,,,,,,,,,129.2328765472186,35.374880207033534
1102284,13000148000000031,파주시,HE0000148765,파주 덕은리 주거지와 지석묘군,파주 덕은리 주거지와 지석묘군(사적 제148호),13,0001480000000,ADDR410000,ADD1414800,13791.13,,,,,,,,,126.77913751735534,37.81484776559574
1102592,12002258000000037,,HE0000153850,김천 직지사 천왕문,김천 직지사 천왕문(보물 제2258호),12,0022580000000,ADDR470000,ADD1471500,63.0,,,,,,,,,128.00473738240268,36.11623497476935
1102593,12002252000000033,,HE0000153851,보은 법주사 천왕문,보은 법주사 천왕문(보물 제2252호),12,0022520000000,ADDR430000,ADD1437200,132.0,,,,,,,,,127.83296691030283,36.54175080837084
1102594,12002254000000036,,HE0000153852,순천 송광사 사천왕문,순천 송광사 사천왕문(보물 제2254호),12,0022540000000,ADDR460000,ADD1461500,135.0,,,,,,,,,127.2753167691214,35.00205585988972
1102595,12002253000000038,,HE0000153853,양산 통도사 천왕문,양산 통도사 천왕문(보물 제2253호),12,0022530000000,ADDR480000,ADD1483300,86.2,,,,,,,,,129.06527528994704,35.48778467036251
1102217,15000118000000011,서울특별시,,서울 성북동 별서,서울 성북동 별서(명승제118호),15,0001180000000,ADDR110000,ADD1112900,14407.0,,,,,,,,,126.99915563780583,37.59709530506298
1102296,16000561000000037,경상북도,,포항 흥해향교 이팝나무 군락,포항 흥해향교 이팝나무 군락(천연기념물제561호),16,0005610000000,ADDR470000,ADD1471100,17186.0,,,,,,,,,129.34381374820737,36.10992662583676
1102307,12002091000000031,경기도,,안성향교 대성전,안성향교 대성전(보물제2091호),12,0020910000000,ADDR410000,ADD1415500,1691.5,,,,,,,,,127.27652942066702,37.0141570509801
1102292,13000543000000035,전라북도,,정읍 은선리와 도계리 고분군,정읍 은선리와 도계리 고분군(사적제543호),13,0005430000000,ADDR520000,ADD1521800,129163.0,,,,,,,,,126.79743988232129,35.642955145911436
1102298,12002088000000032,강원도,,강릉향교 명륜당,강릉향교 명륜당(보물제2088호),12,0020880000000,ADDR510000,ADD1511500,5078.9,,,,,,,,,128.89512916830148,37.76329145172742
1102299,12002089000000032,강원도,,강릉향교 동무.서무.전랑,강릉향교 동무.서무.전랑(보물제2089호),12,0020890000000,ADDR510000,ADD1511500,5138.3,,,,,,,,,128.89523406274677,37.76351757586129
1102300,12000214000000032,강원도,,강릉향교 대성전,강릉향교 대성전(보물제214호),12,0002140000000,ADDR510000,ADD1511500,5624.0,,,,,,,,,128.89524779871996,37.76355245588049
1102306,12002090000000031,경기도,,수원향교 대성전,수원향교 대성전(보물제2090호),12,0020900000000,ADDR410000,ADD1411100,4398.5,,,,,,,,,127.01210494900877,37.27284871615169
1102414,15000122000000035,,,완주 위봉폭포 일원,완주 위봉폭포 일원(명승 제122호),15,0001220000000,ADDR520000,ADD1527100,109341.0,,,,,,,,,127.26056437183288,35.909919350262264
1102346,15000121000000036,전라남도,,고흥 지죽도 금강죽봉,고흥 지죽도 금강죽봉(명승제121호),15,0001210000000,ADDR460000,ADD1467700,213238.0,,,,,,,,,127.30782642233906,34.43250062406345
1102415,13000471000000035,,HE0000144879,완주 위봉산성,완주 위봉산성(사적 제471호),13,0004710000000,ADDR520000,ADD1527100,1742443.4,,,,,,,,,127.2569707471672,35.906785992698595
1102416,15000132000000037,,HE0000153750,영덕 옥계 침수정 일원,영덕 옥계 침수정 일원(명승 제132호),15,0001320000000,ADDR470000,ADD1477700,60109.0,,,,,,,,,129.2666280421169,36.33111145290782
1102572,13000244000000031,,HE0000147067,연천 경순왕릉,연천 경순왕릉(사적 제244호),13,0002440000000,ADDR410000,ADD1418000,11037.0,,,,,,,,,126.84279632288364,37.99088301539005
2062,12002036000000031,경기도,,안성 칠장사 대웅전,안성 칠장사 대웅전(보물제2036호),12,0020360000000,ADDR410000,ADD1415500,155.0,,,,,,,,,127.39751725783991,37.02659279181754
1102154,13000553000000032,강원도,,인제 한계산성,인제 한계산성(사적제553호),13,0005530000000,ADDR510000,ADD1518100,2101731.0,,,,,,,,,128.32233474369934,38.1249334457108
1102249,16000473000000037,안동시,HE0000144228,안동 하회마을 만송정 숲,안동 하회마을 만송정 숲(천연기념물 제473호),16,0004730000000,ADDR470000,ADD1471700,145270.45,,,,,,,,,128.5167367701474,36.5402009718137
1102163,12002046000000032,강원도,,강릉 경포대,강릉 경포대(보물제2046호),12,0020460000000,ADDR510000,ADD1511500,6651.3,,,,,,,,,128.89664476288576,37.79512184355922
2035,13000218000000037,경상북도,,경산 병영유적,경산 병영유적(사적제218호),13,0002180000000,ADDR470000,ADD1472900,41174.0,,,,,,,,,128.78523929094126,35.85512187467066
1102170,12002053000000022,대구광역시,,달성 하목정,달성 하목정(보물제2053호),12,0020530000000,ADDR270000,ADD1277100,3398.0,,,,,,,,,128.39804865620374,35.882226312727475
1102251,16000542000000031,,,포천 아우라지 베개용암,포천 아우라지 베개용암(천연기념물 제542호),16,0005420000000,ADDR410000,ADD1416500,146.0,,,,,,,,,127.11749867648238,38.039823872667164
1102252,18000019000000035,부안군,HE0000148595,부안 동문안 당산,부안 동문안 당산(국가민속문화유산제19호),18,0000190000000,ADDR520000,ADD1528000,0.52,,,,,,,,,126.73526369581255,35.735310516133175
1102254,18000201000000037,예천군,HE0000147004,예천 예천권씨 초간공파 종택,예천 예천권씨 초간공파 종택(국가민속문화유산 제201호),18,0002010000000,ADDR470000,ADD1479000,2810.85,,,,,,,,,128.39753674384076,36.69230068545327
1102255,18000252000000036,강진군,HE0000144063,강진 영랑 생가,강진 영랑 생가(국가민속문화유산 제252호),18,0002520000000,ADDR460000,ADD1468100,5328.39,,,,,,,,,126.76510244655577,34.642116950945706
1102256,18000255000000037,성주군,HE0000143409,성주 한개마을,성주 한개마을(국가민속문화유산 제255호),18,0002550000000,ADDR470000,ADD1478400,201379.94,,,,,,,,,128.32801823237094,35.92970401904676
1102257,11000147000000026,,HE0000146892,울주 천전리 명문과 암각화,울주 천전리 명문과 암각화(국보 제147호),11,0001470000000,ADDR310000,ADD1317100,140.17,,,,,,,,,129.17508299623083,35.614308527019126
1102583,12002250000000032,,HE0000153847,홍천 수타사 대적광전,홍천 수타사 대적광전(보물 제2250호),12,0022500000000,ADDR510000,ADD1517200,6360.0,,,,,,,,,127.95936414107601,37.69855296460582
1102581,15000138000000036,,HE0000153846,영광 불갑사 산지 일원,영광 불갑사 산지 일원(명승 제138호),15,0001380000000,ADDR460000,ADD1468700,3726402.0,,,,,,,,,126.54584704023412,35.19963835736389
1102428,16000570000000045,,HE0000153753,세종 임난수 은행나무,세종 임난수 은행나무(천연기념물 제570호),16,0005700000000,ADDR360000,ADD1361100,,,,,,,,,,127.2918083211252,36.504287912369904
1102427,16000569000000031,,HE0000153752,연천 임진강 두루미류 도래지(569),연천 임진강 두루미류 도래지(569)(천연기념물 제569호),16,0005690000000,ADDR410000,ADD1418000,1974929.0,,,,,,,,,126.98718803896566,38.11972832531587
1102430,12000077000000032,,HE0000146448,춘천 칠층석탑,춘천 칠층석탑(보물 제77호),12,0000770000000,ADDR510000,ADD1511100,597.49,,,,,,,,,127.72447971254587,37.88557109547769
1102279,13000205000000031,경기도,,파주 삼릉,파주 삼릉(사적제205호),13,0002050000000,ADDR410000,ADD1414800,1318078.4,,,,,,,,,126.83270922830123,37.74430977163823
1102424,16000227000000038,,HE0000148470,거제 연안 아비 도래지,거제 연안 아비 도래지(천연기념물 제227호),16,0002270000000,ADDR480000,ADD1483100,436605728.0,,,,,,,,,128.6622464425709,34.758337432562165
1102433,13000564000000037,,HE0000153755,경주 금강산 표암봉 일원(2022),경주 금강산 표암봉 일원(2022)(사적 제564호),13,0005640000000,ADDR470000,ADD1471300,423867.0,,,,,,,,,129.2328183369671,35.85507240870636
1102435,12002049000000037,,HE0000153756,청송 찬경루,청송 찬경루(보물 제2049호),12,0020490000000,ADDR470000,ADD1477500,,,,,,,,,,129.05549642412765,36.43313846796118
1102438,12002172000000037,,HE0000153758,경주 옥산서원 무변루,경주 옥산서원 무변루(보물 제2172호),12,0021720000000,ADDR470000,ADD1471300,64.0,,,,,,,,,129.16313515387947,36.01185799963379
1102601,13000539000000021,,,부산 연산동 고분군,부산 연산동 고분군(사적 제539호),13,0005390000000,ADDR260000,ADD1264700,66068.0,,,,,,,,,129.0916221608216,35.18633434394139
1102363,13000013000000034,충청남도,,공주 무령왕릉과 왕릉원,공주 무령왕릉과 왕릉원(사적 제13호),13,0000130000000,ADDR440000,ADD1441500,541524.4,,,,,,,,,127.11463644054798,36.4637509899521
1102382,13000158000000037,경상북도,,경주 문무대왕릉,경주 문무대왕릉(사적제158호),13,0001580000000,ADDR470000,ADD1471300,18395.1,,,,,,,,,129.48647369978903,35.73848170857785
1102606,12002266000000035,,HE0000153864,고창 문수사 대웅전,고창 문수사 대웅전(보물 제2266호),12,0022660000000,ADDR520000,ADD1527900,52.8,,,,,,,,,126.72628708243818,35.3807317438041
1102242,13000381000000036,전라남도,,여수 충민사,여수 충민사(사적 제381호),13,0003810000000,ADDR460000,ADD1461300,97412.0,,,,,,,,,127.7339170977886,34.75727771074968
1102247,16000256000000033,단양군,HE0000148775,단양 고수동굴,단양 고수동굴(천연기념물 제256호),16,0002560000000,ADDR430000,ADD1438000,59430.11,,,,,,,,,128.3824595122377,36.98963965033028
1102203,13000334000000034,충청남도,,공주 석장리 유적,공주 석장리 유적(사적제334호),13,0003340000000,ADDR440000,ADD1441500,90438.0,,,,,,,,,127.19007969237913,36.44660310942431
1102248,16000465000000024,동구,HE0000143728,무등산 주상절리대,무등산 주상절리대(천연기념물 제465호),16,0004650000000,ADDR290000,ADD1291100,111549.84,,,,,,,,,127.00279539654919,35.11876207426525
1102350,13000004000000034,충청남도,,부여 가림성,부여 가림성(사적제4호),13,0000040000000,ADDR440000,ADD1447600,,,,,,,,,,126.89858398664802,36.19827467971071
1102336,13000163000000037,경상북도,,경주 낭산 일원,경주 낭산 일원(사적제163호),13,0001630000000,ADDR470000,ADD1471300,882434.0,,,,,,,,,129.24220319945698,35.82772159045002
1102386,12002143000000037,,HE0000153730,경주 분황사 당간지주,경주 분황사 당간지주(보물 제2143호),12,0021430000000,ADDR470000,ADD1471300,3.0,,,,,,,,,129.23323760587067,35.83995836777044
1102351,18000026000000035,전라북도,,정읍 김명관 고택,정읍 김명관 고택(국가민속문화유산제26호),18,0000260000000,ADDR520000,ADD1521800,18440.0,,,,,,,,,127.01993266417544,35.6163164419584
2008,12001995000000032,강원도,,평창 오대산 중대 적멸보궁,평창 오대산 중대 적멸보궁(보물제1995호),12,0019950000000,ADDR510000,ADD1517600,2336.0,,,,,,,,,128.55605968687638,37.78999350187222
2005,15000113000000035,전라북도,,군산 선유도 망주봉 일원,군산 선유도 망주봉 일원(명승제113호),15,0001130000000,ADDR520000,ADD1521300,,,,,,,,,,126.41519791739712,35.82171360946645
1102210,16000439000000050,,HE0000144986,제주 비양도 호니토,제주 비양도 호니토(천연기념물 제439호),16,0004390000000,ADDR500000,ADD1501100,1323.6,,,,,,,,,126.22720893281983,33.41211033117251
2017,12001370000000033,충청북도,,괴산 각연사 통일대사탑,괴산 각연사 통일대사탑(보물제1370호),12,0013700000000,ADDR430000,ADD1437600,3075.0,,,,,,,,,127.92824997692371,36.74696253998778
2028,12001828000000011,서울특별시,,서울 보타사 마애보살좌상,서울 보타사 마애보살좌상(보물제1828호),12,0018280000000,ADDR110000,ADD1112900,627.0,,,,,,,,,127.03106226671026,37.59111884405402
2042,13000391000000035,전라북도,,고창 죽림리 지석묘군,고창 죽림리 지석묘군(사적제391호),13,0003910000000,ADDR520000,ADD1527900,1011220.0,,,,,,,,,126.65116064813961,35.448153790696914
2043,13000547000000038,경상남도,,창녕 계성 고분군,창녕 계성 고분군(사적제547호),13,0005470000000,ADDR480000,ADD1487400,232840.0,,,,,,,,,128.5083390522753,35.47967943827315
1102209,12002068000000037,,HE0000153721,안동 봉황사 대웅전,안동 봉황사 대웅전(보물 제2068호),12,0020680000000,ADDR470000,ADD1471700,,,,,,,,,,128.93266322729923,36.54665434235808
1102212,12002069000000037,경상북도,,영양 현리 오층모전석탑,영양 현리 오층모전석탑(보물제2069호),12,0020690000000,ADDR470000,ADD1477600,1513.0,,,,,,,,,129.1141518726089,36.65047785022133
1102458,15000133000000038,,HE0000153768,지리산 쌍계사와 불일폭포 일원,지리산 쌍계사와 불일폭포 일원(명승 제133호),15,0001330000000,ADDR480000,ADD1488500,2712644.0,,,,,,,,,127.65039637698808,35.234334507896556
1102456,16000573000000038,,HE0000153766,창원 북부리 팽나무,창원 북부리 팽나무(천연기념물 제573호),16,0005730000000,ADDR480000,ADD1481100,7251.0,,,,,,,,,128.72745057057065,35.349027095355005
1102349,13000481000000034,충청남도,,부여 홍산현 관아,부여 홍산현 관아(사적제481호),13,0004810000000,ADDR440000,ADD1447600,,,,,,,,,,126.75527915681302,36.21514723999181
1102457,12002121000000037,,HE0000153767,의성 대곡사 범종루,의성 대곡사 범종루(보물 제2121호),12,0021210000000,ADDR470000,ADD1477300,,,,,,,,,,128.37761019093173,36.49017597438832
1102471,13000565000000032,,HE0000153781,삼척 흥전리 사지,삼척 흥전리 사지(사적 제565호),13,0005650000000,ADDR510000,ADD1512300,27938.0,,,,,,,,,129.01667948375396,37.22182362991607
1102485,13000567000000035,,HE0000153794,임진왜란 웅치 전적,임진왜란 웅치 전적(사적 제567호),13,0005670000000,ADDR520000,ADD1527100,232329.0,,,,,,,,,127.29559934020497,35.80945303365943
1102169,12002052000000037,경상북도,,경주 귀래정,경주 귀래정(보물제2052호),12,0020520000000,ADDR470000,ADD1471300,1008.0,,,,,,,,,129.246135749981,36.04893340518897
1102153,13000552000000035,전라북도,,장수 동촌리 고분군,장수 동촌리 고분군(사적제552호),13,0005520000000,ADDR520000,ADD1527400,213894.0,,,,,,,,,127.52789416532389,35.644512780081484
1102156,12002037000000036,전라남도,,나주 금성관,나주 금성관(보물제2037호),12,0020370000000,ADDR460000,ADD1461700,682.76,,,,,,,,,126.71647892680984,35.03329378766464
1102157,13000550000000011,서울특별시,,만해 한용운 심우장,만해 한용운 심우장(사적제550호),13,0005500000000,ADDR110000,ADD1112900,386.4,,,,,,,,,126.99173101971185,37.59354341006435
1102354,13000124000000011,서울특별시,,덕수궁,덕수궁(사적제124호),13,0001240000000,ADDR110000,ADD1111400,91037.2,,,,,,,,,126.97377843208862,37.567021034019106
1102356,12002130000000031,경기도,,양주 회암사지 사리탑,양주 회암사지 사리탑(보물제2130호),12,0021300000000,ADDR410000,ADD1416300,144.0,,,,,,,,,127.10667934469434,37.846123552493715
1102373,12000364000000036,,HE0000153728,나주 서성문 안 석등,나주 서성문 안 석등(보물 제364호),12,0003640000000,ADDR460000,ADD1461700,,,,,,,,,,126.98269580743185,37.52349770941113
1102374,16000565000000038,경상남도,,사천 선전리 백악기 나뭇가지 피복체 산지,사천 선전리 백악기 나뭇가지 피복체 산지(천연기념물제565호),16,0005650000000,ADDR480000,ADD1482400,400.0,,,,,,,,,127.98984754013203,34.98395231383107
1102380,16000566000000038,경상남도,,진주 정촌면 백악기 공룡·익룡발자국 화석산지,진주 정촌면 백악기 공룡·익룡발자국 화석산지(천연기념물제566호),16,0005660000000,ADDR480000,ADD1481700,17500.0,,,,,,,,,128.10536019015797,35.11204047867985
1102258,13000364000000031,구리시,HE0000148280,구리 명빈묘,구리 명빈묘(사적 제364호),13,0003640000000,ADDR410000,ADD1413100,8816.52,,,,,,,,,127.11604978803757,37.570661292328055
1102259,13000359000000031,경기도,,파주 수길원,파주 수길원(사적 제359호),13,0003590000000,ADDR410000,ADD1414800,320503.0,,,,,,,,,126.9026629665433,37.77646237969816
1102359,18000127000000031,경기도,,이천 어재연 고택,이천 어재연 고택(국가민속문화유산제127호),18,0001270000000,ADDR410000,ADD1415000,2892.0,,,,,,,,,127.56028252349054,37.04522497204768
1102362,12002133000000022,대구광역시,,대구 동화사 수마제전,대구 동화사 수마제전(보물제2133호),12,0021330000000,ADDR270000,ADD1271400,60.8,,,,,,,,,128.70481558075556,35.992985858939115
1102263,12000093000000031,파주시,HE0000145179,파주 용미리 마애이불입상,파주 용미리 마애이불입상(보물제93호),12,0000930000000,ADDR410000,ADD1414800,68.77,,,,,,,,,126.86454187605757,37.75417376845354
1102264,12000099000000034,천안시,HE0000146434,천안 천흥사지 당간지주,천안 천흥사지 당간지주(보물 제99호),12,0000990000000,ADDR440000,ADD1441300,10.34,,,,,,,,,127.2136338702569,36.8722074389386
1102265,12000192000000032,강릉시,HE0000148355,강릉 보현사 낭원대사탑비,강릉 보현사 낭원대사탑비(보물 제192호),12,0001920000000,ADDR510000,ADD1511500,0.91,,,,,,,,,128.7696167988717,37.736733703429515
1102482,12002201000000036,,HE0000153785,순천 선암사 일주문,순천 선암사 일주문(보물 제2201호),12,0022010000000,ADDR460000,ADD1461500,,,,,,,,,,127.33157539825937,34.99600985742019
1102204,13000474000000034,충청남도,,공주 정지산 유적,공주 정지산 유적(사적제474호),13,0004740000000,ADDR440000,ADD1441500,42393.0,,,,,,,,,127.11756103490899,36.469226023478825
2026,12000553000000037,경상북도,,안동 예안이씨 충효당,안동 예안이씨 충효당(보물제553호),12,0005530000000,ADDR470000,ADD1471700,3529.0,,,,,,,,,128.58032740668554,36.5743128621104
1102225,13000560000000034,충청남도,,태안 안흥진성,태안 안흥진성(사적제560호),13,0005600000000,ADDR440000,ADD1448250,286453.0,,,,,,,,,126.15771225782996,36.68165909559107
1102312,12002096000000037,경상북도,,상주향교 대성전.동무.서무,상주향교 대성전.동무.서무(보물제2096호),12,0020960000000,ADDR470000,ADD1472500,8099.0,,,,,,,,,128.1574017987192,36.40668678231069
1102325,15000059000000036,전라남도,,해남 달마산 미황사 일원,해남 달마산 미황사 일원(명승제59호),15,0000590000000,ADDR460000,ADD1468200,4162930.0,,,,,,,,,126.56778375583244,34.3551723674584
1102341,13000002000000038,경상남도,,김해 봉황동 유적,김해 봉황동 유적(사적제2호),13,0000020000000,ADDR480000,ADD1482500,133201.0,,,,,,,,,128.87707841433425,35.230827171075944
1102334,13000043000000037,,HE0000146908,경주 금척리 고분군,경주 금척리 고분군(사적 제43호),13,0000430000000,ADDR470000,ADD1471300,144842.27,,,,,,,,,129.1215611278156,35.83279175727981
1102422,13000538000000022,,,대구 경상감영지,대구 경상감영지(사적 제538호),13,0005380000000,ADDR270000,ADD1271100,14678.7,,,,,,,,,128.59210463157615,35.87197498700475
1102443,12002178000000037,,HE0000153760,영천 인종대왕 태실,영천 인종대왕 태실(보물 제2178호),12,0021780000000,ADDR470000,ADD1472300,,,,,,,,,,128.77686624541386,35.99725852133444
1102426,13000563000000035,,HE0000153751,고창 무장기포지,고창 무장기포지(사적 제563호),13,0005630000000,ADDR520000,ADD1527900,7390.0,,,,,,,,,126.49564118253558,35.40418589581461
1102364,13000408000000035,전라북도,,익산 왕궁리 유적,익산 왕궁리 유적(사적제408호),13,0004080000000,ADDR520000,ADD1521400,929791.0,,,,,,,,,127.05543314815537,35.973562928703736
1102470,18000301000000037,,HE0000153780,영덕 괴시마을,영덕 괴시마을(국가민속문화유산 제301호),18,0003010000000,ADDR470000,ADD1477700,,,,,,,,,,129.41819081803953,36.542351777340485
1999,13000420000000034,충청남도,,부여 능안골 고분군,부여 능안골 고분군(사적제420호),13,0004200000000,ADDR440000,ADD1447600,194226.0,,,,,,,,,126.96736712285123,36.27347393856546
1102253,18000123000000031,수원시,HE0000144013,수원 광주이씨 고택,수원 광주이씨 고택(국가민속문화유산 제123호),18,0001230000000,ADDR410000,ADD1411100,1045.45,,,,,,,,,126.99736865729561,37.30977395601415
1983,16000405000000037,경상북도,,의성 사촌리 가로숲,의성 사촌리 가로숲(천연기념물제405호),16,0004050000000,ADDR470000,ADD1477300,61383.0,,,,,,,,,128.75965379213636,36.42550382860885
2048,13000012000000034,충청남도,,공주 공산성,공주 공산성(사적제12호),13,0000120000000,ADDR440000,ADD1441500,132730.2,,,,,,,,,127.12789998190584,36.46088122534913
1102221,13000559000000038,경상남도,,거창 거열산성,거창 거열산성(사적제559호),13,0005590000000,ADDR480000,ADD1488800,68746.0,,,,,,,,,127.87938074096807,35.70148950363248
1102275,13000065000000038,창녕군,HE0000147763,창녕 목마산성,창녕 목마산성(사적 제65호),13,0000650000000,ADDR480000,ADD1487400,19022.31,,,,,,,,,128.51229094244852,35.544712754577425
1102276,13000066000000038,경상남도,,김해 분산성,김해 분산성(사적 제66호),13,0000660000000,ADDR480000,ADD1482500,53191.0,,,,,,,,,128.8917916554475,35.24521415143756
1102277,13000274000000036,신안군,HE0000148627,신안 해저유물 매장해역,신안 해저유물 매장해역(사적 제274호),13,0002740000000,ADDR460000,ADD1469100,12508688.0,,,,,,,,,126.09044652559977,35.02220035312466
1102278,13000223000000031,연천군,HE0000148495,연천 숭의전지,연천 숭의전지(사적 제223호),13,0002230000000,ADDR410000,ADD1418000,17343.19,,,,,,,,,126.97274658734143,38.02354172513294
1102287,13000090000000034,예산군,HE0000147244,예산 임존성,예산 임존성(사적 제90호),13,0000900000000,ADDR440000,ADD1448100,570739.06,,,,,,,,,126.7756891053891,36.59226192577134
1102288,13000075000000038,김해시,HE0000147114,김해 구산동 고분군,김해 구산동 고분군(사적 제75호),13,0000750000000,ADDR480000,ADD1482500,1708.33,,,,,,,,,128.87899619501346,35.24454270414758
1102289,13000074000000038,김해시,HE0000147113,김해 수로왕비릉,김해 수로왕비릉(사적 제74호),13,0000740000000,ADDR480000,ADD1482500,45333.31,,,,,,,,,128.87765232394634,35.24438450270079
1102290,13000073000000038,김해시,HE0000147112,김해 수로왕릉,김해 수로왕릉(사적 제73호),13,0000730000000,ADDR480000,ADD1482500,61634.94,,,,,,,,,128.87859726498684,35.23460712583658
1102321,12002107000000033,충청북도,,옥천 이지당,옥천 이지당(보물제2107호),12,0021070000000,ADDR430000,ADD1437300,1600.0,,,,,,,,,127.55588571596125,36.32952885267119
1102474,15000134000000036,,HE0000153783,여수 금오산 향일암 일원,여수 금오산 향일암 일원(명승 제134호),15,0001340000000,ADDR460000,ADD1461300,196713.0,,,,,,,,,127.80166142612313,34.5920416798701
1102439,15000120000000026,,,울주 반구천 일원,울주 반구천 일원(명승 제120호),15,0001200000000,ADDR310000,ADD1317100,684300.0,,,,,,,,,129.17501522211845,35.60841069909482
1102436,13000479000000031,,HE0000142611,북한산성 행궁지,북한산성 행궁지(사적 제479호),13,0004790000000,ADDR410000,ADD1412800,11375.66,,,,,,,,,126.9773086436286,37.640554839652026
1102624,18000309000000037,,HE0000153876,영주 만죽재 고택 및 유물 일괄,영주 만죽재 고택 및 유물 일괄(국가민속문화유산 제309호),18,0003090000000,ADDR470000,ADD1472100,1659.0,,,,,,,,,128.62167668823105,36.731402798817776
1102322,18000298000000037,경상북도,,봉화 오고당 고택,봉화 오고당 고택(국가민속문화유산제298호),18,0002980000000,ADDR470000,ADD1479200,1443.84,,,,,,,,,128.8106514042882,36.86590103911928
1102447,16000572000000011,,HE0000153762,청와대 노거수 군,청와대 노거수 군(천연기념물 제572호),16,0005720000000,ADDR110000,ADD1111100,6984.0,,,,,,,,,126.9771706563283,37.58527137026338
1102627,12000801000000034,,HE0000148398,공주 마곡사 대웅보전,공주 마곡사 대웅보전(보물 제801호),12,0008010000000,ADDR440000,ADD1441500,313.65,,,,,,,,,127.01213197624482,36.5594435350622
1102493,13000568000030033,,HE0000153797,제2로 직봉 - 단양 소이산 봉수 유적,제2로 직봉 - 단양 소이산 봉수 유적(사적 제568-3호),13,0005680000300,ADDR430000,ADD1438000,2967.0,,,,,,,,,128.30842327736158,36.93056311045059
1102626,12000800000000034,,HE0000148397,공주 마곡사 영산전,공주 마곡사 영산전(보물 제800호),12,0008000000000,ADDR440000,ADD1441500,244.45,,,,,,,,,127.01175491628635,36.55779679221479
1102628,12000802000000034,,HE0000148399,공주 마곡사 대광보전,공주 마곡사 대광보전(보물 제802호),12,0008020000000,ADDR440000,ADD1441500,377.48,,,,,,,,,127.01213535350632,36.55918210950491
1102629,11000348000000034,,HE0000153877,공주 마곡사 오층석탑,공주 마곡사 오층석탑(국보 제348호),11,0003480000000,ADDR440000,ADD1441500,5.4,,,,,,,,,127.01210558198183,36.55904254142012
1102639,16000162000000050,,HE0000147174,제주 도순리 녹나무 자생지,제주 도순리 녹나무 자생지(천연기념물 제162호),16,0001620000000,ADDR500000,ADD1501300,406756.94,,,,,,,,,126.47885004726196,33.25165200457828
1102171,12002054000000036,전라남도,,영암 영보정,영암 영보정(보물제2054호),12,0020540000000,ADDR460000,ADD1468300,3388.0,,,,,,,,,126.73218947245189,34.82958593751062
1102197,18000032000010050,,,제주 잣동네 말방아,제주 잣동네 말방아(국가민속문화유산 제32-1호),18,0000320000001,ADDR500000,ADD1501100,68.0,,,,,,,,,126.35102266609763,33.45649175607673
1102202,13000556000000023,인천광역시,,인천 계양산성,인천 계양산성(사적제556호),13,0005560000000,ADDR280000,ADD1282450,104470.0,,,,,,,,,126.72729301276694,37.55033998036985
1102316,12002102000000037,경상북도,,구미 금오서원 정학당,구미 금오서원 정학당(보물제2102호),12,0021020000000,ADDR470000,ADD1471900,,,,,,,,,,128.33865420458523,36.22769194894184
1102317,12002103000000037,경상북도,,구미 금오서원 상현묘,구미 금오서원 상현묘(보물제2103호),12,0021030000000,ADDR470000,ADD1471900,5361.6,,,,,,,,,128.3385675230089,36.22782909562453
1102319,12002105000000037,경상북도,,안동 도산서원 도산서당,안동 도산서원 도산서당(보물제2105호),12,0021050000000,ADDR470000,ADD1471700,28.9,,,,,,,,,128.84361396865725,36.7270160339125
1102333,13000460000000034,,HE0000145190,공주 수촌리 고분군,공주 수촌리 고분군(사적 제460호),13,0004600000000,ADDR440000,ADD1441500,179711.28,,,,,,,,,127.13594375888074,36.519228314818925
1102392,15000130000000038,,HE0000153735,창녕 남지 개비리,창녕 남지 개비리(명승 제130호),15,0001300000000,ADDR480000,ADD1487400,,,,,,,,,,128.4313752318411,35.40717678910484
1102393,15000128000000036,,HE0000153736,삼남대로 누릿재,삼남대로 누릿재(명승 제128호),15,0001280000000,ADDR460000,ADD1468100,,,,,,,,,,126.72712221774962,34.76286653653109
1102394,15000127000000036,,HE0000153737,삼남대로 갈재,삼남대로 갈재(명승 제127호),15,0001270000000,ADDR460000,ADD1468800,,,,,,,,,,126.79948482915256,35.46661416544448
1102200,13000324000000011,서울특별시,,서울 구 서대문형무소,서울 구 서대문형무소(사적제324호),13,0003240000000,ADDR110000,ADD1114100,41312.0,,,,,,,,,126.95574479029192,37.57410877599109
1102509,13000569000000032,,HE0000153809,고성 건봉사지,고성 건봉사지(사적 제569호),13,0005690000000,ADDR510000,ADD1518200,68879.0,,,,,,,,,128.37975369453338,38.4022175396223
1102305,12002098000000037,경상북도,,경주향교 동무.서무.신삼문,경주향교 동무.서무.신삼문(보물제2098호),12,0020980000000,ADDR470000,ADD1471300,10420.9,,,,,,,,,129.21707232049044,35.83101048000477
1102498,13000568000080037,,HE0000153802,제2로 직봉 - 안동 봉지산 봉수 유적,제2로 직봉 - 안동 봉지산 봉수 유적(사적 제568-8호),13,0005680000008,ADDR470000,ADD1471700,2913.0,,,,,,,,,128.7054477418081,36.538557404980224
1102525,12002220000000036,,HE0000153810,강진 백련사 대웅보전,강진 백련사 대웅보전(보물 제2220호),12,0022200000000,ADDR460000,ADD1468100,233.4,,,,,,,,,126.74785350703081,34.58794508411355
1102520,13000568000040033,,HE0000153798,제2로 직봉 - 음성 망이성 봉수 유적,제2로 직봉 - 음성 망이성 봉수 유적(사적 제568-4호),13,0005680000004,ADDR430000,ADD1437700,3148.0,,,,,,,,,127.48984539583726,37.0518727862906
1102556,13000572000150031,,HE0000153837,제5로 직봉 - 평택 괴태곶 봉수 유적,제5로 직봉 - 평택 괴태곶 봉수 유적(사적 제572-15호),13,0005720000015,ADDR410000,ADD1412200,1535.0,,,,,,,,,126.80962124085971,37.005117210465556
2002,12001648000000037,경상북도,,예천 명봉사 경청선원자적선사능운탑비,예천 명봉사 경청선원자적선사능운탑비(보물 제1648호),12,0016480000000,ADDR470000,ADD1479000,,,,,,,,,,128.3772485612537,36.77798622524923
1102557,13000572000160023,,HE0000153838,제5로 직봉 - 강화 망산 봉수 유적,제5로 직봉 - 강화 망산 봉수 유적(사적 제572-16호),13,0005720000016,ADDR280000,ADD1287100,1437.0,,,,,,,,,126.3755787837863,37.712323607898384
1102563,13000572000060036,,HE0000153828,제5로 직봉 - 해남 달마산 봉수 유적,제5로 직봉 - 해남 달마산 봉수 유적(사적 제572-6호),13,0005720000006,ADDR460000,ADD1468200,3029.0,,,,,,,,,126.58512311043992,34.38243544460661
1102564,13000572000070036,,HE0000153829,제5로 직봉 - 해남 관두산 봉수 유적,제5로 직봉 - 해남 관두산 봉수 유적(사적 제572-7호),13,0005720000007,ADDR460000,ADD1468200,1414.0,,,,,,,,,126.46563213016165,34.474465629244335
1102569,13000572000010036,,HE0000153823,제5로 직봉 - 여수 돌산도 봉수 유적,제5로 직봉 - 여수 돌산도 봉수 유적(사적 제572-1호),13,0005720000001,ADDR460000,ADD1461300,1589.0,,,,,,,,,127.7501071113853,34.65238522272436
1102577,15000137000000038,,HE0000153843,창녕 관룡산 관룡사 일원,창녕 관룡산 관룡사 일원(명승 제137호),15,0001370000000,ADDR480000,ADD1487400,858989.0,,,,,,,,,128.55370262743227,35.53291979495407
1102602,13000574000000038,,HE0000153858,고성 동외동 유적,고성 동외동 유적(사적 제574호),13,0005740000000,ADDR480000,ADD1488200,3066.0,,,,,,,,,128.3281229874503,34.9735050571335
1102603,13000575000000031,,HE0000153859,안성 봉업사지,안성 봉업사지(사적 제575호),13,0005750000000,ADDR410000,ADD1415500,66274.0,,,,,,,,,127.43015909262908,37.07854679475681
1102642,16000476000000037,,HE0000148349,영양 주사골 시무나무와 비술나무 숲,영양 주사골 시무나무와 비술나무 숲(천연기념물 제476호),16,0004760000000,ADDR470000,ADD1477600,24493.97,,,,,,,,,129.15939576158306,36.57536965936355
1102231,13000499000000038,경상남도,,함양 남계서원,함양 남계서원(사적 제499호),13,0004990000000,ADDR480000,ADD1488700,41218.0,,,,,,,,,127.78340181844824,35.54884765300906
1102390,15000126000000035,,HE0000153733,고창 병바위 일원,고창 병바위 일원(명승 제126호),15,0001260000000,ADDR520000,ADD1527900,,,,,,,,,,126.60645121751452,35.4855323009186
1102472,13000566000000036,,HE0000153782,담양 응용리와 태목리 유적,담양 응용리와 태목리 유적(사적 제566호),13,0005660000000,ADDR460000,ADD1467100,103394.0,,,,,,,,,126.89265279643638,35.253222035513296
1102596,12002256000000036,,HE0000153854,영광 불갑사 천왕문,영광 불갑사 천왕문(보물 제2256호),12,0022560000000,ADDR460000,ADD1468700,146.4,,,,,,,,,126.54937378281288,35.20066390363228
1102230,13000478000000031,수원시,HE0000142610,수원 화성행궁,수원 화성행궁(사적 제478호),13,0004780000000,ADDR410000,ADD1411100,37636.71,,,,,,,,,127.01389763697416,37.282152064067425
1102597,12002251000000035,,HE0000153855,완주 송광사 금강문,완주 송광사 금강문(보물 제2251호),12,0022510000000,ADDR520000,ADD1527100,43.0,,,,,,,,,127.24255668217066,35.885017839740826
1102598,12002257000000037,,HE0000153856,포항 보경사 천왕문,포항 보경사 천왕문(보물 제2257호),12,0022570000000,ADDR470000,ADD1471100,42.8,,,,,,,,,129.31782559891235,36.25201035055299
1102599,12002259000000034,,HE0000153857,서산 문수사 극락보전,서산 문수사 극락보전(보물 제2259호),12,0022590000000,ADDR440000,ADD1442100,191.6,,,,,,,,,126.58978172849301,36.778865153115
1102232,15000042000000033,충주시,HE0000146490,충주 탄금대,충주 탄금대(명승 제42호),15,0000420000000,ADDR430000,ADD1431300,278500.88,,,,,,,,,127.90029319423837,36.98770716034446
1102233,15000049000000033,충주시,HE0000146793,충주 계립령로 하늘재,충주 계립령로 하늘재(명승 제49호),15,0000490000000,ADDR430000,ADD1431300,428938.03,,,,,,,,,128.09933315388062,36.819456685353046
1102234,15000052000000037,구미시,HE0000146695,구미 채미정,구미 채미정(명승 제52호),15,0000520000000,ADDR470000,ADD1471900,54903.22,,,,,,,,,128.31320313051637,36.11210337264712
1102235,13000429000000038,김해시,HE0000146395,김해 구지봉,김해 구지봉(사적 제429호),13,0004290000000,ADDR480000,ADD1482500,45179.98,,,,,,,,,128.87591451460128,35.24338721969117
1102176,13000500000000031,경기도,,용인 보정동 고분군,용인 보정동 고분군(사적제500호),13,0005000000000,ADDR410000,ADD1414600,19190.0,,,,,,,,,127.09771982265094,37.29595818966098
1102315,12002101000000036,전라남도,,순천향교 대성전,순천향교 대성전(보물제2101호),12,0021010000000,ADDR460000,ADD1461500,,,,,,,,,,127.47905828417157,34.95437190181308
1102644,13000011000000011,,,서울 풍납동 토성,서울 풍납동 토성(사적 제11호),13,0000110000000,ADDR110000,ADD1117100,414291.2,,,,,,,,,127.11680603873504,37.535170761336026
1102530,13000570000000022,,HE0000153811,대구 팔거산성,대구 팔거산성(사적 제570호),13,0005700000000,ADDR270000,ADD1272300,50370.0,,,,,,,,,128.56930907542943,35.92526746291373
1102634,12001532000000031,,HE0000153878,여주 효종 영릉재실,여주 효종 영릉재실(보물 제1532호),12,0015320000000,ADDR410000,,1765.0,,,,,,,,,127.61026703392722,37.3111253010191
1102635,11000349000000036,,HE0000153879,곡성 태안사 적인선사탑,곡성 태안사 적인선사탑(국보 제349호),11,0003490000000,ADDR460000,ADD1467200,3.0,,,,,,,,,127.38815632378532,35.13194205967334
1102531,13000316000000034,,HE0000148840,서산 보원사지,서산 보원사지(사적 제316호),13,0003160000000,ADDR440000,ADD1442100,103222.91,,,,,,,,,126.60248534881825,36.7614718275923
1102588,13000341000000038,,HE0000148718,김해 대성동 고분군,김해 대성동 고분군(사적 제341호),13,0003410000000,ADDR480000,ADD1482500,56684.9,,,,,,,,,128.87404506704996,35.237934347516095
1102614,13000576000000026,,HE0000153869,울산 개운포 경상좌수영성,울산 개운포 경상좌수영성(사적 제576호),13,0005760000000,ADDR310000,ADD1311400,34564.7,,,,,,,,,129.3414314673809,35.477770450484876
1102313,12002099000000036,전라남도,,담양 창평향교 대성전,담양 창평향교 대성전(보물제2099호),12,0020990000000,ADDR460000,ADD1467100,3413.1,,,,,,,,,126.98452396037422,35.216828603230354
1102314,12002100000000036,전라남도,,담양 창평향교 명륜당,담양 창평향교 명륜당(보물제2100호),12,0021000000000,ADDR460000,ADD1467100,3396.5,,,,,,,,,126.98433839488591,35.21671483677086
1102158,13000373000000034,충청남도,,부여 정암리 와요지,부여 정암리 와요지(사적제373호),13,0003730000000,ADDR440000,ADD1447600,79073.6,,,,,,,,,126.9196394178547,36.24429930881892
1102454,12002078000000037,,,의성 고운사 연수전,의성 고운사 연수전(보물 제2078호),12,0020780000000,ADDR470000,ADD1477300,78.8,,,,,,,,,128.75028153110281,36.458689824291795
1102161,15000074000000032,강원도,,대관령 옛길,대관령 옛길(명승제74호),15,0000740000000,ADDR510000,ADD1511500,519156.0,,,,,,,,,128.7857698668555,37.70415489734063
1102647,13000577000000036,,HE0000153882,영암 시종 고분군(577),영암 시종 고분군(577)(사적 제577호),13,05770000,ADDR460000,ADD1468300,13065.0,,,,,,,,,126.60233404645209,34.876444995626194
1102580,16000578000000032,,HE0000153845,영월 분덕재동굴,영월 분덕재동굴(천연기념물 제578호),16,0005780000000,ADDR510000,ADD1517500,,,,,,,,,,128.46249061464562,37.224834799469846
1102378,13000047000000037,경상북도,,경주 명활성,경주 명활성(사적제47호),13,0000470000000,ADDR470000,ADD1471300,1021639.0,,,,,,,,,129.26339201585154,35.83984325255254
1102379,13000246000000037,경상북도,,경주 재매정,경주 재매정(사적제246호),13,0002460000000,ADDR470000,ADD1471300,9129.0,,,,,,,,,129.21309488968583,35.82901140839519
1102483,18000304000000037,,HE0000153793,영덕 무안박씨 희암재사,영덕 무안박씨 희암재사(국가민속문화유산 제304호),18,0003040000000,ADDR470000,ADD1477700,3604.9,,,,,,,,,129.28651617125374,36.653164008077724
1102185,16000179000000021,부산광역시,,낙동강 하류 철새 도래지,낙동강 하류 철새 도래지(천연기념물제179호),16,0001790000000,ADDR260000,ADD1264400,87279741.0,,,,,,,,,128.91725286725372,35.15041561596078
1982,13000542000000035,전라북도,,남원 유곡리와 두락리 고분군,남원 유곡리와 두락리 고분군(사적제542호),13,0005420000000,ADDR520000,ADD1521900,98225.0,,,,,,,,,127.62179386728909,35.50781251065606
1102159,11000328000000037,경상북도,,예천 용문사 대장전과 윤장대,예천 용문사 대장전과 윤장대(국보제328호),11,0003280000000,ADDR470000,ADD1479000,14196.0,,,,,,,,,128.3696959006147,36.73151143008406
1102199,13000465000000011,서울특별시,,서울 경교장,서울 경교장(사적제465호),13,0004650000000,ADDR110000,ADD1111100,856.67,,,,,,,,,126.96804932791721,37.56828794818582
1986,16000098000000050,제주특별자치도,,제주 김녕굴과 만장굴,제주 김녕굴과 만장굴(천연기념물 제98호),16,0000980000000,ADDR500000,ADD1501100,1376776.0,,,,,,,,,126.7693587192524,33.53243688280507
1102193,13000108000000038,,HE0000147303,산청 목면시배 유지,산청 목면시배 유지(사적 제108호),13,0001080000000,ADDR480000,ADD1488600,433.44,,,,,,,,,127.9581038412314,35.28933605910329
1102222,16000394000000036,전라남도,,해남 우항리 공룡·익룡·새발자국 화석산지,해남 우항리 공룡·익룡·새발자국 화석산지(천연기념물 제394호),16,0003940000000,ADDR460000,ADD1468200,1228439.2,,,,,,,,,126.43264853040391,34.59206029205484
1102348,15000123000000035,전라북도,,부안 우금바위 일원,부안 우금바위 일원(명승제123호),15,0001230000000,ADDR520000,ADD1528000,907398.0,,,,,,,,,126.6480013926331,35.662639216516055
1102524,11000307000000034,,HE0000145020,태안 동문리 마애삼존불입상,태안 동문리 마애삼존불입상(국보 제307호),11,0003070000000,ADDR440000,ADD1448250,29.63,,,,,,,,,126.29898779851995,36.76709157906209
1102561,13000572000080036,,HE0000153830,제5로 직봉 - 진도 첨찰산 봉수 유적,제5로 직봉 - 진도 첨찰산 봉수 유적(사적 제572-8호),13,0005720000008,ADDR460000,ADD1469000,1829.0,,,,,,,,,126.32208156936363,34.47530794065525
1102562,13000572000090036,,HE0000153831,제5로 직봉 - 무안 고림산 봉수 유적,제5로 직봉 - 무안 고림산 봉수 유적(사적 제572-9호),13,0005720000009,ADDR460000,ADD1468400,551.0,,,,,,,,,126.39546353298512,34.94362617633311
1102220,13000558000000011,서울특별시,,의정부지,의정부지(사적제558호),13,0005580000000,ADDR110000,ADD1111100,11300.0,,,,,,,,,126.97803552574302,37.57498584865847
1102567,13000572000050036,,HE0000153827,제5로 직봉 - 해남 좌곡산 봉수 유적,제5로 직봉 - 해남 좌곡산 봉수 유적(사적 제572-5호),13,0005720000005,ADDR460000,ADD1468200,1514.0,,,,,,,,,126.705515322362,34.44475542891445
1102309,12002094000000038,경상남도,,밀양향교 대성전,밀양향교 대성전(보물제2094호),12,0020940000000,ADDR480000,ADD1482700,5936.3,,,,,,,,,128.75420941224712,35.50669456257079
1102310,12002095000000038,경상남도,,밀양향교 명륜당,밀양향교 명륜당(보물제2095호),12,0020950000000,ADDR480000,ADD1482700,6053.1,,,,,,,,,128.754564254828,35.50661824598759
1102573,15000136000000036,,HE0000153839,곡성 함허정 일원,곡성 함허정 일원(명승 제136호),15,0001360000000,ADDR460000,ADD1467200,25244.0,,,,,,,,,127.21985702729297,35.32163077976236
1980,16000445000000038,경상남도,,하동 송림,하동 송림(천연기념물 제445호),16,0004450000000,ADDR480000,ADD1488500,72205.0,,,,,,,,,127.74405691654123,35.06283110913025
2063,13000551000000035,전라북도,,진안 도통리 청자요지,진안 도통리 청자요지(사적제551호),13,0005510000000,ADDR520000,ADD1527200,3691.0,,,,,,,,,127.34465206207668,35.71557009937607
1102329,13000298000000035,전라북도,,남원읍성,남원읍성(사적제298호),13,0002980000000,ADDR520000,ADD1521900,33427.0,,,,,,,,,127.37948005171656,35.41398001301706
1102218,13000557000000023,인천광역시,,인천 팔미도 등대,인천 팔미도 등대(사적제557호),13,0005570000000,ADDR280000,ADD1281100,992.0,,,,,,,,,126.51082761085536,37.358272954601155
1102407,13000307000000034,,HE0000148263,보령 성주사지,보령 성주사지(사적 제307호),13,0003070000000,ADDR440000,ADD1441800,29743.81,,,,,,,,,126.65579574153993,36.34462541948094
1102397,13000144000000031,,HE0000148649,고양 벽제관지,고양 벽제관지(사적 제144호),13,0001440000000,ADDR410000,ADD1412800,4244.17,,,,,,,,,126.9002839549868,37.70424306830157
1102308,12002092000000031,경기도,,안성향교 풍화루,안성향교 풍화루(보물제2092호),12,0020920000000,ADDR410000,ADD1415500,1684.3,,,,,,,,,127.27637409276689,37.013761712166406
1102413,15000131000000031,,HE0000153749,관동대로 구질현,관동대로 구질현(명승 제131호),15,0001310000000,ADDR410000,ADD1418300,52402.0,,,,,,,,,127.69547633065964,37.433752097121314
1102487,12000983000000031,,HE0000148577,안성 봉업사지 석조여래입상,안성 봉업사지 석조여래입상(보물 제983호),12,0009830000000,ADDR410000,ADD1415500,6.94,,,,,,,,,127.39755471502102,37.026721251897705
1102442,18000303000000037,,HE0000153759,상주 수암종택,상주 수암종택(국가민속문화유산 제303호),18,0003030000000,ADDR470000,ADD1472500,,,,,,,,,,128.31682185476174,36.40288169379579
1102450,16000530000000032,,HE0000148343,홍천 광원리 삼봉약수,홍천 광원리 삼봉약수(천연기념물 제530호),16,0005300000000,ADDR510000,ADD1517200,179.69,,,,,,,,,128.464171750511,37.86532491057693
1102497,13000568000070037,,HE0000153801,제2로 직봉 - 경주 접포현 봉수 유적,제2로 직봉 - 경주 접포현 봉수 유적(사적 제568-7호),13,0005680000007,ADDR470000,ADD1471300,3663.0,,,,,,,,,129.14855429935213,35.82762557190849
1102189,13000555000000037,,HE0000153720,의성 금성면 고분군,의성 금성면 고분군(사적 제555호),13,0005550000000,ADDR470000,ADD1477300,,,,,,,,,,128.68012424211906,36.27268093213079
1102412,15000028000000032,,HE0000144800,삼척 죽서루와 오십천,삼척 죽서루와 오십천(명승 제28호),15,0000280000000,ADDR510000,ADD1512300,37319.11,,,,,,,,,129.15926769982107,37.44074382421191
1102607,12002267000000037,,HE0000153865,의성 고운사 가운루,의성 고운사 가운루(보물 제2267호),12,0022670000000,ADDR470000,ADD1477300,232.4,,,,,,,,,128.7497770851634,36.45819575805584
1102585,12002185000000031,,HE0000153772,남한산성 숭렬전,남한산성 숭렬전(보물 제2185호),12,0021850000000,ADDR410000,ADD1416100,,,,,,,,,,127.18024273448302,37.481460413951325
1102610,13000079000000037,,HE0000147149,고령 지산동 고분군,고령 지산동 고분군(사적 제79호),13,0000790000000,ADDR470000,ADD1478300,830181.0,,,,,,,,,128.25731652297557,35.7219705437432
1102623,18000310000000037,,HE0000153875,영주 해우당 고택 및 유물 일괄,영주 해우당 고택 및 유물 일괄(국가민속문화유산 제310호),18,0003100000000,ADDR470000,ADD1472100,1243.0,,,,,,,,,128.6210001242673,36.73261932670753
1102184,13000010000000011,서울특별시,,서울 한양도성,서울 한양도성(사적제10호),13,0000100000000,ADDR110000,ADD1111100,639920.58,,,,,,,,,126.98590455610116,37.578287071633945
1102410,13000514000000038,,,창녕 교동과 송현동 고분군,창녕 교동과 송현동 고분군(사적 제514호),13,0005140000000,ADDR480000,ADD1487400,456998.0,,,,,,,,,128.50342201953285,35.54668228124145
1102571,16000423000000050,,HE0000148934,마라도 천연보호구역,마라도 천연보호구역(천연기념물 제423호),16,0004230000000,ADDR500000,ADD1501300,5741597.0,,,,,,,,,126.26710127372228,33.116779477763465
1102370,16000416000000032,,HE0000148519,태백 장성 오르도비스기 화석산지,태백 장성 오르도비스기 화석산지(천연기념물 제416호),16,0004160000000,ADDR510000,ADD1511900,179483.95,,,,,,,,,129.01343716533788,37.10056427429962
1102641,18000306000000038,,HE0000153881,하동 칠불사 아자방 온돌,하동 칠불사 아자방 온돌(국가민속문화유산 제306호),18,0003060000000,ADDR480000,ADD1488500,468.0,,,,,,,,,127.6085817346496,35.282812955124314
1102519,13000568000020031,,HE0000153795,제2로 직봉 - 용인 석성산 봉수 유적,제2로 직봉 - 용인 석성산 봉수 유적(사적 제568-2호),13,0005680000002,ADDR410000,ADD1414600,7334.0,,,,,,,,,127.17303572355453,37.271139577804114
1102645,13000314000000031,,,광주 조선백자 요지,광주 조선백자 요지(사적 제31400호),13,31400000,ADDR410000,ADD1416100,373756.0,,,,,,,,,127.31219226012725,37.42387973563027
1102632,13000428000000034,,HE0000146037,부여 관북리 유적,부여 관북리 유적(사적 제428호),13,0004280000000,ADDR440000,ADD1447600,252104.0,,,,,,,,,126.91680430722863,36.28551710443577
1102331,15000119000000036,,HE0000153723,장흥 천관산,장흥 천관산(명승 제119호),15,0001190000000,ADDR460000,ADD1468000,,,,,,,,,,126.91399805977507,34.53249654162412
1102376,15000124000000037,경상북도,,칠곡 가산바위,칠곡 가산바위(명승제124호),15,0001240000000,ADDR470000,ADD1478500,250000.0,,,,,,,,,128.57197767615315,36.03776736526933
1102323,12002108000000037,경상북도,,문경 봉암사 마애미륵여래좌상,문경 봉암사 마애미륵여래좌상(보물제2108호),12,0021080000000,ADDR470000,ADD1472800,321.36,,,,,,,,,128.00109090752017,36.70245178124167
1102367,13000231000000034,충청남도,,홍성 홍주읍성,홍성 홍주읍성(사적제231호),13,0002310000000,ADDR440000,ADD1448000,110991.5,,,,,,,,,126.66299841148822,36.60208952683036
1102385,12002031000000035,전라북도,,고창 선운사 참당암 석조지장보살좌상,고창 선운사 참당암 석조지장보살좌상(보물제2031호),12,0020310000000,ADDR520000,ADD1527900,56.1,,,,,,,,,126.56397566282091,35.49305996968513
1102389,15000125000000037,,HE0000153732,포항 보경사 내연산 폭포,포항 보경사 내연산 폭포(명승 제125호),15,0001250000000,ADDR470000,ADD1471100,,,,,,,,,,129.30418935535525,36.259545675010635
1102399,12002152000000022,,HE0000153741,대구 경상감영 선화당,대구 경상감영 선화당(보물 제2152호),12,0021520000000,ADDR270000,ADD1271100,,,,,,,,,,128.59219767185638,35.87206722026151
1102391,16000567000000037,,HE0000153734,영양 송하리 졸참나무와 당숲,영양 송하리 졸참나무와 당숲(천연기념물 제567호),16,0005670000000,ADDR470000,ADD1477600,,,,,,,,,,129.19720707524556,36.69926793888151
1102398,12002151000000011,,HE0000153740,종친부 경근당과 옥첩당,종친부 경근당과 옥첩당(보물 제2151호),12,0021510000000,ADDR110000,ADD1111100,,,,,,,,,,126.98131518328961,37.57897864374398
1102541,13000571000000035,,HE0000153815,장수 침령산성,장수 침령산성(사적 제571호),13,0005710000000,ADDR520000,ADD1527400,29150.0,,,,,,,,,127.55524553602466,35.728189774996395
2045,15000115000000036,전라남도,,강진 백운동 원림,강진 백운동 원림(명승제115호),15,0001150000000,ADDR460000,ADD1468100,69100.0,,,,,,,,,126.69941111723924,34.74169958575236
2014,13000534000000032,강원도,,영월부 관아,영월부 관아(사적제534호),13,0005340000000,ADDR510000,ADD1517500,5101.0,,,,,,,,,128.4708075587025,37.18372911851347
1988,12001976000000034,충청남도,,서산 명종대왕 태실 및 비,서산 명종대왕 태실 및 비(보물제1976호),12,0019760000000,ADDR440000,ADD1442100,625.0,,,,,,,,,126.57854868610183,36.77919182240219
2052,12000127000000037,경상북도,,경주 삼랑사지 당간지주,경주 삼랑사지 당간지주(보물제127호),12,0001270000000,ADDR470000,ADD1471300,6195.0,,,,,,,,,129.20194179330943,35.84571510081744
2054,13000435000000034,충청남도,,부여 금강사지,부여 금강사지(사적제435호),13,0004350000000,ADDR440000,ADD1447600,38844.0,,,,,,,,,126.85790712128714,36.340857948017614
2049,13000548000000037,경상북도,,경주 분황사지,경주 분황사지(사적제548호),13,0005480000000,ADDR470000,ADD1471300,28703.0,,,,,,,,,129.2335052603789,35.84076864583818
2050,13000549000000037,경상북도,,경주 구황동 원지 유적 일원,경주 구황동 원지 유적 일원(사적제549호),13,0005490000000,ADDR470000,ADD1471300,29259.0,,,,,,,,,129.23549154012747,35.84079046835386
1102177,16000474000000038,경상남도,,사천 아두섬 공룡 화석산지,사천 아두섬 공룡 화석산지(천연기념물 제474호),16,0004740000000,ADDR480000,ADD1482400,11500.0,,,,,,,,,128.0582690858348,34.90139422058719
1102180,16000019000000050,제주특별자치도,,제주 토끼섬 문주란 자생지,제주 토끼섬 문주란 자생지(천연기념물제19호),16,0000190000000,ADDR500000,ADD1501100,3174.0,,,,,,,,,126.90268854751334,33.52397366804686
1102172,12002055000000035,전라북도,,진안 수선루,진안 수선루(보물제2055호),12,0020550000000,ADDR520000,ADD1527200,676.5,,,,,,,,,127.34431455087106,35.745992242253216
1102207,12002047000000037,경상북도,,김천 방초정,김천 방초정(보물제2047호),12,0020470000000,ADDR470000,ADD1471500,1694.0,,,,,,,,,128.04003218715056,36.02962769269794
1102401,12002154000000031,,HE0000153743,남한산성 연무관,남한산성 연무관(보물 제2154호),12,0021540000000,ADDR410000,ADD1416100,,,,,,,,,,127.18652769609517,37.478463933301704
1102224,13000337000000036,전라남도,,나주읍성,나주읍성(사적제337호),13,0003370000000,ADDR460000,ADD1461700,58982.0,,,,,,,,,126.71746695313202,35.0343854260782
1102295,18000299000000037,경상북도,,안동 영양남씨 남흥재사,안동 영양남씨 남흥재사(국가민속문화유산제299호),18,0002990000000,ADDR470000,ADD1471700,1303.9,,,,,,,,,128.76956207175402,36.5975479313353
1102402,12002155000000031,,HE0000153744,안성 객사 정청,안성 객사 정청(보물 제2155호),12,0021550000000,ADDR410000,ADD1415500,,,,,,,,,,127.32327585280723,37.01505450184836
1102403,12002156000000032,,HE0000153745,강릉 칠사당,강릉 칠사당(보물 제2156호),12,0021560000000,ADDR510000,ADD1511500,,,,,,,,,,128.8918700788415,37.7518837837917
1102404,12002157000000032,,HE0000153746,원주 강원감영 선화당,원주 강원감영 선화당(보물 제2157호),12,0021570000000,ADDR510000,ADD1511300,,,,,,,,,,127.95037340469119,37.34795675243864
1102405,12002158000000038,,HE0000153747,거제 기성관,거제 기성관(보물 제2158호),12,0021580000000,ADDR480000,ADD1483100,,,,,,,,,,128.59119026385702,34.851149768725634
1102206,12002065000000035,전라북도,,고창 선운사 만세루,고창 선운사 만세루(보물제2065호),12,0020650000000,ADDR520000,ADD1527900,343.4,,,,,,,,,126.5782968782176,35.49697311151803
1102178,16000556000000032,강원도,,정선 봉양리 쥐라기 역암,정선 봉양리 쥐라기 역암(천연기념물 제556호),16,0005560000000,ADDR510000,ADD1517700,138668.0,,,,,,,,,128.6440572580538,37.386790185631234
1102192,15000116000000035,전라북도,,부안 직소폭포 일원,부안 직소폭포 일원(명승제116호),15,0001160000000,ADDR520000,ADD1528000,240730.0,,,,,,,,,126.57361093075725,35.63049614556693
1102357,11000264000000037,경상북도,,포항 냉수리 신라비,포항 냉수리 신라비(국보제264호),11,0002640000000,ADDR470000,ADD1471100,443.8,,,,,,,,,129.26306290733183,36.129874654179694
1102388,13000561000000038,,HE0000153731,합천 삼가 고분군,합천 삼가 고분군(사적 제561호),13,0005610000000,ADDR480000,ADD1488900,,,,,,,,,,128.1351148276157,35.41767752101573
1102421,13000299000000031,,HE0000148257,화성 제암리 3·1운동 순국 유적,화성 제암리 3·1운동 순국 유적(사적 제299호),13,0002990000000,ADDR410000,ADD1415900,604.28,,,,,,,,,126.8926256187395,37.12567521508123
1992,12001820000000011,서울특별시,,서울 옥천암 마애보살좌상,서울 옥천암 마애보살좌상(보물제1820호),12,0018200000000,ADDR110000,ADD1114100,,,,,,,,,,126.95354308033275,37.59699755933117
2030,13000135000000034,충청남도,,부여 궁남지,부여 궁남지(사적제135호),13,0001350000000,ADDR440000,ADD1447600,198914.0,,,,,,,,,126.9125774646207,36.269614210379146
1102406,11000008000000034,,HE0000146399,보령 성주사지 대낭혜화상탑비,보령 성주사지 대낭혜화상탑비(국보 제8호),11,0000080000000,ADDR440000,ADD1441800,5.64,,,,,,,,,126.65546901697924,36.34469665634629
1102446,13000470000000037,,,구미 황상동 고분군,구미 황상동 고분군(사적 제470호),13,0004700000000,ADDR470000,ADD1471900,164737.0,,,,,,,,,128.42104674492649,36.11334704720041
1102539,16000334000000034,,HE0000147458,태안 난도 괭이갈매기 번식지,태안 난도 괭이갈매기 번식지(천연기념물 제334호),16,0003340000000,ADDR440000,ADD1448250,46642.38,,,,,,,,,125.82385329285808,36.659870539207006
1102417,16000562000000023,,,인천 장수동 은행나무,인천 장수동 은행나무(천연기념물 제562호),16,0005620000000,ADDR280000,ADD1282000,5386.0,,,,,,,,,126.76968379910214,37.4605023419677
1102609,12002122000000036,,HE0000153866,순천 팔마비,순천 팔마비(보물 제2122호),12,0021220000000,ADDR460000,ADD1461500,1.15,,,,,,,,,127.48379255359123,34.954375335485175
1102537,16000575000000037,,HE0000153814,포항 오도리 주상절리,포항 오도리 주상절리(천연기념물 제575호),16,0005750000000,ADDR470000,ADD1471100,12022.0,,,,,,,,,129.4034569041474,36.15499023101833
1102555,13000572000140034,,HE0000153836,제5로 직봉 - 천안 대학산 봉수 유적,제5로 직봉 - 천안 대학산 봉수 유적(사적 제572-14호),13,0005720000014,ADDR440000,ADD1441300,1140.0,,,,,,,,,127.09697009565285,36.718634972033044
1102584,12002153000000031,,HE0000153742,남한산성 수어장대,남한산성 수어장대(보물 제2153호),12,0021530000000,ADDR410000,ADD1416100,,,,,,,,,,127.17654840818513,37.47986340459628
1102611,12002273000000037,,HE0000153867,포항 분옥정,포항 분옥정(보물 제2273호),12,0022730000000,ADDR470000,ADD1471100,75.6,,,,,,,,,129.16767449063497,36.06877523409122
1102612,12002272000000037,,HE0000153868,포항 용계정,포항 용계정(보물 제2272호),12,0022720000000,ADDR470000,ADD1471100,144.6,,,,,,,,,129.18648896092793,36.166220051718454
1102620,13000119000000038,,,고성 송학동 고분군,고성 송학동 고분군(사적 제119호),13,0001190000000,ADDR480000,ADD1488200,64923.0,,,,,,,,,128.32141802489775,34.981127090687785
1102619,13000512000000037,,,경주 대릉원 일원,경주 대릉원 일원(사적 제512호),13,0005120000000,ADDR470000,ADD1471300,602314.0,,,,,,,,,129.2152696821496,35.837495397232686
2003,13000516000000037,경상북도,,경산 임당동과 조영동 고분군,경산 임당동과 조영동 고분군(사적제516호),13,0005160000000,ADDR470000,ADD1472900,,,,,,,,,,128.75271758261064,35.8424776130391
2010,13000099000000034,충청남도,,부여 쌍북리 요지,부여 쌍북리 요지(사적제99호),13,0000990000000,ADDR440000,ADD1447600,2401.0,,,,,,,,,126.91973062722197,36.280926154839875
1102451,12002184000000037,,HE0000153763,영주 부석사 범종각,영주 부석사 범종각(보물 제2184호),12,0021840000000,ADDR470000,ADD1472100,131.04,,,,,,,,,128.68708380599696,36.99845994014625
1102194,13000326000000038,,HE0000149106,합천 옥전 고분군,합천 옥전 고분군(사적 제326호),13,0003260000000,ADDR480000,ADD1488900,131204.5,,,,,,,,,128.28140646241127,35.5822559087643
1102448,13000153000000026,,,울주 언양읍성,울주 언양읍성(사적 제153호),13,0001530000000,ADDR310000,ADD1317100,90122.0,,,,,,,,,129.12271184379162,35.56767198167334
1102318,12002104000000037,경상북도,,안동 병산서원 만대루,안동 병산서원 만대루(보물제2104호),12,0021040000000,ADDR470000,ADD1471700,76.2,,,,,,,,,128.55269798594816,36.5404195042991
1102554,13000572000130034,,HE0000153835,제5로 직봉 - 논산 노성산 봉수 유적,제5로 직봉 - 논산 노성산 봉수 유적(사적 제572-13호),13,0005720000013,ADDR440000,ADD1442300,4049.0,,,,,,,,,127.12467892572721,36.295201669952505
1102166,12002050000000037,경상북도,,안동 청원루,안동 청원루(보물제2050호),12,0020500000000,ADDR470000,ADD1471700,4152.0,,,,,,,,,128.548754263573,36.57964969328154
1102216,15000117000000036,전라남도,,신안 가거도 섬등반도,신안 가거도 섬등반도(명승제117호),15,0001170000000,ADDR460000,ADD1469100,194430.5,,,,,,,,,125.09011279910212,34.07273804847529
1102476,12002206000000037,,HE0000153790,상주 대산루,상주 대산루(보물 제2206호),12,0022060000000,ADDR470000,ADD1472500,,,,,,,,,,128.061936634807,36.47645128147713
1102452,12002183000000037,,HE0000153764,영주 부석사 안양루,영주 부석사 안양루(보물 제2183호),12,0021830000000,ADDR470000,ADD1472100,85.31,,,,,,,,,128.68743568446882,36.99873309529163
1102453,12002182000000037,,HE0000153765,봉화 청암정,봉화 청암정(보물 제2182호),12,0021820000000,ADDR470000,ADD1479200,102.24,,,,,,,,,128.74197590140375,36.904922804902505
1102475,12002205000000038,,HE0000153789,고성 옥천사 자방루,고성 옥천사 자방루(보물 제2205호),12,0022050000000,ADDR480000,ADD1488200,,,,,,,,,,128.26238139105507,35.080398023938194
1102477,12002207000000031,,HE0000153791,성남 봉국사 대광명전,성남 봉국사 대광명전(보물 제2207호),12,0022070000000,ADDR410000,ADD1411300,,,,,,,,,,127.13503894184102,37.450842138935506
1102179,16000557000000032,강원도,,정선 화암동굴,정선 화암동굴(천연기념물제557호),16,0005570000000,ADDR510000,ADD1517700,370595.0,,,,,,,,,128.79356831146484,37.35090204543624
1102226,16000560000000036,전라남도,,담양 태목리 대나무 군락,담양 태목리 대나무 군락(천연기념물제560호),16,0005600000000,ADDR460000,ADD1467100,113206.0,,,,,,,,,126.89733513839496,35.25460252137203
1102408,16000568000000032,,HE0000153748,정선 봉양리 뽕나무,정선 봉양리 뽕나무(천연기념물 제568호),16,0005680000000,ADDR510000,ADD1517700,2915.0,,,,,,,,,128.6611350830986,37.37976486184189
1102574,11000344000000038,,HE0000153840,밀양 영남루,밀양 영남루(국보 제344호),11,0003440000000,ADDR480000,ADD1482700,693.6,,,,,,,,,128.7550566133678,35.491511720562215
1102586,13000092000000035,,HE0000147245,익산 오금산성,익산 오금산성(사적 제92호),13,0000920000000,ADDR520000,ADD1521400,62415.58,,,,,,,,,127.03737260922549,35.99239991049627
1102648,16000582000000050,,HE0000153883,한라산 모세왓 유문암질 각력암 지대,한라산 모세왓 유문암질 각력암 지대(천연기념물 제582호),16,05820000,ADDR500000,ADD1501300,403912.0,,,,,,,,,126.5218196682863,33.35094482521683
1102636,13000468000000031,,HE0000143730,연천 당포성,연천 당포성(사적 제468호),13,0004680000000,ADDR410000,ADD1418000,22906.0,,,,,,,,,126.98485631786373,38.02393989290329
1102516,12000189000000037,,HE0000148352,칠곡 송림사 오층전탑,칠곡 송림사 오층전탑(보물 제189호),12,0001890000000,ADDR470000,ADD1478500,,,,,,,,,,128.5776060026949,35.98214959315441
1102500,13000568000100037,,HE0000153804,제2로 직봉 - 영천 성황당 봉수 유적,제2로 직봉 - 영천 성황당 봉수 유적(사적 제568-10호),13,0005680000010,ADDR470000,ADD1472300,4723.0,,,,,,,,,128.89605419685864,35.95840707643017
1102565,13000572000030036,,HE0000153825,제5로 직봉 - 고흥 장기산 봉수 유적,제5로 직봉 - 고흥 장기산 봉수 유적(사적 제572-3호),13,0005720000003,ADDR460000,ADD1467700,1465.0,,,,,,,,,127.13314780607178,34.558177189683825
1102566,13000572000040036,,HE0000153826,제5로 직봉 - 장흥 전일산 봉수 유적,제5로 직봉 - 장흥 전일산 봉수 유적(사적 제572-4호),13,0005720000004,ADDR460000,ADD1468000,600.0,,,,,,,,,127.03399531647324,34.66013274901864
1102643,16000558000000037,,,문경 장수황씨 종택 탱자나무,문경 장수황씨 종택 탱자나무(천연기념물 제558호),16,0005580000000,ADDR470000,ADD1472800,4073.0,,,,,,,,,128.26070937600065,36.66321120892148
1102618,12002274000000037,,HE0000153870,포항 보경사 오층석탑,포항 보경사 오층석탑(보물 제2274호),12,0022740000000,ADDR470000,ADD1471100,4.15,,,,,,,,,129.31784838568973,36.25214190430035
1102517,12002202000000037,,HE0000153786,문경 봉암사 봉황문,문경 봉암사 봉황문(보물 제2202호),12,0022020000000,ADDR470000,ADD1472800,,,,,,,,,,128.00844238478246,36.69862762873375
1102496,13000568000060033,,HE0000153800,제2로 직봉 - 충주 마산 봉수 유적,제2로 직봉 - 충주 마산 봉수 유적(사적 제568-6호),13,0005680000006,ADDR430000,ADD1431300,4531.0,,,,,,,,,127.82624161598704,36.97125195183586
1102568,13000572000020036,,HE0000153824,제5로 직봉 - 고흥 마북산 봉수 유적,제5로 직봉 - 고흥 마북산 봉수 유적(사적 제572-2호),13,0005720000002,ADDR460000,ADD1467700,990.0,,,,,,,,,127.38622858291666,34.53731240882282
1102544,16000576000000035,,HE0000153816,부안 위도 진리 대월습곡,부안 위도 진리 대월습곡(천연기념물 제576호),16,0005760000000,ADDR520000,ADD1528000,13335.0,,,,,,,,,126.27396227171796,35.60687836842902
1102542,18000130000000031,,HE0000148545,남양주 궁집,남양주 궁집(국가민속문화유산 제130호),18,0001300000000,ADDR410000,ADD1413600,2817.66,,,,,,,,,127.2306543286461,37.644583530599476
1102522,16000419000000023,,,강화 갯벌 및 저어새 번식지,강화 갯벌 및 저어새 번식지(천연기념물 제419호),16,0004190000000,ADDR280000,ADD1287100,435067696.0,,,,,,,,,126.3206610308278,37.67315141538612
1102540,13000568000140026,,HE0000153808,제2로 직봉 - 울산 부로산 봉수 유적,제2로 직봉 - 울산 부로산 봉수 유적(사적 제568-14호),13,0005680000014,ADDR310000,ADD1317100,461.0,,,,,,,,,129.1024735594108,35.55721583965064
1102547,12002237000000036,,HE0000153817,순천 송광사 조계문,순천 송광사 조계문(보물 제2237호),12,0022370000000,ADDR460000,ADD1461500,44.3,,,,,,,,,127.27492042389709,35.00217157560129
1102548,12002236000000022,,HE0000153818,달성 용연사 자운문,달성 용연사 자운문(보물 제2236호),12,0022360000000,ADDR270000,ADD1277100,49.1,,,,,,,,,128.5182299500592,35.74776136986876
1102549,12002235000000038,,HE0000153819,하동 쌍계사 일주문,하동 쌍계사 일주문(보물 제2235호),12,0022350000000,ADDR480000,ADD1488500,64.1,,,,,,,,,127.64917435114131,35.23217977930045
1102550,12002234000000036,,HE0000153820,곡성 태안사 일주문,곡성 태안사 일주문(보물 제2234호),12,0022340000000,ADDR460000,ADD1467200,48.0,,,,,,,,,127.38665700563523,35.13111279726308
1102551,12002233000000038,,HE0000153821,함양 용추사 일주문,함양 용추사 일주문(보물 제2233호),12,0022330000000,ADDR480000,ADD1488700,73.0,,,,,,,,,127.76580200376576,35.68393087197838
1102552,12002232000000038,,HE0000153822,합천 해인사 홍하문,합천 해인사 홍하문(보물 제2232호),12,0022320000000,ADDR480000,ADD1488900,19.3,,,,,,,,,128.09641323125632,35.8000624502586
1102631,13000005000000034,,,부여 부소산성,부여 부소산성(사적 제5호),13,0000050000000,ADDR440000,ADD1447600,884122.0,,,,,,,,,126.91717762949831,36.28941260849772
1102637,15000141000000036,,HE0000153880,강진 만덕산 백련사와 다산초당 일원,강진 만덕산 백련사와 다산초당 일원(명승 제141호),15,0001410000000,ADDR460000,ADD1468100,448193.0,,,,,,,,,126.74689990670234,34.58375279457086
1102501,13000568000110037,,HE0000153805,제2로 직봉 - 영천 여음동 봉수 유적,제2로 직봉 - 영천 여음동 봉수 유적(사적 제568-11호),13,0005680000011,ADDR470000,ADD1472300,3830.0,,,,,,,,,128.76115030840106,36.05685060961052
1102508,12002208000000035,,HE0000153792,남원 실상사 편운화상탑,남원 실상사 편운화상탑(보물 제2208호),12,0022080000000,ADDR520000,ADD1521900,,,,,,,,,,127.63383648027701,35.41114144412876
1102512,13000554000000038,,,함안 가야리 유적,함안 가야리 유적(사적 제554호),13,0005540000000,ADDR480000,ADD1487300,195008.0,,,,,,,,,128.3906848309728,35.27896123217719
1102515,12002131000000037,,,칠곡 송림사 대웅전,칠곡 송림사 대웅전(보물 제2131호),12,0021310000000,ADDR470000,ADD1478500,4718.52,,,,,,,,,128.57753821240416,35.98240015471616
1102535,18000224000000036,,HE0000143666,여수 연등동 벅수,여수 연등동 벅수(국가민속문화유산 제224호),18,0002240000000,ADDR460000,ADD1461300,0.3,,,,,,,,,127.72792082308382,34.75070963091269
1102604,16000579000000036,,HE0000153860,신안 만재도 주상절리,신안 만재도 주상절리(천연기념물 제579호),16,0005790000000,ADDR460000,ADD1469100,181729.0,,,,,,,,,125.4783932783657,34.20487421373244
1102518,12002204000000022,,HE0000153788,대구 동화사 봉황문,대구 동화사 봉황문(보물 제2204호),12,0022040000000,ADDR270000,ADD1271400,,,,,,,,,,128.7012313899761,35.985944935874834
1102499,13000568000090037,,HE0000153803,제2로 직봉 - 영천 성산 봉수 유적,제2로 직봉 - 영천 성산 봉수 유적(사적 제568-9호),13,0005680000009,ADDR470000,ADD1472300,3711.0,,,,,,,,,128.8369061974377,35.98250700355508
1102640,15000140000000036,,HE0000153872,여수 영취산 흥국사 일원,여수 영취산 흥국사 일원(명승 제140호),15,0001400000000,ADDR460000,ADD1461300,3371398.0,,,,,,,,,127.71097258210605,34.827961657523865
1102578,13000416000000050,,,제주 삼양동 유적,제주 삼양동 유적(사적 제416호),13,0004160000000,ADDR500000,ADD1501100,18362.7,,,,,,,,,126.5876551851951,33.523392557583115
1102526,13000544000000022,,HE0000153719,대구 구암동 고분군,대구 구암동 고분군(사적 제544호),13,0005440000000,ADDR270000,ADD1272300,416666.0,,,,,,,,,128.56357226657178,35.9281090840483
1102502,13000568000120037,,HE0000153806,제2로 직봉 - 의성 계란현 봉수 유적,제2로 직봉 - 의성 계란현 봉수 유적(사적 제568-12호),13,0005680000012,ADDR470000,ADD1477300,3552.0,,,,,,,,,128.71335852607965,36.41022608779588
1102558,13000572000100036,,HE0000153832,제5로 직봉 - 영광 고도도 봉수 유적,제5로 직봉 - 영광 고도도 봉수 유적(사적 제572-10호),13,0005720000010,ADDR460000,ADD1468700,1076.0,,,,,,,,,126.3882710976435,35.31704029005142
1102559,13000572000110035,,HE0000153833,제5로 직봉 - 부안 점방산 봉수 유적,제5로 직봉 - 부안 점방산 봉수 유적(사적 제572-11호),13,0005720000011,ADDR520000,ADD1528000,1358.0,,,,,,,,,126.54270643590147,35.6882726692499
1102560,13000572000120034,,HE0000153834,제5로 직봉 - 논산 황화대 봉수 유적,제5로 직봉 - 논산 황화대 봉수 유적(사적 제572-12호),13,0005720000012,ADDR440000,ADD1442300,1757.0,,,,,,,,,127.07674481003329,36.18953168656633
1102514,13000568000010031,,HE0000153796,제2로 직봉 - 성남 천림산 봉수 유적,제2로 직봉 - 성남 천림산 봉수 유적(사적 제568-100호),13,0005680000100,ADDR410000,ADD1411300,9019.0,,,,,,,,,127.07416924578673,37.42317978024674
1102575,11000343000000032,,HE0000153841,삼척 죽서루,삼척 죽서루(국보 제343호),11,0003430000000,ADDR510000,ADD1512300,,,,,,,,,,129.16054776399793,37.440860492319565
1102576,16000577000000037,,HE0000153842,포항 금광동층 신생대 화석산지,포항 금광동층 신생대 화석산지(천연기념물 제577호),16,0005770000000,ADDR470000,ADD1471100,201199.0,,,,,,,,,129.45031514538857,35.958920863441314
1102536,15000135000000031,,HE0000153813,연천 재인폭포,연천 재인폭포(명승 제135호),15,0001350000000,ADDR410000,ADD1418000,26790.0,,,,,,,,,127.14251375688023,38.07549911009297
